"reviewId","review","score","gender","location","date","sentimiento","review_limpio","topic_dominante","top_palabras","prob_topic_0","prob_topic_1","prob_topic_2","prob_topic_3","prob_topic_4","prob_topic_5","prob_topic_6","prob_topic_7"
7314,"Can't get it to play in the background. Very irritating.",4,"female","Hobart, Australia","2023-09-22","positivo","can t get it to play in the background very irritating",0,"high quality | streaming services | dolby atmos | using tidal | quality audio",0.125,0.125,0.125,0.125,0.125,0.125,0.125,0.125
7326,"The music quality is far superior to Spotify especially if you have the headphones or speakers to appreciate it. However, the app isn't as good and the recommended music is not that helpful",4,"female","Suva, Fiji","2023-09-26","positivo","the music quality is far superior to spotify especially if you have the headphones or speakers to appreciate it however the app isn t as good and the recommended music is not that helpful",3,"then made | spotify then | through day | spotify tidal | streaming platform",0.0179,0.0179,0.0179,0.875,0.0179,0.0179,0.0179,0.0179
7327,"So far equal to Spotify in several important respects, and superior to Spotify in sound quality and corporate ethics. Support of idiot Rogan and the broken promise to upgrade sound prompted me to leave Spotify with 600 saved CD'S and many curated playlists.",4,"female","Guayaquil, Ecuador","2023-08-24","positivo","so far equal to spotify in several important respects and superior to spotify in sound quality and corporate ethics support of idiot rogan and the broken promise to upgrade sound prompted me to leave spotify with saved cd s and many curated playlists",4,"go back | tidal connect | best streaming service | streaming service quality | quality streaming",0.025,0.025,0.025,0.0251,0.8249,0.025,0.025,0.025
7330,"Offline playback is great. There are a few albums missing, but the quality is good. They also notified me well in advance that my trial was expiring. Love the transparency",4,"female","Nadi, Fiji","2023-11-05","positivo","offline playback is great there are a few albums missing but the quality is good they also notified me well in advance that my trial was expiring love the transparency",0,"high quality | streaming services | dolby atmos | using tidal | quality audio",0.5625,0.0625,0.0625,0.0625,0.0625,0.0625,0.0625,0.0625
7333,"I'm already using this apps Tidal for 10 Months and the experience listening music by Tidal never disappointed always giving high quality music but there's make me a bit disappointed , Tidal Music Apps needed to put translation lyrics feature for all music tracks. I'm a big fan listening Korean Genre music but always had a problem with the lyrics with Korean Language and has No translation feature. I really want Tidal to put this feature for next update and I know all user must has same thought.",4,"female","Brisbane, Australia","2023-11-28","positivo","i m already using this apps tidal for months and the experience listening music by tidal never disappointed always giving high quality music but there s make me a bit disappointed tidal music apps needed to put translation lyrics feature for all music tracks i m a big fan listening korean genre music but always had a problem with the lyrics with korean language and has no translation feature i really want tidal to put this feature for next update and i know all user must has same thought",0,"high quality | streaming services | dolby atmos | using tidal | quality audio",0.9204,0.0114,0.0114,0.0114,0.0114,0.0114,0.0114,0.0114
7336,"Can't add a different album to queue. There is an option for play next, but it's not the same as a true queue. What that does is it plays the album right after the track I'm listening to, instead of adding it to the end of the album I'm listening to.",4,"female","Suva, Fiji","2023-10-17","positivo","can t add a different album to queue there is an option for play next but it s not the same as a true queue what that does is it plays the album right after the track i m listening to instead of adding it to the end of the album i m listening to",7,"actually pay | slows things down | support artists | android auto | awesome selection",0.0625,0.0625,0.0625,0.0625,0.0625,0.0625,0.0625,0.5625
7342,"Bit jank but the audio quality is well worth it",4,"female","Gold Coast, Australia","2023-11-05","positivo","bit jank but the audio quality is well worth it",6,"pay artists | audio quality | hi fi | worth money | spotify any day",0.0313,0.0313,0.0313,0.0313,0.0313,0.0313,0.7812,0.0313
7357,"The app stop playing and wouldn't start so I Uninstalled it and now it won't let me download the app.",4,"female","Bogotá, Colombia","2023-08-28","positivo","the app stop playing and wouldn t start so i uninstalled it and now it won t let me download the app",2,"best quality | tidal spotify | gets frustrating while | having same | switched spotify",0.0625,0.0625,0.5624,0.0625,0.0625,0.0626,0.0625,0.0625
7377,"Best paid music options so far. App works well and allows downloads of playlists over wifi for offline use. Music suggestions or built playlists are an area that still needs improvement in my opinion for all services I have tried. Tidal is no exception. Would rate five stars if this was better!",4,"female","Perth, Australia","2023-10-16","positivo","best paid music options so far app works well and allows downloads of playlists over wifi for offline use music suggestions or built playlists are an area that still needs improvement in my opinion for all services i have tried tidal is no exception would rate five stars if this was better",2,"best quality | tidal spotify | gets frustrating while | having same | switched spotify",0.0208,0.0208,0.8542,0.0208,0.0208,0.0208,0.0208,0.0208
7378,"Good and simple. Could use a daily mix sort of feature but the song and artist radios do recommend a good range of music always relative to what you're fixing to hear",4,"female","Quito, Ecuador","2023-08-21","positivo","good and simple could use a daily mix sort of feature but the song and artist radios do recommend a good range of music always relative to what you re fixing to hear",0,"high quality | streaming services | dolby atmos | using tidal | quality audio",0.7083,0.0417,0.0417,0.0417,0.0417,0.0417,0.0417,0.0417
7388,"The app is cool it just crashes often.",4,"female","Lima, Peru","2023-07-27","positivo","the app is cool it just crashes often",0,"high quality | streaming services | dolby atmos | using tidal | quality audio",0.125,0.125,0.125,0.125,0.125,0.125,0.125,0.125
7392,"its a great app to use and listen music to but adding a sleep timer would be a game changer.",4,"female","Brisbane, Australia","2024-01-02","positivo","its a great app to use and listen music to but adding a sleep timer would be a game changer",1,"better spotify | master quality | about seconds | spotify where | back spotify",0.0417,0.7082,0.0417,0.0417,0.0417,0.0418,0.0417,0.0417
7400,"Love tidal . But recently last few weeks, some songs from my playlists have gone into a dark mode meaning supposedly the artist have taken there music away from tidal for some strange reason 🤔 I think it BS. Plus some playlist or songs skipping every 20secs or so ,sounds like a cd skipping, I cleared my cache too, still happens .guessing need updating ASAP. After downloading offline playlist on my phone it shud be the same on my laptop 💻 any way to do that cheers",4,"female","Christchurch, New Zealand","2023-12-28","positivo","love tidal but recently last few weeks some songs from my playlists have gone into a dark mode meaning supposedly the artist have taken there music away from tidal for some strange reason i think it bs plus some playlist or songs skipping every secs or so sounds like a cd skipping i cleared my cache too still happens guessing need updating asap after downloading offline playlist on my phone it shud be the same on my laptop any way to do that cheers",4,"go back | tidal connect | best streaming service | streaming service quality | quality streaming",0.0156,0.0156,0.0156,0.0156,0.8906,0.0156,0.0156,0.0156
7403,"It's a good app but the only problem that I am having I don't know if anyone else is having the same issue, the music pauses lots when it's playing.",4,"female","Lima, Peru","2023-09-19","positivo","it s a good app but the only problem that i am having i don t know if anyone else is having the same issue the music pauses lots when it s playing",2,"best quality | tidal spotify | gets frustrating while | having same | switched spotify",0.025,0.025,0.825,0.025,0.025,0.025,0.025,0.025
7408,"Please PLEASE add a quick scroll for finding albums. We all have a lot of albums more than likely. Navigation tools are extremely important and that is likely enough to push me back to Spotify whenever they offer lossless playback. UI is the game.",4,"female","Brisbane, Australia","2023-11-20","positivo","please please add a quick scroll for finding albums we all have a lot of albums more than likely navigation tools are extremely important and that is likely enough to push me back to spotify whenever they offer lossless playback ui is the game",1,"better spotify | master quality | about seconds | spotify where | back spotify",0.0625,0.5625,0.0625,0.0625,0.0625,0.0625,0.0625,0.0625
7448,"The interface is intuitive and easy to use. I also like the visual design. I appreciate that you can access detailed information about artists and albums from within the app. There's also lyrics for most songs. I have two main gripes. You can't use one device to control another like listen on your PC and skip songs using your phone. Also, some artists that I like are not on the platform (Rammstein being the main one) and some lesser known artists' pages don't even have cover photos.",4,"female","Auckland, New Zealand","2024-01-08","positivo","the interface is intuitive and easy to use i also like the visual design i appreciate that you can access detailed information about artists and albums from within the app there s also lyrics for most songs i have two main gripes you can t use one device to control another like listen on your pc and skip songs using your phone also some artists that i like are not on the platform rammstein being the main one and some lesser known artists pages don t even have cover photos",5,"actually pay artists | spotify premium | less enjoyable | search find need | quality difference",0.0209,0.0208,0.0208,0.0208,0.0208,0.8541,0.0208,0.0208
7450,"I prefer this app over spotify my only complaint is the search function kinda isn't the best",4,"female","Perth, Australia","2024-01-13","positivo","i prefer this app over spotify my only complaint is the search function kinda isn t the best",3,"then made | spotify then | through day | spotify tidal | streaming platform",0.0313,0.0313,0.0313,0.7811,0.0313,0.0313,0.0314,0.0313
7455,"Trying this again. Let's see how it goes.. will update with positive or negative",4,"female","Nadi, Fiji","2023-11-01","positivo","trying this again let s see how it goes will update with positive or negative",0,"high quality | streaming services | dolby atmos | using tidal | quality audio",0.125,0.125,0.125,0.125,0.125,0.125,0.125,0.125
7456,"I love the app/sound quality, but the UI could be better for Android. Spotify has it down perfectly. Like when I want to use Android's back button to go from seeing the current song full screen back to seeing the playlist. Instead it exits the playlist while I'm still seeing the song. I'm nitpicking, but the point is the app overall is a little less intuitive in certain ways than Spotify, including the inability to organize songs in my playlist. I prefer Tidal's live lyrics over Spotify's though",4,"female","Queenstown, New Zealand","2023-10-12","positivo","i love the app sound quality but the ui could be better for android spotify has it down perfectly like when i want to use android s back button to go from seeing the current song full screen back to seeing the playlist instead it exits the playlist while i m still seeing the song i m nitpicking but the point is the app overall is a little less intuitive in certain ways than spotify including the inability to organize songs in my playlist i prefer tidal s live lyrics over spotify s though",0,"high quality | streaming services | dolby atmos | using tidal | quality audio",0.8906,0.0156,0.0156,0.0156,0.0156,0.0156,0.0156,0.0157
7457,"It's good app and good service but I would like Alexa support in this region.",4,"female","São Paulo, Brazil","2023-08-27","positivo","it s good app and good service but i would like alexa support in this region",2,"best quality | tidal spotify | gets frustrating while | having same | switched spotify",0.0625,0.0625,0.5625,0.0625,0.0625,0.0625,0.0625,0.0625
7462,"Keeps freezing when i try and listen to any song offline",4,"female","Queenstown, New Zealand","2023-10-04","positivo","keeps freezing when i try and listen to any song offline",0,"high quality | streaming services | dolby atmos | using tidal | quality audio",0.125,0.125,0.125,0.125,0.125,0.125,0.125,0.125
7473,"Always finds what I need",4,"female","Perth, Australia","2023-12-14","positivo","always finds what i need",0,"high quality | streaming services | dolby atmos | using tidal | quality audio",0.125,0.125,0.125,0.125,0.125,0.125,0.125,0.125
7475,"Good app, wish it had more discovery features and it's a shame you can't change the photo for playlists. But it's worth it because I know artists are getting paid more than when I listen on Spotify....",4,"female","Melbourne, Australia","2024-01-07","positivo","good app wish it had more discovery features and it s a shame you can t change the photo for playlists but it s worth it because i know artists are getting paid more than when i listen on spotify",4,"go back | tidal connect | best streaming service | streaming service quality | quality streaming",0.0625,0.0625,0.0625,0.0625,0.5625,0.0625,0.0625,0.0625
7480,"Gotten a lot better since last time I've been here, good work.",4,"female","Nadi, Fiji","2023-12-03","positivo","gotten a lot better since last time i ve been here good work",0,"high quality | streaming services | dolby atmos | using tidal | quality audio",0.7082,0.0417,0.0417,0.0417,0.0417,0.0417,0.0417,0.0418
7512,"A little yard to get out of fullscreen when phone in landscape otherwise does what it should",4,"female","Queenstown, New Zealand","2023-12-11","positivo","a little yard to get out of fullscreen when phone in landscape otherwise does what it should",0,"high quality | streaming services | dolby atmos | using tidal | quality audio",0.125,0.125,0.125,0.125,0.125,0.125,0.125,0.125
7513,"I love the app, just wished it had sleep timer",4,"female","Hobart, Australia","2023-11-13","positivo","i love the app just wished it had sleep timer",5,"actually pay artists | spotify premium | less enjoyable | search find need | quality difference",0.0625,0.0626,0.0625,0.0625,0.0625,0.5624,0.0625,0.0625
7515,"Excellent app, almost everything you could ever want to listen to, excellent audio quality. Oh and Tidal pays artists a fairer deal than most other streaming services, what's not to like 👍",4,"female","Melbourne, Australia","2024-01-07","positivo","excellent app almost everything you could ever want to listen to excellent audio quality oh and tidal pays artists a fairer deal than most other streaming services what s not to like",0,"high quality | streaming services | dolby atmos | using tidal | quality audio",0.9125,0.0125,0.0125,0.0125,0.0125,0.0125,0.0125,0.0125
7529,"Support needs chat feature. Since the last release, my app consistently crashes and is driving me crazy. Right now, it's hard keeping up with emails from to resolve the issue.",4,"female","Perth, Australia","2023-11-07","positivo","support needs chat feature since the last release my app consistently crashes and is driving me crazy right now it s hard keeping up with emails from to resolve the issue",7,"actually pay | slows things down | support artists | android auto | awesome selection",0.0626,0.0625,0.0625,0.0625,0.0625,0.0625,0.0625,0.5624
7531,"Wish it had podcasts too but I found an alternative",4,"female","Adelaide, Australia","2023-10-15","positivo","wish it had podcasts too but i found an alternative",0,"high quality | streaming services | dolby atmos | using tidal | quality audio",0.125,0.125,0.125,0.125,0.125,0.125,0.125,0.125
7533,"Tidal is good sounds good but its signs me out all the time kn my android but on my iphone I never get singed out",4,"female","Brasília, Brazil","2023-08-25","positivo","tidal is good sounds good but its signs me out all the time kn my android but on my iphone i never get singed out",0,"high quality | streaming services | dolby atmos | using tidal | quality audio",0.5625,0.0625,0.0625,0.0625,0.0625,0.0625,0.0625,0.0625
7534,"So far the experience on Tidal has been pretty good, and it's had significant improvement over how it was just a year ago. I have noticed that the app refreshes in the background every 5 hours or so and stops my playback. I'm unsure if this is due to android optimizations, but I have not had this issue as frequently as when I used Spotify. Would like to see this fixed if possible. But overall, the experience is much improved.",4,"female","Auckland, New Zealand","2023-10-01","positivo","so far the experience on tidal has been pretty good and it s had significant improvement over how it was just a year ago i have noticed that the app refreshes in the background every hours or so and stops my playback i m unsure if this is due to android optimizations but i have not had this issue as frequently as when i used spotify would like to see this fixed if possible but overall the experience is much improved",7,"actually pay | slows things down | support artists | android auto | awesome selection",0.0208,0.0208,0.0208,0.0208,0.0208,0.0208,0.0208,0.8541
7539,"Love having CD quality music! UI needs some user friendly updates and thumbnails in playlists.",4,"female","Cali, Colombia","2023-08-11","positivo","love having cd quality music ui needs some user friendly updates and thumbnails in playlists",1,"better spotify | master quality | about seconds | spotify where | back spotify",0.0313,0.5312,0.0313,0.0313,0.0313,0.0313,0.0313,0.2812
7546,"Only thing missing is controlling laptop via phone or vice versa like Spotify does",4,"female","Port Moresby, Papua New Guinea","2023-12-05","positivo","only thing missing is controlling laptop via phone or vice versa like spotify does",1,"better spotify | master quality | about seconds | spotify where | back spotify",0.0417,0.7083,0.0417,0.0417,0.0417,0.0417,0.0417,0.0417
7552,"Great sound, album credits, all good stuff, but many artists sharing the same name are incorrectly grouped together",4,"female","Adelaide, Australia","2024-01-05","positivo","great sound album credits all good stuff but many artists sharing the same name are incorrectly grouped together",2,"best quality | tidal spotify | gets frustrating while | having same | switched spotify",0.0625,0.0625,0.5625,0.0625,0.0625,0.0625,0.0625,0.0625
7555,"Love it! But there are some huge hit video's missing! Like: ""The Original - I Luv You Baby!"" How can we get these added?",4,"female","Sydney, Australia","2023-10-02","positivo","love it but there are some huge hit video s missing like the original i luv you baby how can we get these added",0,"high quality | streaming services | dolby atmos | using tidal | quality audio",0.125,0.125,0.125,0.125,0.125,0.125,0.125,0.125
7558,"Good layout, no real complaints, but for some reason it won't play certain songs",4,"female","Rosario, Argentina","2023-09-13","positivo","good layout no real complaints but for some reason it won t play certain songs",7,"actually pay | slows things down | support artists | android auto | awesome selection",0.0625,0.0625,0.0625,0.0625,0.0625,0.0625,0.0625,0.5625
7582,"Would be happier with access to personal Tidal playlists on the phone without having to make profile and being tricked to publish them! Yes, there is checkbox for optional publishing which I've initially overlooked. Currently only one of my playlists is available in Recently Played and I thought I've stuck with that. There were some randomly stopped playbacks recently but only for a day or two. Otherwise I'm very pleased with this app and hifi sound quality.",4,"female","Brasília, Brazil","2023-08-14","positivo","would be happier with access to personal tidal playlists on the phone without having to make profile and being tricked to publish them yes there is checkbox for optional publishing which i ve initially overlooked currently only one of my playlists is available in recently played and i thought i ve stuck with that there were some randomly stopped playbacks recently but only for a day or two otherwise i m very pleased with this app and hifi sound quality",1,"better spotify | master quality | about seconds | spotify where | back spotify",0.025,0.825,0.025,0.025,0.025,0.025,0.025,0.025
7585,"Using it for years now and it is ok, generally speaking. I have a payed HIFI Family subscription.",4,"female","Christchurch, New Zealand","2023-10-13","positivo","using it for years now and it is ok generally speaking i have a payed hifi family subscription",3,"then made | spotify then | through day | spotify tidal | streaming platform",0.0417,0.0417,0.0417,0.7083,0.0417,0.0417,0.0417,0.0417
7587,"Recently within the last 2 weeks while using in 2024 jeep grand cherokee on Uconnect radio. Thru android car play it will play 1 or 2 songs from play list then stop when I go to app it says error check connection and try again if I hit the arrow to go to next song it will play fine and then the next song then it stops and I get the same message. None of my other streaming apps do this . I can listen to audio books no issue Google maps no issue . I don't get it. Anyone else having an issue?",4,"female","Canberra, Australia","2024-01-04","positivo","recently within the last weeks while using in jeep grand cherokee on uconnect radio thru android car play it will play or songs from play list then stop when i go to app it says error check connection and try again if i hit the arrow to go to next song it will play fine and then the next song then it stops and i get the same message none of my other streaming apps do this i can listen to audio books no issue google maps no issue i don t get it anyone else having an issue",2,"best quality | tidal spotify | gets frustrating while | having same | switched spotify",0.0139,0.0139,0.9027,0.0139,0.0139,0.0139,0.0139,0.0139
7597,"Pretty good experience all in all",4,"female","Christchurch, New Zealand","2023-10-22","positivo","pretty good experience all in all",0,"high quality | streaming services | dolby atmos | using tidal | quality audio",0.125,0.125,0.125,0.125,0.125,0.125,0.125,0.125
7603,"Więkoszosci piosenek innych artystów są albo zablokowane albo ich po prostu nie ma ://",4,"female","Valparaíso, Chile","2023-09-11","positivo","więkoszosci piosenek innych artystów są albo zablokowane albo ich po prostu nie ma",0,"high quality | streaming services | dolby atmos | using tidal | quality audio",0.125,0.125,0.125,0.125,0.125,0.125,0.125,0.125
7611,"Better than that misinformation in spotify, give it a try!",4,"female","Christchurch, New Zealand","2023-12-15","positivo","better than that misinformation in spotify give it a try",0,"high quality | streaming services | dolby atmos | using tidal | quality audio",0.125,0.125,0.125,0.125,0.125,0.125,0.125,0.125
7616,"Great app, but the block track button disappeared with this new update and still there's no gapless playback or sleep timer!",4,"female","Valparaíso, Chile","2023-08-24","positivo","great app but the block track button disappeared with this new update and still there s no gapless playback or sleep timer",5,"actually pay artists | spotify premium | less enjoyable | search find need | quality difference",0.0417,0.0417,0.0417,0.0417,0.0417,0.7083,0.0417,0.0417
7635,"Pretty good, only thing I prefer from Spotify is that there you can filter with genres in your track list. So i could just click on the RnB tab and have all the saved RnB songs on my track list play. Would love that here.",4,"female","Montevideo, Uruguay","2023-08-10","positivo","pretty good only thing i prefer from spotify is that there you can filter with genres in your track list so i could just click on the rnb tab and have all the saved rnb songs on my track list play would love that here",3,"then made | spotify then | through day | spotify tidal | streaming platform",0.0417,0.0417,0.0417,0.7083,0.0417,0.0417,0.0417,0.0417
7638,"For those who appreciate depth in their music.",4,"female","Perth, Australia","2023-12-13","positivo","for those who appreciate depth in their music",6,"pay artists | audio quality | hi fi | worth money | spotify any day",0.0313,0.0313,0.0313,0.0313,0.0313,0.0313,0.7812,0.0313
7644,"Fastforward to 2022: Because of the racist ways Spotify was supporting. I jumped ship and will pay the 19.99 to join Tidal. love the high fi play back. however 19.99/month should get me STOCK in the company. not competitive pricing. artists get paid the same so idk...",4,"female","Adelaide, Australia","2023-12-23","positivo","fastforward to because of the racist ways spotify was supporting i jumped ship and will pay the to join tidal love the high fi play back however month should get me stock in the company not competitive pricing artists get paid the same so idk",7,"actually pay | slows things down | support artists | android auto | awesome selection",0.0209,0.0208,0.0208,0.0208,0.0208,0.0208,0.0208,0.8541
7658,"Great app, fond of sound quality. However dissapointed with SONOS integration, very sticky in trying to push music from Tidal app onto SONOS devices, seems to have gotten worse since last update. Curiously works fine on this same mobile device pushing from Spotify to SONOS. Please resolve....",4,"female","Córdoba, Argentina","2023-08-12","positivo","great app fond of sound quality however dissapointed with sonos integration very sticky in trying to push music from tidal app onto sonos devices seems to have gotten worse since last update curiously works fine on this same mobile device pushing from spotify to sonos please resolve",7,"actually pay | slows things down | support artists | android auto | awesome selection",0.025,0.025,0.025,0.025,0.025,0.025,0.0251,0.8249
7664,"Great App with Excellent Quality, although lyrics aren't available on Dolby Atmos or 360 versions, why is that? (Can it be fixed, thanks!) Also it becomes slower and starts lagging when in the main player tab.",4,"female","Rio de Janeiro, Brazil","2023-08-11","positivo","great app with excellent quality although lyrics aren t available on dolby atmos or versions why is that can it be fixed thanks also it becomes slower and starts lagging when in the main player tab",0,"high quality | streaming services | dolby atmos | using tidal | quality audio",0.8541,0.0208,0.0208,0.0208,0.0208,0.0208,0.0208,0.0208
7666,"Love this music app",4,"female","Perth, Australia","2024-01-14","positivo","love this music app",0,"high quality | streaming services | dolby atmos | using tidal | quality audio",0.125,0.125,0.125,0.125,0.125,0.125,0.125,0.125
7672,"I like the quality sound experience. One star less because some albums can't stream on few devices. Hate to unplayeable some tracks after appears first weeks on my playlist.",4,"female","Valparaíso, Chile","2023-09-01","positivo","i like the quality sound experience one star less because some albums can t stream on few devices hate to unplayeable some tracks after appears first weeks on my playlist",0,"high quality | streaming services | dolby atmos | using tidal | quality audio",0.125,0.125,0.125,0.125,0.125,0.125,0.125,0.125
7680,"It way better than other apps but they play add in the middle of your song with kinda sucks",4,"female","Quito, Ecuador","2023-09-16","positivo","it way better than other apps but they play add in the middle of your song with kinda sucks",5,"actually pay artists | spotify premium | less enjoyable | search find need | quality difference",0.0625,0.0625,0.0625,0.0625,0.0625,0.5625,0.0625,0.0625
7683,"I've been using TIDAL for years now and really like it. Being able to create track radio stations and watch videos are probably my favorite features by far. However, I decided to cancel my subscription because they started billing me 10-15 days earlier than usual without notifying me first. I'll miss all my playlists and radio stations, but will try something new now. Overall, I would recommend tidal to those looking for a music streaming service but there may be better options out there.",4,"female","Cali, Colombia","2023-09-20","positivo","i ve been using tidal for years now and really like it being able to create track radio stations and watch videos are probably my favorite features by far however i decided to cancel my subscription because they started billing me days earlier than usual without notifying me first i ll miss all my playlists and radio stations but will try something new now overall i would recommend tidal to those looking for a music streaming service but there may be better options out there",0,"high quality | streaming services | dolby atmos | using tidal | quality audio",0.927,0.0104,0.0104,0.0104,0.0105,0.0104,0.0104,0.0104
7685,"wish it had cross platform control and last.fm scrobbling i really like it, superb audio quality i just have those two problems with it",4,"female","Quito, Ecuador","2023-08-14","positivo","wish it had cross platform control and last fm scrobbling i really like it superb audio quality i just have those two problems with it",6,"pay artists | audio quality | hi fi | worth money | spotify any day",0.0417,0.0417,0.0417,0.0417,0.0417,0.0417,0.7083,0.0417
7687,"Overall a generally great app. There could be a few minor tweeks to the user interface that could be an improvement. For instance ""My Mix"" you're left to guessing what genre of music that is. In discovery listening it would be nice to add artist, add track, add album from the now playing screen menu. It would be nice to view as lists, thumbnails, etc saved albums.",4,"female","Valparaíso, Chile","2023-09-01","positivo","overall a generally great app there could be a few minor tweeks to the user interface that could be an improvement for instance my mix you re left to guessing what genre of music that is in discovery listening it would be nice to add artist add track add album from the now playing screen menu it would be nice to view as lists thumbnails etc saved albums",3,"then made | spotify then | through day | spotify tidal | streaming platform",0.0208,0.0208,0.0209,0.8541,0.0208,0.0208,0.0208,0.0209
7688,"It keeps cutting off in the app. Cleared cache, forced stopped, tried Wifi and mobile connection. You can't listen to music if it cuts off all the time!! Update after receiving help from the customer service app is fully functional. It took some time, but it works as advertised. Thanks",4,"female","Suva, Fiji","2023-12-15","positivo","it keeps cutting off in the app cleared cache forced stopped tried wifi and mobile connection you can t listen to music if it cuts off all the time update after receiving help from the customer service app is fully functional it took some time but it works as advertised thanks",7,"actually pay | slows things down | support artists | android auto | awesome selection",0.0417,0.0417,0.0417,0.0417,0.0417,0.0417,0.0417,0.7082
7693,"Tidal pays there musicians roughly 10 cents per 1000 streams of a song compared to the 3 cents that spotify provides. The only thing preventing me from giving 5 stars is I can't have a more personalized Playlist experience. Would love to have custom images for my playlists.",4,"female","Auckland, New Zealand","2023-12-29","positivo","tidal pays there musicians roughly cents per streams of a song compared to the cents that spotify provides the only thing preventing me from giving stars is i can t have a more personalized playlist experience would love to have custom images for my playlists",0,"high quality | streaming services | dolby atmos | using tidal | quality audio",0.5625,0.0625,0.0625,0.0625,0.0625,0.0625,0.0625,0.0625
7710,"Some songs are not available offline for some reason",4,"female","Port Moresby, Papua New Guinea","2023-11-28","positivo","some songs are not available offline for some reason",3,"then made | spotify then | through day | spotify tidal | streaming platform",0.0625,0.0625,0.0625,0.5625,0.0625,0.0625,0.0625,0.0625
7716,"If you're using Google Fi, you have to remove your SIM card in order to log in, so I can't give this app five stars, but other than that, it's excellent.",4,"female","Suva, Fiji","2023-10-13","positivo","if you re using google fi you have to remove your sim card in order to log in so i can t give this app five stars but other than that it s excellent",0,"high quality | streaming services | dolby atmos | using tidal | quality audio",0.8906,0.0156,0.0156,0.0156,0.0156,0.0156,0.0156,0.0156
7726,"Dope sounding music. Please develop crossfade functionality for Android!",4,"female","Suva, Fiji","2023-10-13","positivo","dope sounding music please develop crossfade functionality for android",0,"high quality | streaming services | dolby atmos | using tidal | quality audio",0.125,0.125,0.125,0.125,0.125,0.125,0.125,0.125
7737,"Would be great if the app on Android auto and apple carplay would remember the last song playing. As when I disconnect my phone and plug it back in even a minute later it doesn't remember the song, it also doesnt keep my shuffle play on. It resets all the settings basically.",4,"female","Port Moresby, Papua New Guinea","2023-09-20","positivo","would be great if the app on android auto and apple carplay would remember the last song playing as when i disconnect my phone and plug it back in even a minute later it doesn t remember the song it also doesnt keep my shuffle play on it resets all the settings basically",7,"actually pay | slows things down | support artists | android auto | awesome selection",0.0625,0.0625,0.0625,0.0625,0.0625,0.0625,0.0625,0.5625
7746,"My favourite music streaming service. Pros: Great audio quality, Tidal connect, great music suggestions and playlists. Cons: Lacks some of my favourite non-mainstream artists, occasional errors and hickups in app, lack of native Linux application.",4,"female","Christchurch, New Zealand","2023-12-11","positivo","my favourite music streaming service pros great audio quality tidal connect great music suggestions and playlists cons lacks some of my favourite non mainstream artists occasional errors and hickups in app lack of native linux application",4,"go back | tidal connect | best streaming service | streaming service quality | quality streaming",0.0179,0.0179,0.0179,0.0179,0.7321,0.0179,0.1607,0.0179
7756,"Better sounds quality than other competition. User friendly but only downside is there's not apps for TIDAL on consoles like PlayStation",4,"female","Auckland, New Zealand","2023-11-05","positivo","better sounds quality than other competition user friendly but only downside is there s not apps for tidal on consoles like playstation",7,"actually pay | slows things down | support artists | android auto | awesome selection",0.0313,0.0313,0.0313,0.0313,0.0313,0.0313,0.0313,0.7812
7765,"They need to add support for Google Assistant. Otherwise it is great!",4,"female","Auckland, New Zealand","2023-11-12","positivo","they need to add support for google assistant otherwise it is great",3,"then made | spotify then | through day | spotify tidal | streaming platform",0.0417,0.0417,0.0417,0.7083,0.0417,0.0417,0.0417,0.0417
7776,"Sound quality is great play lists are fantastic no sleep timer what the hell in 2021/2022 and there's apps let down by a simple feature like this come on Tidal pull your finger out and get it fixed it's simple.Then you get a 5/5",4,"female","Caracas, Venezuela","2023-09-20","positivo","sound quality is great play lists are fantastic no sleep timer what the hell in and there s apps let down by a simple feature like this come on tidal pull your finger out and get it fixed it s simple then you get a",5,"actually pay artists | spotify premium | less enjoyable | search find need | quality difference",0.0625,0.0626,0.0625,0.0625,0.0625,0.5624,0.0625,0.0625
7785,"Great sound quality indeed. I just feel that (being here in UAE and using WiFi connection) the synchronisation isn't that good. I leave you my concern written here to be noted, hopefully.",4,"female","Suva, Fiji","2023-11-26","positivo","great sound quality indeed i just feel that being here in uae and using wifi connection the synchronisation isn t that good i leave you my concern written here to be noted hopefully",0,"high quality | streaming services | dolby atmos | using tidal | quality audio",0.125,0.125,0.125,0.125,0.125,0.125,0.125,0.125
7791,"Amazing service. Exceptional quality. Highest artist payout too! Missing some niche music though, and artists with the same name could be curated better.",4,"female","Christchurch, New Zealand","2023-10-26","positivo","amazing service exceptional quality highest artist payout too missing some niche music though and artists with the same name could be curated better",5,"actually pay artists | spotify premium | less enjoyable | search find need | quality difference",0.025,0.025,0.0251,0.0251,0.025,0.8248,0.025,0.025
7795,"A lot was improved and I like the app better and better. I wished the volume were lovered whem switching tracks.",4,"female","Lima, Peru","2023-08-09","positivo","a lot was improved and i like the app better and better i wished the volume were lovered whem switching tracks",0,"high quality | streaming services | dolby atmos | using tidal | quality audio",0.5624,0.0625,0.0626,0.0625,0.0625,0.0625,0.0625,0.0625
7806,"Good listening experience and easy to use but it would be cool to have more customisation options to the app to make the listener experience more personal. I was sad when I found out you couldn't customise playlist photos as that's something I enjoyed doing on Spotify. It would also be nice if you could choose between dark mode or light mode or customise your background to different colours. However good experience overall.",4,"female","Caracas, Venezuela","2023-08-29","positivo","good listening experience and easy to use but it would be cool to have more customisation options to the app to make the listener experience more personal i was sad when i found out you couldn t customise playlist photos as that s something i enjoyed doing on spotify it would also be nice if you could choose between dark mode or light mode or customise your background to different colours however good experience overall",7,"actually pay | slows things down | support artists | android auto | awesome selection",0.025,0.025,0.025,0.025,0.025,0.025,0.025,0.825
7807,"Amo la app y la calidad pero note un pequeño error, bueno yo he creado una playlist y la descargue y cuando la escucho en aleatorio teniendo acceso a internet o no las canciones se duplican, me refiero a escucho la misma cancion 2 veces como si la playlista la tuviera dos veces, espero lo solucionen por que es un poco molesto",4,"female","La Paz, Bolivia","2023-07-19","positivo","amo la app y la calidad pero note un pequeño error bueno yo he creado una playlist y la descargue y cuando la escucho en aleatorio teniendo acceso a internet o no las canciones se duplican me refiero a escucho la misma cancion veces como si la playlista la tuviera dos veces espero lo solucionen por que es un poco molesto",6,"pay artists | audio quality | hi fi | worth money | spotify any day",0.025,0.025,0.025,0.025,0.025,0.025,0.825,0.025
7814,"Loved the experience but now it's just stopped, getting error code 0:500:999, not what I need to be seeing if I'm paying a subscription, seeing reddit threads from 2019 with same problem doesn't inspire a lot of faith, please fix.",4,"female","Brasília, Brazil","2023-08-10","positivo","loved the experience but now it s just stopped getting error code not what i need to be seeing if i m paying a subscription seeing reddit threads from with same problem doesn t inspire a lot of faith please fix",5,"actually pay artists | spotify premium | less enjoyable | search find need | quality difference",0.0417,0.0417,0.0417,0.0417,0.0417,0.7083,0.0417,0.0417
7817,"TIDAL + MQA + THX AAA DAC = Excellence. The internet has some myths out there. MQA is no scam. It's a break through in the audio listening experience. The Tidal app has a few glitches but I emailed Tidal and they emailed back suggestions that are working. I don't care if the app is not perfect. Tidal is the only streaming service that allows you to hear MQA audio of your favorite music. It sounds soooooo good!!! You must use a DAC to hear true MQA rendering. THX Onyx. So worth it.",4,"female","Asunción, Paraguay","2023-08-28","positivo","tidal mqa thx aaa dac excellence the internet has some myths out there mqa is no scam it s a break through in the audio listening experience the tidal app has a few glitches but i emailed tidal and they emailed back suggestions that are working i don t care if the app is not perfect tidal is the only streaming service that allows you to hear mqa audio of your favorite music it sounds soooooo good you must use a dac to hear true mqa rendering thx onyx so worth it",7,"actually pay | slows things down | support artists | android auto | awesome selection",0.025,0.025,0.025,0.025,0.225,0.025,0.0251,0.6249
7867,"Has no crossfade / gapless option for Android - otherwise, perfect!",4,"female","Suva, Fiji","2023-10-21","positivo","has no crossfade gapless option for android otherwise perfect",3,"then made | spotify then | through day | spotify tidal | streaming platform",0.0313,0.0313,0.0313,0.7812,0.0313,0.0313,0.0313,0.0313
7878,"hay mucho que mejorar, hay artistas que se llaman igual pero son diferentes y juntan ambos en un mismo perfil como el perfil de MORA el cual lo junta con otro artista francés siendo el que yo escucho habla español, además de que aveces hay ""problemas de sincronización"" a la hora de descargar las canciones, además de que luego no hay mucha fluidez en la app también si pueden añadir más funciones como las de Spotify, a y una mejor Daily Mix para que recomiende distintas canciones(:",4,"female","Arequipa, Peru","2023-08-10","positivo","hay mucho que mejorar hay artistas que se llaman igual pero son diferentes y juntan ambos en un mismo perfil como el perfil de mora el cual lo junta con otro artista francés siendo el que yo escucho habla español además de que aveces hay problemas de sincronización a la hora de descargar las canciones además de que luego no hay mucha fluidez en la app también si pueden añadir más funciones como las de spotify a y una mejor daily mix para que recomiende distintas canciones",7,"actually pay | slows things down | support artists | android auto | awesome selection",0.025,0.025,0.025,0.025,0.025,0.025,0.025,0.825
7899,"Great app... just wish I had an app for my galaxy watch 4...!!!",4,"female","Wellington, New Zealand","2023-11-19","positivo","great app just wish i had an app for my galaxy watch",1,"better spotify | master quality | about seconds | spotify where | back spotify",0.0625,0.5625,0.0625,0.0625,0.0625,0.0625,0.0625,0.0625
7914,"It works pretty well. Some features are inexplicably missing that are in the desktop client and the UI could use some work, but it does the job.",4,"female","Christchurch, New Zealand","2023-11-13","positivo","it works pretty well some features are inexplicably missing that are in the desktop client and the ui could use some work but it does the job",4,"go back | tidal connect | best streaming service | streaming service quality | quality streaming",0.0625,0.0625,0.0625,0.0625,0.5625,0.0625,0.0625,0.0625
7918,"Google Home and Auto Integration is lacking, but otherwise 💯. Hopefully the next few updates allow for better Google integration.",4,"female","Medellín, Colombia","2023-09-06","positivo","google home and auto integration is lacking but otherwise hopefully the next few updates allow for better google integration",3,"then made | spotify then | through day | spotify tidal | streaming platform",0.0417,0.0417,0.0417,0.7083,0.0417,0.0417,0.0417,0.0417
7951,"Hey, I haven't used the app yet but do you have 360 audio on it if I'm interested",4,"female","Adelaide, Australia","2024-01-05","positivo","hey i haven t used the app yet but do you have audio on it if i m interested",0,"high quality | streaming services | dolby atmos | using tidal | quality audio",0.125,0.125,0.125,0.125,0.125,0.125,0.125,0.125
7963,"Great service but the app has some glitches",4,"female","Brisbane, Australia","2023-12-22","positivo","great service but the app has some glitches",0,"high quality | streaming services | dolby atmos | using tidal | quality audio",0.125,0.125,0.125,0.125,0.125,0.125,0.125,0.125
7973,"I love the application but ever since I installed it it does not want to play music instead it make stario noises",4,"female","Fortaleza, Brazil","2023-08-19","positivo","i love the application but ever since i installed it it does not want to play music instead it make stario noises",0,"high quality | streaming services | dolby atmos | using tidal | quality audio",0.125,0.125,0.125,0.125,0.125,0.125,0.125,0.125
7982,"I miss being able to keep my separate devices in sync. I would like it when I go out to be able to continue listening in the car to the playlist I have been listening to on the computer of the same song. Without having to search for the corresponding playlist and track number - just my phone knowing where I got to on the computer and vice versa.",4,"female","Canberra, Australia","2023-10-01","positivo","i miss being able to keep my separate devices in sync i would like it when i go out to be able to continue listening in the car to the playlist i have been listening to on the computer of the same song without having to search for the corresponding playlist and track number just my phone knowing where i got to on the computer and vice versa",0,"high quality | streaming services | dolby atmos | using tidal | quality audio",0.375,0.375,0.0417,0.0417,0.0417,0.0417,0.0417,0.0417
7992,"PLEASE make it save your music selections if you accidentally go back a page, 30 minutes of time wasted picking artists. Tracks frequently buffer even with perfect connection...",4,"female","Perth, Australia","2023-10-17","positivo","please make it save your music selections if you accidentally go back a page minutes of time wasted picking artists tracks frequently buffer even with perfect connection",4,"go back | tidal connect | best streaming service | streaming service quality | quality streaming",0.0625,0.0625,0.0625,0.0625,0.5625,0.0625,0.0625,0.0625
8004,"Music quality is superior if you have some good quality Hi-Res cans, however I find the""discovery algorithms"" not as useful or as intuitive at finding new music as say Spotify. My ""daily discovery"" and ""my mix""suggested playlists"" are just a mixture of songs already in my ""liked"" list.. Like I say.. Not so good at helping you find new tunes.",4,"female","Gold Coast, Australia","2024-01-11","positivo","music quality is superior if you have some good quality hi res cans however i find the discovery algorithms not as useful or as intuitive at finding new music as say spotify my daily discovery and my mix suggested playlists are just a mixture of songs already in my liked list like i say not so good at helping you find new tunes",6,"pay artists | audio quality | hi fi | worth money | spotify any day",0.0156,0.0156,0.0156,0.0156,0.0156,0.0156,0.8906,0.0156
8005,"I Would deeply appreciate If Tidal was available as free like Spotify with ads But other than that this app is great also Tidal isn't available in my region (Mongolia) so I had to use vpn",4,"female","Wellington, New Zealand","2023-11-24","positivo","i would deeply appreciate if tidal was available as free like spotify with ads but other than that this app is great also tidal isn t available in my region mongolia so i had to use vpn",7,"actually pay | slows things down | support artists | android auto | awesome selection",0.0313,0.0313,0.0313,0.0313,0.0313,0.0313,0.0313,0.7812
8031,"Missing a feature to quickly add songs to queue like the slide on spotify",4,"female","Hobart, Australia","2023-10-05","positivo","missing a feature to quickly add songs to queue like the slide on spotify",2,"best quality | tidal spotify | gets frustrating while | having same | switched spotify",0.0417,0.0417,0.7083,0.0417,0.0417,0.0417,0.0417,0.0417
8032,"Fantastic sound quality and fairly good catalogue with a good credits function. Would give this 5 stars, however the app does have bugs with its search function - having to re-enter your query in the search bar multiple times for it to actually work.",4,"female","Fortaleza, Brazil","2023-08-25","positivo","fantastic sound quality and fairly good catalogue with a good credits function would give this stars however the app does have bugs with its search function having to re enter your query in the search bar multiple times for it to actually work",6,"pay artists | audio quality | hi fi | worth money | spotify any day",0.025,0.025,0.025,0.025,0.025,0.025,0.825,0.025
8041,"ISSUES: 1) 10k Loved (Faved/Liked) tracks limit is way too low—Apple's is 100k, Spotify's unlimited. (2) Can't search playlists when adding tracks from player—very tedious if you have >15 playlists. (3) Search is very poor! Only finds near-exact matches of names/phrases (and artist IDs are mixed up). Spotify's is a lot more capable. (4) App frequently bugs out and can't play music. The only fix is closing the app & clearing the cache yourself. (5) I don't appreciate these AI review responses 😬.",4,"female","Auckland, New Zealand","2023-11-29","positivo","issues k loved faved liked tracks limit is way too low apple s is k spotify s unlimited can t search playlists when adding tracks from player very tedious if you have playlists search is very poor only finds near exact matches of names phrases and artist ids are mixed up spotify s is a lot more capable app frequently bugs out and can t play music the only fix is closing the app clearing the cache yourself i don t appreciate these ai review responses",3,"then made | spotify then | through day | spotify tidal | streaming platform",0.025,0.025,0.025,0.825,0.025,0.025,0.025,0.025
8051,"Tidal, you DESPERATELY need to build an API, *any* API, that lets people control what they're listening to. It's impossible for you to integrate with everything, let other people help! It doesn't even have to do playback / no DRM complexity needed, just let us have *anything* that competes even slightly with what Spotify offers. It's part of why it's so widespread.",4,"female","Buenos Aires, Argentina","2023-09-17","positivo","tidal you desperately need to build an api any api that lets people control what they re listening to it s impossible for you to integrate with everything let other people help it doesn t even have to do playback no drm complexity needed just let us have anything that competes even slightly with what spotify offers it s part of why it s so widespread",5,"actually pay artists | spotify premium | less enjoyable | search find need | quality difference",0.0313,0.0313,0.0313,0.0313,0.0313,0.7812,0.0313,0.0313
8055,"The ui is good and ituive in general. However the search is not yet at at the same level than competitors (mainly youtube and spotify), as others have pointed out the song name has to be exactly right for it to show up and also it does seem to ignore a lot of 'local' artists (from the country the user is from) and only show big global artist instead. Also the mobile app has a bug when you add a recommended song to a playlist the playlist is scrolled to the top, annoying especially with long list",4,"female","Melbourne, Australia","2024-01-07","positivo","the ui is good and ituive in general however the search is not yet at at the same level than competitors mainly youtube and spotify as others have pointed out the song name has to be exactly right for it to show up and also it does seem to ignore a lot of local artists from the country the user is from and only show big global artist instead also the mobile app has a bug when you add a recommended song to a playlist the playlist is scrolled to the top annoying especially with long list",1,"better spotify | master quality | about seconds | spotify where | back spotify",0.0625,0.5625,0.0625,0.0625,0.0625,0.0625,0.0625,0.0625
8070,"I used YouTube Music Premium for a long time before TIDAL. There are two main reasons I switched to TIDAL: 1: Better audio quality. 2: TIDAL pays artists more. The improved sound quality is marginally noticable on my ATH-M50xBT headphones over Bluetooth, but on a proper soundsystem it is mind-blowing. Overall, TIDAL satisfies my reasons enough that I continue to pay for it. The only advantage YT Music has is more flexible queue management (hence 4 stars) and a few songs that aren't on TIDAL.",4,"female","Brisbane, Australia","2023-11-25","positivo","i used youtube music premium for a long time before tidal there are two main reasons i switched to tidal better audio quality tidal pays artists more the improved sound quality is marginally noticable on my ath mxbt headphones over bluetooth but on a proper soundsystem it is mind blowing overall tidal satisfies my reasons enough that i continue to pay for it the only advantage yt music has is more flexible queue management hence stars and a few songs that aren t on tidal",0,"high quality | streaming services | dolby atmos | using tidal | quality audio",0.9562,0.0063,0.0063,0.0063,0.0063,0.0063,0.0063,0.0063
8083,"Almost perfect streaming app. I would love to select a track and have the suggested Tracks in a auto playlist already queued for convenience and easy listening, it has all the heavy features down it just needs a quick listening option when you trying to build a vibe real quick.",4,"female","La Paz, Bolivia","2023-09-17","positivo","almost perfect streaming app i would love to select a track and have the suggested tracks in a auto playlist already queued for convenience and easy listening it has all the heavy features down it just needs a quick listening option when you trying to build a vibe real quick",2,"best quality | tidal spotify | gets frustrating while | having same | switched spotify",0.0625,0.0625,0.5625,0.0625,0.0625,0.0625,0.0625,0.0625
8096,"best sound quality and the smoothest song transitions(in albums). just needs a littl bit more UI work. personally i would appreciate if there was UI customization options like text color etc. also one criticism: the daily song recommendation usually recommends quite far-off music from what i have liked.",4,"female","São Paulo, Brazil","2023-07-20","positivo","best sound quality and the smoothest song transitions in albums just needs a littl bit more ui work personally i would appreciate if there was ui customization options like text color etc also one criticism the daily song recommendation usually recommends quite far off music from what i have liked",2,"best quality | tidal spotify | gets frustrating while | having same | switched spotify",0.0625,0.0625,0.5624,0.0625,0.0625,0.0625,0.0626,0.0625
8140,"I can't wait to return to Tidal. The only thing holding me back from subscribing is the challenge of transferring my playlists from YouTube Music.",4,"female","Cali, Colombia","2023-08-25","positivo","i can t wait to return to tidal the only thing holding me back from subscribing is the challenge of transferring my playlists from youtube music",6,"pay artists | audio quality | hi fi | worth money | spotify any day",0.0625,0.0625,0.0625,0.0625,0.0625,0.0625,0.5624,0.0626
8142,"Good, heneral streamer platform for all tunes, all era's & all the classics too...",4,"female","Adelaide, Australia","2023-09-23","positivo","good heneral streamer platform for all tunes all era s all the classics too",0,"high quality | streaming services | dolby atmos | using tidal | quality audio",0.125,0.125,0.125,0.125,0.125,0.125,0.125,0.125
8146,"It would be better if it had more songs but I only use it at school because it's the only music site that isn't blocked on the computers.",4,"female","Rosario, Argentina","2023-09-19","positivo","it would be better if it had more songs but i only use it at school because it s the only music site that isn t blocked on the computers",2,"best quality | tidal spotify | gets frustrating while | having same | switched spotify",0.0625,0.0625,0.5625,0.0625,0.0625,0.0625,0.0625,0.0625
8158,"One of the better streaming apps but needs better Playlist management. Like a lot of streaming apps they juggle their licenses around but the issue here is that it is not uncommon to have a Playlist just completely lock-up when it reaches a song that is no longer licensed. How embarrassing!! Also, they desperately need a Christmas filter than can scrub Christmas songs out of Playlists.",4,"female","Nadi, Fiji","2024-01-05","positivo","one of the better streaming apps but needs better playlist management like a lot of streaming apps they juggle their licenses around but the issue here is that it is not uncommon to have a playlist just completely lock up when it reaches a song that is no longer licensed how embarrassing also they desperately need a christmas filter than can scrub christmas songs out of playlists",1,"better spotify | master quality | about seconds | spotify where | back spotify",0.0179,0.875,0.0179,0.0179,0.0179,0.0179,0.0179,0.0179
8167,"I've used Tidal for almost 6 years and only recently has it started to get on my last nerve. Why all of a sudden does it stop playing. I used to be able to study for hours listening to jazz. Go bike riding for 50+ miles a week and no issues. These last few months...aggravating. Fix it!!!",4,"female","Port Moresby, Papua New Guinea","2023-09-23","positivo","i ve used tidal for almost years and only recently has it started to get on my last nerve why all of a sudden does it stop playing i used to be able to study for hours listening to jazz go bike riding for miles a week and no issues these last few months aggravating fix it",5,"actually pay artists | spotify premium | less enjoyable | search find need | quality difference",0.0156,0.0156,0.0156,0.0156,0.0156,0.8906,0.0156,0.0156
8173,"Choice, selection and sound quality are superb, only reason it's not a five is due to lack of support from Google. Come on guys, put it together",4,"female","Adelaide, Australia","2023-11-11","positivo","choice selection and sound quality are superb only reason it s not a five is due to lack of support from google come on guys put it together",3,"then made | spotify then | through day | spotify tidal | streaming platform",0.0313,0.0313,0.0313,0.7812,0.0313,0.0313,0.0313,0.0313
8175,"Otherwise an absolutely amazing application, everything is responsive and works just amazing. My only complaint is the Dolby Atmos feature, every time a track plays that supports Dolby Atmos I get a notification ""Playing in stereo mode. This device does not support Dolby Atmos content"" and there is no way to disable this feature.",4,"female","Hobart, Australia","2023-11-28","positivo","otherwise an absolutely amazing application everything is responsive and works just amazing my only complaint is the dolby atmos feature every time a track plays that supports dolby atmos i get a notification playing in stereo mode this device does not support dolby atmos content and there is no way to disable this feature",0,"high quality | streaming services | dolby atmos | using tidal | quality audio",0.8906,0.0156,0.0156,0.0156,0.0156,0.0156,0.0156,0.0156
8177,"Es una gran aplicación para escuchar música en buena calidad Pero cuándo va haber una aplicación para Wear OS?",4,"female","La Paz, Bolivia","2023-08-25","positivo","es una gran aplicación para escuchar música en buena calidad pero cuándo va haber una aplicación para wear os",2,"best quality | tidal spotify | gets frustrating while | having same | switched spotify",0.0313,0.0313,0.7812,0.0313,0.0313,0.0313,0.0313,0.0313
8193,"Greetings! I went from 4G to 5G with the Sprint to T-Mobile acquisition, and for some odd reason, I'm not able to log into my app.🤔 Whenever I open the app, it's the ""free"" and after I DO sign in, I see my profile picture but when I try to access music, it reverts back to ""free""🤷🏾‍♂️.",4,"female","Melbourne, Australia","2023-11-16","positivo","greetings i went from g to g with the sprint to t mobile acquisition and for some odd reason i m not able to log into my app whenever i open the app it s the free and after i do sign in i see my profile picture but when i try to access music it reverts back to free",3,"then made | spotify then | through day | spotify tidal | streaming platform",0.0625,0.0625,0.0625,0.5625,0.0625,0.0625,0.0625,0.0625
8197,"Why is it possible to connect last.fm on iOS but not on android? Please do:)",4,"female","Wellington, New Zealand","2023-12-31","positivo","why is it possible to connect last fm on ios but not on android please do",6,"pay artists | audio quality | hi fi | worth money | spotify any day",0.0625,0.0625,0.0625,0.0625,0.0625,0.0625,0.5625,0.0625
8199,"Pretty good quality. The $20 price tag for hifi plus seems a bit steep considering apple music's hi-res is included at $10. Has better sound quality than others however.",4,"female","Sydney, Australia","2023-12-24","positivo","pretty good quality the price tag for hifi plus seems a bit steep considering apple music s hi res is included at has better sound quality than others however",5,"actually pay artists | spotify premium | less enjoyable | search find need | quality difference",0.025,0.025,0.0251,0.025,0.025,0.6249,0.225,0.025
8203,"Brilliant wide variety of music everything from mozart through motorhead & slipknot. Music lovers dream, everything for everyone Would be handy for a direct link of downloaded music on home screen for ease of use for fave tunes for everyone",4,"female","Montevideo, Uruguay","2023-08-05","positivo","brilliant wide variety of music everything from mozart through motorhead slipknot music lovers dream everything for everyone would be handy for a direct link of downloaded music on home screen for ease of use for fave tunes for everyone",4,"go back | tidal connect | best streaming service | streaming service quality | quality streaming",0.0625,0.0625,0.0625,0.0625,0.5625,0.0625,0.0625,0.0625
8208,"More money goes out to the Artist with Tidal. Good support from streamers even older ones. TIDAL seems to be changing away from MQA ""master"" and has introduced FLAC which is a huge plus for me. Only issues I have is with my Samsung xcover 6pro, keeps shutting off the music. Most likely started from Samsungs battery saver protocol but it's like a virus. Tried all setting changes from Samsung official website but no dice. Might not be Tidal's fault directly but it's an issue... Next full reset 🫥",4,"female","Arequipa, Peru","2023-08-11","positivo","more money goes out to the artist with tidal good support from streamers even older ones tidal seems to be changing away from mqa master and has introduced flac which is a huge plus for me only issues i have is with my samsung xcover pro keeps shutting off the music most likely started from samsungs battery saver protocol but it s like a virus tried all setting changes from samsung official website but no dice might not be tidal s fault directly but it s an issue next full reset",7,"actually pay | slows things down | support artists | android auto | awesome selection",0.0208,0.0208,0.0208,0.0208,0.0208,0.0208,0.0208,0.8541
8212,"Great app. Once you work out how to navigate around the app there is so much content and joy to be had from the beautiful audio that Tidal provides. Well worth it!",4,"female","Caracas, Venezuela","2023-07-13","positivo","great app once you work out how to navigate around the app there is so much content and joy to be had from the beautiful audio that tidal provides well worth it",0,"high quality | streaming services | dolby atmos | using tidal | quality audio",0.125,0.125,0.125,0.125,0.125,0.125,0.125,0.125
8216,"Great quality, great app",4,"female","Perth, Australia","2023-10-23","positivo","great quality great app",0,"high quality | streaming services | dolby atmos | using tidal | quality audio",0.125,0.125,0.125,0.125,0.125,0.125,0.125,0.125
8221,"Can somebody tell me why TIDAL BLOCK ME",4,"female","Melbourne, Australia","2023-12-22","positivo","can somebody tell me why tidal block me",3,"then made | spotify then | through day | spotify tidal | streaming platform",0.0625,0.0625,0.0625,0.5625,0.0625,0.0625,0.0625,0.0625
8222,"Ok service. App can still be improved. Not a huge varierty of songs and artists. Very good audio and seemingly a little more pay for artists and studios. The price is suitable.",4,"female","Suva, Fiji","2023-12-02","positivo","ok service app can still be improved not a huge varierty of songs and artists very good audio and seemingly a little more pay for artists and studios the price is suitable",6,"pay artists | audio quality | hi fi | worth money | spotify any day",0.0417,0.0417,0.0417,0.0417,0.0417,0.0417,0.7083,0.0417
8240,"Hey Tidal, Couple of things to improve. 1. The offline download and listen doesnt work always. 2. The app crashes or certain songs are not playable at all. This issue is only in android. I use Both apple and windows along with Android and the android fails to play certain songs and the playing completely stops. I appreciate the latest update which rolled out this week and the quality is amazing and much needed upgrade. Great work.",4,"female","Nadi, Fiji","2023-09-21","positivo","hey tidal couple of things to improve the offline download and listen doesnt work always the app crashes or certain songs are not playable at all this issue is only in android i use both apple and windows along with android and the android fails to play certain songs and the playing completely stops i appreciate the latest update which rolled out this week and the quality is amazing and much needed upgrade great work",7,"actually pay | slows things down | support artists | android auto | awesome selection",0.0125,0.0125,0.0125,0.0125,0.0125,0.0125,0.0125,0.9125
8245,"You forgot one important function. That's why I gave 4 stars. You should add ""SLEEP TIMER"".",4,"female","Brisbane, Australia","2023-10-24","positivo","you forgot one important function that s why i gave stars you should add sleep timer",5,"actually pay artists | spotify premium | less enjoyable | search find need | quality difference",0.025,0.025,0.025,0.025,0.025,0.825,0.025,0.025
8248,"Suggestions can be better, even tho they have improved overtime. Looks like they're almost completely dependent on the song and not user preference of other liked songs.",4,"female","Brisbane, Australia","2024-01-14","positivo","suggestions can be better even tho they have improved overtime looks like they re almost completely dependent on the song and not user preference of other liked songs",7,"actually pay | slows things down | support artists | android auto | awesome selection",0.0625,0.0625,0.0625,0.0625,0.0625,0.0625,0.0625,0.5625
8257,"Most of the issues were fixed thanks too pretty decent support. My main concern now the big mess in the catalog. Many artis pages include content that bellong to other artist with the same name. Other platforms also have this issue but not like in Tidal. Like there is zero content management in Tidal.",4,"female","Santa Cruz, Bolivia","2023-07-12","positivo","most of the issues were fixed thanks too pretty decent support my main concern now the big mess in the catalog many artis pages include content that bellong to other artist with the same name other platforms also have this issue but not like in tidal like there is zero content management in tidal",2,"best quality | tidal spotify | gets frustrating while | having same | switched spotify",0.025,0.025,0.825,0.025,0.025,0.025,0.025,0.025
8266,"Brilliant app 👍 Very Very easy to use no ads while listening to my music list 😄👍 However 1 huge drawback whenever your out the house listening through headphones it's very annoying that the early playlist songs (4th and before) pause mid song acting like a phone button has been pressed rather inconvenient 😕😕 other than that this is a excellent music app",4,"female","Adelaide, Australia","2023-11-18","positivo","brilliant app very very easy to use no ads while listening to my music list however huge drawback whenever your out the house listening through headphones it s very annoying that the early playlist songs th and before pause mid song acting like a phone button has been pressed rather inconvenient other than that this is a excellent music app",4,"go back | tidal connect | best streaming service | streaming service quality | quality streaming",0.0417,0.0417,0.0417,0.0417,0.7083,0.0417,0.0417,0.0417
8275,"There are some features that I don't like as of now(I will write a longer review and tell my suggestions), but the app is generally awesome, although not all tracks are here that I wanted to listen to. I really like the daily mixes, the algorithm you use is working perfectly for me. Keep up the great work guys! Sincerely, a humble Tidal enjoyer",4,"female","Christchurch, New Zealand","2023-11-20","positivo","there are some features that i don t like as of now i will write a longer review and tell my suggestions but the app is generally awesome although not all tracks are here that i wanted to listen to i really like the daily mixes the algorithm you use is working perfectly for me keep up the great work guys sincerely a humble tidal enjoyer",6,"pay artists | audio quality | hi fi | worth money | spotify any day",0.0625,0.0625,0.0625,0.0625,0.0625,0.0625,0.5625,0.0625
8279,"A few artists that i like arent on here",4,"female","Arequipa, Peru","2023-08-12","positivo","a few artists that i like arent on here",3,"then made | spotify then | through day | spotify tidal | streaming platform",0.0625,0.0625,0.0625,0.5625,0.0625,0.0625,0.0625,0.0625
8285,"Please let us change de playlists covers.",4,"female","Montevideo, Uruguay","2023-08-28","positivo","please let us change de playlists covers",0,"high quality | streaming services | dolby atmos | using tidal | quality audio",0.125,0.125,0.125,0.125,0.125,0.125,0.125,0.125
8287,"Now works with my Dragonfly Red DAC consistently with version 2.65.1. Thanks for fixing.",4,"female","Medellín, Colombia","2023-08-02","positivo","now works with my dragonfly red dac consistently with version thanks for fixing",7,"actually pay | slows things down | support artists | android auto | awesome selection",0.0625,0.0625,0.0625,0.0625,0.0625,0.0625,0.0625,0.5625
8297,"Amazing but wish they had more sounds",4,"female","Nadi, Fiji","2023-11-15","positivo","amazing but wish they had more sounds",0,"high quality | streaming services | dolby atmos | using tidal | quality audio",0.125,0.125,0.125,0.125,0.125,0.125,0.125,0.125
8299,"Quality is pretty good but it comes at a cost of volume, even at maximum volume Spotify and Apple Music is a bit louder. Apple Music is still overall the best as it's sound quality is superior to Spotify and still has a higher volume output than Tidal. Have tried them all but I think once the 3 months is up, I'll be subscribing to Apple Music again as the extra cost for Tidal isn't worth it all.",4,"female","São Paulo, Brazil","2023-08-21","positivo","quality is pretty good but it comes at a cost of volume even at maximum volume spotify and apple music is a bit louder apple music is still overall the best as it s sound quality is superior to spotify and still has a higher volume output than tidal have tried them all but i think once the months is up i ll be subscribing to apple music again as the extra cost for tidal isn t worth it all",6,"pay artists | audio quality | hi fi | worth money | spotify any day",0.0208,0.0208,0.0209,0.0209,0.0209,0.0208,0.8541,0.0208
8300,"App is decent with a small learning curve. Master music quality is great for me. WearOS support would make it 5 stars. Unfortunately no direct app support for Galaxy Watch 4/5/6. But overall satisfied with the service.",4,"female","La Paz, Bolivia","2023-07-31","positivo","app is decent with a small learning curve master music quality is great for me wearos support would make it stars unfortunately no direct app support for galaxy watch but overall satisfied with the service",1,"better spotify | master quality | about seconds | spotify where | back spotify",0.0417,0.7083,0.0417,0.0417,0.0417,0.0417,0.0417,0.0417
8326,"Better for the artists than rival streaming music services",4,"female","Rosario, Argentina","2023-09-07","positivo","better for the artists than rival streaming music services",0,"high quality | streaming services | dolby atmos | using tidal | quality audio",0.5625,0.0625,0.0625,0.0625,0.0625,0.0625,0.0625,0.0625
8331,"Amazing only thing annoying is that some songs are not on here from certain artists 🤷🏿‍♂️",4,"female","Lima, Peru","2023-07-21","positivo","amazing only thing annoying is that some songs are not on here from certain artists",4,"go back | tidal connect | best streaming service | streaming service quality | quality streaming",0.0313,0.0313,0.0313,0.0313,0.7812,0.0313,0.0313,0.0313
8352,"Apart from occasional annoyances (server drop outs happened once or twice in about half a ywar) and lack of integration with google assistant / home (please) I don't regret switching from spotify. The sound quality is night and day, especially with a proper audio setup or even ldac on sony headphones, the ui looks good and the suggestion algorithm is solid. Can rexommend, especially since it costs the same as spotify.",4,"female","Wellington, New Zealand","2023-09-22","positivo","apart from occasional annoyances server drop outs happened once or twice in about half a ywar and lack of integration with google assistant home please i don t regret switching from spotify the sound quality is night and day especially with a proper audio setup or even ldac on sony headphones the ui looks good and the suggestion algorithm is solid can rexommend especially since it costs the same as spotify",5,"actually pay artists | spotify premium | less enjoyable | search find need | quality difference",0.0096,0.0096,0.0096,0.0096,0.0096,0.9327,0.0096,0.0096
8358,"I can't log in",4,"female","Sydney, Australia","2023-10-09","positivo","i can t log in",0,"high quality | streaming services | dolby atmos | using tidal | quality audio",0.125,0.125,0.125,0.125,0.125,0.125,0.125,0.125
8361,"I just started but so far just good But i was disappointed in with a song Esperando from Los Tucanes De Tijuana They only had it in Karaoke '",4,"female","La Paz, Bolivia","2023-07-14","positivo","i just started but so far just good but i was disappointed in with a song esperando from los tucanes de tijuana they only had it in karaoke",3,"then made | spotify then | through day | spotify tidal | streaming platform",0.0625,0.0625,0.0625,0.5625,0.0625,0.0625,0.0625,0.0625
8364,"I'd prefer to put all my playlists of another streamings in here 'cause I fell like all my songs is safe :) But I don't use this app to hear other new songs I use spotify for this. Random music that i hear on spotify and loved it/liked it I go on Tidal and I hear the entire song with high quality on my headphones 🎧",4,"female","Melbourne, Australia","2023-12-05","positivo","i d prefer to put all my playlists of another streamings in here cause i fell like all my songs is safe but i don t use this app to hear other new songs i use spotify for this random music that i hear on spotify and loved it liked it i go on tidal and i hear the entire song with high quality on my headphones",0,"high quality | streaming services | dolby atmos | using tidal | quality audio",0.875,0.0179,0.0179,0.0179,0.0179,0.0179,0.0179,0.0179
8376,"App works fine but likes to complain about a missing Carrier Hub app from T-Mobile if you use Google Fi. You can't install it since you're not on T-Mobile and the app complains every time it's launched. It's been like this for ages.",4,"female","Rosario, Argentina","2023-07-15","positivo","app works fine but likes to complain about a missing carrier hub app from t mobile if you use google fi you can t install it since you re not on t mobile and the app complains every time it s launched it s been like this for ages",6,"pay artists | audio quality | hi fi | worth money | spotify any day",0.0417,0.0417,0.0417,0.0417,0.0417,0.0417,0.7083,0.0417
8378,"Fantastic alternative to Spotify, though more expensive for the Hi-Fi and higher audio quality version (not by much). There are many smaller artists lacking from Tidal as opposed to Spotify however, which is a shame. They have a vast library for your average user, but not for someone with hundreds of thousands of artists alone; aka myself. Hopefully they'll work on adding more! Otherwise the app is pretty great. No real issues.",4,"female","Hobart, Australia","2023-10-30","positivo","fantastic alternative to spotify though more expensive for the hi fi and higher audio quality version not by much there are many smaller artists lacking from tidal as opposed to spotify however which is a shame they have a vast library for your average user but not for someone with hundreds of thousands of artists alone aka myself hopefully they ll work on adding more otherwise the app is pretty great no real issues",0,"high quality | streaming services | dolby atmos | using tidal | quality audio",0.4777,0.025,0.025,0.025,0.025,0.025,0.3723,0.025
8382,"Tidal+ROON=pure bliss in organized fashion. At lower levels of volume you're never gonna notice a ton of nuances,if any, you haven't heard before but once you go Tidal you never sit idle! Shame on you tidal for raising prices and deleting the military discount during this economy. I'm a veteran but would still not have even brought this up had you at least offered an active duty discount. Keep up the good work musically and with the app function y'all.",4,"female","Lima, Peru","2023-08-12","positivo","tidal roon pure bliss in organized fashion at lower levels of volume you re never gonna notice a ton of nuances if any you haven t heard before but once you go tidal you never sit idle shame on you tidal for raising prices and deleting the military discount during this economy i m a veteran but would still not have even brought this up had you at least offered an active duty discount keep up the good work musically and with the app function y all",0,"high quality | streaming services | dolby atmos | using tidal | quality audio",0.7083,0.0417,0.0417,0.0417,0.0417,0.0417,0.0417,0.0417
8390,"Großartige App! Ich war lange Zeit Spotify -Nutzer und bin begeistert, wie flüssig und unaufdringlich/übersichtlich alles funktioniert. Die höheren Ausschüttungen an Künstler:innen sind mir auch nicht unwichtig. Das einzige Feature, das ich mir noch wünsche ist, dass ich die Lautstärke meines verbundenen Sonos-Systems direkt über dieTidal-App steuern kann, analog Spotify Connect. Das wäre die Perfektion.",4,"female","Canberra, Australia","2023-12-03","positivo","großartige app ich war lange zeit spotify nutzer und bin begeistert wie flüssig und unaufdringlich übersichtlich alles funktioniert die höheren ausschüttungen an künstler innen sind mir auch nicht unwichtig das einzige feature das ich mir noch wünsche ist dass ich die lautstärke meines verbundenen sonos systems direkt über dietidal app steuern kann analog spotify connect das wäre die perfektion",2,"best quality | tidal spotify | gets frustrating while | having same | switched spotify",0.0417,0.0417,0.7083,0.0417,0.0417,0.0417,0.0417,0.0417
8397,"The sound is amazing, but the app needs work. The app is not great for driving. Does not communicate well with external devices such as Amazon Echo.",4,"female","Quito, Ecuador","2023-09-13","positivo","the sound is amazing but the app needs work the app is not great for driving does not communicate well with external devices such as amazon echo",4,"go back | tidal connect | best streaming service | streaming service quality | quality streaming",0.0625,0.0625,0.0625,0.0625,0.5625,0.0625,0.0625,0.0625
8416,"I switched over from Spotify and it does the job.",4,"female","Port Moresby, Papua New Guinea","2023-09-24","positivo","i switched over from spotify and it does the job",2,"best quality | tidal spotify | gets frustrating while | having same | switched spotify",0.0625,0.0625,0.5625,0.0625,0.0625,0.0625,0.0625,0.0625
8426,"Love using Tidal. It is literally an iTunes alternative in terms of the amount of artists available. HOWEVER THERE IS ONE THING THAT LITERALLY MAKES ME WANT TO THROW MY DEVICE IN A RIVER WHENEVER I GET A NEW ONE. WHY WHY WHY IS THERE NO OPTION TO SIGN IN USING MY GOOGLE ACCOUNT.WHY?!?!! This causes so many freaking problems whenever I swap devices and it makes no sense. I signed up with my Apple id at first and because of their terrible two factor authentication process",4,"female","Queenstown, New Zealand","2023-11-29","positivo","love using tidal it is literally an itunes alternative in terms of the amount of artists available however there is one thing that literally makes me want to throw my device in a river whenever i get a new one why why why is there no option to sign in using my google account why this causes so many freaking problems whenever i swap devices and it makes no sense i signed up with my apple id at first and because of their terrible two factor authentication process",0,"high quality | streaming services | dolby atmos | using tidal | quality audio",0.8249,0.025,0.025,0.025,0.0251,0.025,0.025,0.025
8430,"Nice ui, cool playlists, good suggestions. I'm missing the infinite flow from Deezer tho. And even from the artists that are present (eg Cecile Corbel) not all their songs are guaranteed to be present (eg missing Arietty's song). Missing many anime songs..",4,"female","Quito, Ecuador","2023-07-29","positivo","nice ui cool playlists good suggestions i m missing the infinite flow from deezer tho and even from the artists that are present eg cecile corbel not all their songs are guaranteed to be present eg missing arietty s song missing many anime songs",0,"high quality | streaming services | dolby atmos | using tidal | quality audio",0.125,0.125,0.125,0.125,0.125,0.125,0.125,0.125
8438,"Hello this is good",4,"female","Adelaide, Australia","2023-12-25","positivo","hello this is good",0,"high quality | streaming services | dolby atmos | using tidal | quality audio",0.125,0.125,0.125,0.125,0.125,0.125,0.125,0.125
8441,"I typically love this app, but over the last few months it consistently kicks me out and will not log back in for days. I've had to start back using Spotify.",4,"female","Sydney, Australia","2023-10-31","positivo","i typically love this app but over the last few months it consistently kicks me out and will not log back in for days i ve had to start back using spotify",5,"actually pay artists | spotify premium | less enjoyable | search find need | quality difference",0.0208,0.0208,0.0208,0.0208,0.0208,0.8542,0.0208,0.0208
8444,"When the app works, it's great! But the new update makes it keep crashing, get that fixed and I have no complaints.",4,"female","Guayaquil, Ecuador","2023-08-19","positivo","when the app works it s great but the new update makes it keep crashing get that fixed and i have no complaints",0,"high quality | streaming services | dolby atmos | using tidal | quality audio",0.125,0.125,0.125,0.125,0.125,0.125,0.125,0.125
8445,"update Feb 2025: glitch happening where i start playing one song and it shows another song is playing visually. The app developers reply below with a canned letter to go to their demoralizing support maze. ... Pros are excellent sound quality and universal links to share with friends who have apple or Spotify etc. The ux is good and it's pretty too.",4,"female","Auckland, New Zealand","2023-11-25","positivo","update feb glitch happening where i start playing one song and it shows another song is playing visually the app developers reply below with a canned letter to go to their demoralizing support maze pros are excellent sound quality and universal links to share with friends who have apple or spotify etc the ux is good and it s pretty too",3,"then made | spotify then | through day | spotify tidal | streaming platform",0.025,0.025,0.025,0.825,0.025,0.025,0.025,0.025
8446,"I cant control the volume with the buttons on my headphone",4,"female","Nadi, Fiji","2024-01-08","positivo","i cant control the volume with the buttons on my headphone",4,"go back | tidal connect | best streaming service | streaming service quality | quality streaming",0.0625,0.0625,0.0625,0.0625,0.5625,0.0625,0.0625,0.0625
8448,"2020 review: 4.5/5.0 ⭐ (HiFi Subscription) I am in love with the recommendations, great artist support, and sound quality. 2025 review: 4.0/5.0 ⭐ I am happy with TIDAL's continual improvement, but I'm disappointed by recent changes. Through the app, TIDAL can now cast to AVR systems, but Chromecast/AVR disconnects have become MORE frequent (huge problem). The app doesn't track my listening history well. TIDAL forgets liked songs. The",4,"female","Canberra, Australia","2024-01-01","positivo","review hifi subscription i am in love with the recommendations great artist support and sound quality review i am happy with tidal s continual improvement but i m disappointed by recent changes through the app tidal can now cast to avr systems but chromecast avr disconnects have become more frequent huge problem the app doesn t track my listening history well tidal forgets liked songs the",7,"actually pay | slows things down | support artists | android auto | awesome selection",0.0208,0.0208,0.0208,0.0208,0.0208,0.0208,0.0208,0.8542
8449,"Great but has issues Ive Used the app for a few days and here's my thoughts First of all, I Like The UI with it being nice and clean and more Focused on music. it is easy to find new music to listen to Working similar to other apps The Audio quality is a solid Jump from Spotify Having alot more depth to the audio being alot more immersive. but issues have revealed themselves The App has been Crashing alot for me. and Different artists under the same name get there music combined sometimes",4,"female","Melbourne, Australia","2023-12-12","positivo","great but has issues ive used the app for a few days and here s my thoughts first of all i like the ui with it being nice and clean and more focused on music it is easy to find new music to listen to working similar to other apps the audio quality is a solid jump from spotify having alot more depth to the audio being alot more immersive but issues have revealed themselves the app has been crashing alot for me and different artists under the same name get there music combined sometimes",2,"best quality | tidal spotify | gets frustrating while | having same | switched spotify",0.0179,0.0179,0.7321,0.0179,0.0179,0.0179,0.1607,0.0179
8451,"Sound quality is better than the 💚 app, never lagging while streaming but something that made me mad is the searching is somewhat not good compared to the 💚 app.",4,"female","Auckland, New Zealand","2023-12-02","positivo","sound quality is better than the app never lagging while streaming but something that made me mad is the searching is somewhat not good compared to the app",5,"actually pay artists | spotify premium | less enjoyable | search find need | quality difference",0.0417,0.0417,0.0417,0.0417,0.0417,0.7083,0.0417,0.0417
8452,"Trying the 30 day trial. I'm seeing if it's worth moving from Spotify. Good news is you can move your playlists across for a small fee. Shows you what songs they don't have as it transfers. Doesn't have a cross fade function or you can't change the pic to put your own artwork on playlists which was disappointing. No podcasts either. Only glitch I encountered on a laptop was clicking a different song when another was playing. Instead of stopping the prior song, the new song place over the top",4,"female","Nadi, Fiji","2023-11-23","positivo","trying the day trial i m seeing if it s worth moving from spotify good news is you can move your playlists across for a small fee shows you what songs they don t have as it transfers doesn t have a cross fade function or you can t change the pic to put your own artwork on playlists which was disappointing no podcasts either only glitch i encountered on a laptop was clicking a different song when another was playing instead of stopping the prior song the new song place over the top",4,"go back | tidal connect | best streaming service | streaming service quality | quality streaming",0.0417,0.0417,0.0417,0.0417,0.7083,0.0417,0.0417,0.0417
8457,"It would be the perfect music app if I could give my playlists a cover image!",4,"female","Brasília, Brazil","2023-07-24","positivo","it would be the perfect music app if i could give my playlists a cover image",0,"high quality | streaming services | dolby atmos | using tidal | quality audio",0.125,0.125,0.125,0.125,0.125,0.125,0.125,0.125
8459,"What's with the AT&T Carrier Services requirement? How long is this going to remain an issue?",4,"female","Wellington, New Zealand","2023-12-14","positivo","what s with the at t carrier services requirement how long is this going to remain an issue",0,"high quality | streaming services | dolby atmos | using tidal | quality audio",0.125,0.125,0.125,0.125,0.125,0.125,0.125,0.125
8470,"Quality is top-notch; only grievance is it tends to randomly stop (even with internet/Wi-Fi connection at full strength) & catalog (especially for Retro Artists, EP's & Mixtapes). Would recommend to others",4,"female","Adelaide, Australia","2023-12-25","positivo","quality is top notch only grievance is it tends to randomly stop even with internet wi fi connection at full strength catalog especially for retro artists ep s mixtapes would recommend to others",4,"go back | tidal connect | best streaming service | streaming service quality | quality streaming",0.0208,0.3541,0.0208,0.0208,0.5209,0.0208,0.0208,0.0208
8474,"Free version is okay. You can only listen to their Playlists for the artist you want to listen to. You can just play a song you want to hear.",4,"female","Medellín, Colombia","2023-08-26","positivo","free version is okay you can only listen to their playlists for the artist you want to listen to you can just play a song you want to hear",1,"better spotify | master quality | about seconds | spotify where | back spotify",0.0625,0.5625,0.0625,0.0625,0.0625,0.0625,0.0625,0.0625
8475,"Good app, only thing I miss (coming from Spotify) is the ability to easily switch between devices connected to the same account.",4,"female","Gold Coast, Australia","2023-11-05","positivo","good app only thing i miss coming from spotify is the ability to easily switch between devices connected to the same account",1,"better spotify | master quality | about seconds | spotify where | back spotify",0.0313,0.7812,0.0313,0.0313,0.0313,0.0313,0.0313,0.0313
8482,"Good app and works well. Would give 5 stars if it worked a bit smoother while casting",4,"female","Perth, Australia","2023-12-31","positivo","good app and works well would give stars if it worked a bit smoother while casting",0,"high quality | streaming services | dolby atmos | using tidal | quality audio",0.125,0.125,0.125,0.125,0.125,0.125,0.125,0.125
8487,"If you shuffle a playlist with a larger amount of songs, only the first ones will be selected. E.g. if you scroll down and let more songs pop up / load, those will also play when then pressing shuffle. If you sort a playlist alphabetical you will only hear songs starting with an a. Scrolling down to the playlist also takes ages.",4,"female","Melbourne, Australia","2023-12-29","positivo","if you shuffle a playlist with a larger amount of songs only the first ones will be selected e g if you scroll down and let more songs pop up load those will also play when then pressing shuffle if you sort a playlist alphabetical you will only hear songs starting with an a scrolling down to the playlist also takes ages",2,"best quality | tidal spotify | gets frustrating while | having same | switched spotify",0.0313,0.0313,0.7812,0.0313,0.0313,0.0313,0.0313,0.0313
8491,"doesn't have all the songs that Spotify has, but it's free, and doesn't have ads, so I'm not complaining.",4,"female","Guayaquil, Ecuador","2023-07-30","positivo","doesn t have all the songs that spotify has but it s free and doesn t have ads so i m not complaining",7,"actually pay | slows things down | support artists | android auto | awesome selection",0.375,0.0417,0.0417,0.0417,0.0417,0.0417,0.0417,0.375
8494,"Crystal clear sound quality. Just needs to add more songs to their library.",4,"female","Sydney, Australia","2023-12-06","positivo","crystal clear sound quality just needs to add more songs to their library",2,"best quality | tidal spotify | gets frustrating while | having same | switched spotify",0.0313,0.0313,0.7812,0.0313,0.0313,0.0313,0.0313,0.0313
8495,"let's do it capybara",4,"female","Lima, Peru","2023-08-23","positivo","let s do it capybara",0,"high quality | streaming services | dolby atmos | using tidal | quality audio",0.125,0.125,0.125,0.125,0.125,0.125,0.125,0.125
8506,"I have just started! So far so good",4,"female","Nadi, Fiji","2023-11-14","positivo","i have just started so far so good",3,"then made | spotify then | through day | spotify tidal | streaming platform",0.0625,0.0625,0.0625,0.5625,0.0625,0.0625,0.0625,0.0625
8507,"Can't download song on window",4,"female","Bogotá, Colombia","2023-07-28","positivo","can t download song on window",0,"high quality | streaming services | dolby atmos | using tidal | quality audio",0.125,0.125,0.125,0.125,0.125,0.125,0.125,0.125
8550,"Works good for the most part. But but about once a month, it just says on the home screen and doesn't do anything. Even after an update. Extremely annoying",4,"female","Perth, Australia","2023-10-24","positivo","works good for the most part but but about once a month it just says on the home screen and doesn t do anything even after an update extremely annoying",4,"go back | tidal connect | best streaming service | streaming service quality | quality streaming",0.0313,0.0313,0.0313,0.0313,0.7812,0.0313,0.0313,0.0313
8565,"It doesn't support DTS sound system on my phone l, there's no change with Bass boost on/off in DTS setting but other players manage",4,"female","Canberra, Australia","2024-01-13","positivo","it doesn t support dts sound system on my phone l there s no change with bass boost on off in dts setting but other players manage",0,"high quality | streaming services | dolby atmos | using tidal | quality audio",0.125,0.125,0.125,0.125,0.125,0.125,0.125,0.125
8574,"everything that Spotify got plus interface with rekordbox. only thing is, no genre filter on liked tracks",4,"female","Fortaleza, Brazil","2023-09-12","positivo","everything that spotify got plus interface with rekordbox only thing is no genre filter on liked tracks",3,"then made | spotify then | through day | spotify tidal | streaming platform",0.0625,0.0625,0.0625,0.5625,0.0625,0.0625,0.0625,0.0625
8585,"Amazing I love using it. The only thing is that I wish there was better way to get too your Playlists",4,"female","Nadi, Fiji","2023-10-21","positivo","amazing i love using it the only thing is that i wish there was better way to get too your playlists",5,"actually pay artists | spotify premium | less enjoyable | search find need | quality difference",0.0313,0.0313,0.0313,0.0313,0.0313,0.7812,0.0313,0.0313
8595,"Audio quality is superb, way better than all other streaming services. 4 star rating is because of the app, it needs a rework. Home tab i way too bloated, Videos tab is there for some reason.., search is a bit too complicated, my activity is completely pointless and the entire app is a bit too slow, especially on a flagship phone from last year. Please fix these small issues or at least give us options to customise the interface",4,"female","Fortaleza, Brazil","2023-08-22","positivo","audio quality is superb way better than all other streaming services star rating is because of the app it needs a rework home tab i way too bloated videos tab is there for some reason search is a bit too complicated my activity is completely pointless and the entire app is a bit too slow especially on a flagship phone from last year please fix these small issues or at least give us options to customise the interface",0,"high quality | streaming services | dolby atmos | using tidal | quality audio",0.5892,0.3036,0.0179,0.0179,0.0179,0.0179,0.0179,0.0179
8596,"Fantastic app! Please add a sleep timer (:",4,"female","Wellington, New Zealand","2024-01-04","positivo","fantastic app please add a sleep timer",5,"actually pay artists | spotify premium | less enjoyable | search find need | quality difference",0.0313,0.0313,0.0313,0.0313,0.0313,0.7812,0.0313,0.0313
8599,"Great variety of music with great sound quality. Unlike streaming from the phone, music buffers every 20-30 minutes on the computer.",4,"female","Rio de Janeiro, Brazil","2023-07-31","positivo","great variety of music with great sound quality unlike streaming from the phone music buffers every minutes on the computer",0,"high quality | streaming services | dolby atmos | using tidal | quality audio",0.125,0.125,0.125,0.125,0.125,0.125,0.125,0.125
8603,"It works pretty well now and has a lot of advantages over Spotify but I have had issues in the past",4,"female","Port Moresby, Papua New Guinea","2023-11-27","positivo","it works pretty well now and has a lot of advantages over spotify but i have had issues in the past",4,"go back | tidal connect | best streaming service | streaming service quality | quality streaming",0.0417,0.0417,0.0417,0.0417,0.7083,0.0417,0.0417,0.0417
8607,"No Alexa support is a negative.",4,"female","Montevideo, Uruguay","2023-07-19","positivo","no alexa support is a negative",2,"best quality | tidal spotify | gets frustrating while | having same | switched spotify",0.0625,0.0625,0.5625,0.0625,0.0625,0.0625,0.0625,0.0625
8608,"Love Tidal for the music selection and quality. Over the last two months the Android app keeps signing me out in between sessions. Not convenient to find out you were signed out while you open the app to stream music while you are driving.",4,"female","Lima, Peru","2023-08-21","positivo","love tidal for the music selection and quality over the last two months the android app keeps signing me out in between sessions not convenient to find out you were signed out while you open the app to stream music while you are driving",3,"then made | spotify then | through day | spotify tidal | streaming platform",0.0313,0.0313,0.0313,0.7812,0.0313,0.0313,0.0313,0.0313
8613,"Enjoying 360° sound on headphones & ATMOS through speakers; only drawback is substitute live performances for studio tracks and ""other artists"" covers of popular music.",4,"female","Gold Coast, Australia","2023-09-25","positivo","enjoying sound on headphones atmos through speakers only drawback is substitute live performances for studio tracks and other artists covers of popular music",1,"better spotify | master quality | about seconds | spotify where | back spotify",0.0625,0.5625,0.0625,0.0625,0.0625,0.0625,0.0625,0.0625
8616,"Good but costs money fr goated",4,"female","Canberra, Australia","2023-11-14","positivo","good but costs money fr goated",0,"high quality | streaming services | dolby atmos | using tidal | quality audio",0.125,0.125,0.125,0.125,0.125,0.125,0.125,0.125
8617,"I would like to see lyrics.",4,"female","Montevideo, Uruguay","2023-09-08","positivo","i would like to see lyrics",0,"high quality | streaming services | dolby atmos | using tidal | quality audio",0.125,0.125,0.125,0.125,0.125,0.125,0.125,0.125
8625,"Needs gapless playback. I had that on an MP3 player from 2003. How has this feature been lost to time?",4,"female","Queenstown, New Zealand","2023-12-11","positivo","needs gapless playback i had that on an mp player from how has this feature been lost to time",5,"actually pay artists | spotify premium | less enjoyable | search find need | quality difference",0.0625,0.0625,0.0625,0.0625,0.0625,0.5625,0.0625,0.0625
8635,"Would it ever be possible to get Google home integration for this service? Pandora and Spotify both support this integration. Otherwise, I do like the service.",4,"female","Canberra, Australia","2023-09-20","positivo","would it ever be possible to get google home integration for this service pandora and spotify both support this integration otherwise i do like the service",3,"then made | spotify then | through day | spotify tidal | streaming platform",0.025,0.025,0.025,0.825,0.025,0.025,0.025,0.025
8636,"Works well on phones and tv's that have it. But not so well on DAPS. I can't log in to my account on a fiio M11s Until then, four stars",4,"female","São Paulo, Brazil","2023-07-26","positivo","works well on phones and tv s that have it but not so well on daps i can t log in to my account on a fiio ms until then four stars",0,"high quality | streaming services | dolby atmos | using tidal | quality audio",0.7083,0.0417,0.0417,0.0417,0.0417,0.0417,0.0417,0.0417
8639,"Excellent quality when playing master quality. Rather pricey for what it is",4,"female","Queenstown, New Zealand","2023-09-25","positivo","excellent quality when playing master quality rather pricey for what it is",1,"better spotify | master quality | about seconds | spotify where | back spotify",0.3749,0.375,0.0417,0.0417,0.0417,0.0417,0.0417,0.0417
8641,"Could be better with Romanian music (rap/trap and minimal). No suggestions, most of them are not in master quality, the artists don't have personal pages so if I listen to one I can get random songs from another artist with the same name. But overall good app, love it.",4,"female","Rio de Janeiro, Brazil","2023-08-15","positivo","could be better with romanian music rap trap and minimal no suggestions most of them are not in master quality the artists don t have personal pages so if i listen to one i can get random songs from another artist with the same name but overall good app love it",2,"best quality | tidal spotify | gets frustrating while | having same | switched spotify",0.0139,0.0139,0.9028,0.0139,0.0139,0.0139,0.0139,0.0139
8650,"A wonderful hifi listening experience for those without the worry of using GIGS of data in a Single session!! Literally went from under a gig of data used, to 20.5 gigs used in under 2 days!!! Ok, it was like 4 or 5 hours of listening on the go, but still that's insane. The quality of speakers needed to even be able to hear the difference is not in my price range, and I just spent 5 thousand on car speakers, so keep that in mind. But you can set the quality for mobile and wifi so that helps!!",4,"female","Wellington, New Zealand","2023-10-22","positivo","a wonderful hifi listening experience for those without the worry of using gigs of data in a single session literally went from under a gig of data used to gigs used in under days ok it was like or hours of listening on the go but still that s insane the quality of speakers needed to even be able to hear the difference is not in my price range and i just spent thousand on car speakers so keep that in mind but you can set the quality for mobile and wifi so that helps",5,"actually pay artists | spotify premium | less enjoyable | search find need | quality difference",0.025,0.025,0.025,0.025,0.025,0.825,0.025,0.025
8652,"Works good for me",4,"female","Buenos Aires, Argentina","2023-09-10","positivo","works good for me",0,"high quality | streaming services | dolby atmos | using tidal | quality audio",0.125,0.125,0.125,0.125,0.125,0.125,0.125,0.125
8668,"Love Tidal a lot. Just wish my suggestion was heard about the media controls in the quick settings (Android 11+) disappearing after a few minutes being paused. Other media apps don't have their controls disappear after pausing, Tidal shouldn't be the exception. Please fix for a better user experience!",4,"female","Christchurch, New Zealand","2023-10-12","positivo","love tidal a lot just wish my suggestion was heard about the media controls in the quick settings android disappearing after a few minutes being paused other media apps don t have their controls disappear after pausing tidal shouldn t be the exception please fix for a better user experience",3,"then made | spotify then | through day | spotify tidal | streaming platform",0.0417,0.0417,0.0417,0.7083,0.0417,0.0417,0.0417,0.0417
8670,"Mostly pleased with Tidal, HiFi Plus tier, the problem is an intermittent inability to cast to Sonos. Latest bug has made me crazy. Casting fine then suddenly couldn't cast to Sonos, couldn't even listen on my phone, froze all Tidal functions - play, pause etc. - unless I forced a stop. I tried everything. Reboot the phone. Reboot the modem. Check for updates etc. Nothing worked. Then logged out and logged back in. Now it works. Tidal developers please fix this.",4,"female","Perth, Australia","2023-10-18","positivo","mostly pleased with tidal hifi plus tier the problem is an intermittent inability to cast to sonos latest bug has made me crazy casting fine then suddenly couldn t cast to sonos couldn t even listen on my phone froze all tidal functions play pause etc unless i forced a stop i tried everything reboot the phone reboot the modem check for updates etc nothing worked then logged out and logged back in now it works tidal developers please fix this",2,"best quality | tidal spotify | gets frustrating while | having same | switched spotify",0.0179,0.0179,0.875,0.0179,0.0179,0.0179,0.0179,0.0179
8671,"Syudou on Tidal , Please 🥺",4,"female","Brisbane, Australia","2023-12-10","positivo","syudou on tidal please",0,"high quality | streaming services | dolby atmos | using tidal | quality audio",0.125,0.125,0.125,0.125,0.125,0.125,0.125,0.125
8674,"I have been an avid, faithful user of Tidal since 2016. Honestly, I love this app but recently I have discovered Tidal does NOT work with Android Auto. I know this is a Tidal-specific issue because my son can use both AppleMusic and Spotify with Android Auto in his vehicle. Seems ridiculous in 2025 this is an issue. Please fix.",4,"female","Medellín, Colombia","2023-07-11","positivo","i have been an avid faithful user of tidal since honestly i love this app but recently i have discovered tidal does not work with android auto i know this is a tidal specific issue because my son can use both applemusic and spotify with android auto in his vehicle seems ridiculous in this is an issue please fix",7,"actually pay | slows things down | support artists | android auto | awesome selection",0.0179,0.0179,0.0179,0.0179,0.0179,0.0179,0.0179,0.875
8684,"The best thing is you get the highest quality even 👌 Unfortunately, the worst parts is that the app crashes a lot daily, but if not that highly recommended",4,"female","Queenstown, New Zealand","2023-10-02","positivo","the best thing is you get the highest quality even unfortunately the worst parts is that the app crashes a lot daily but if not that highly recommended",1,"better spotify | master quality | about seconds | spotify where | back spotify",0.0417,0.7082,0.0417,0.0417,0.0417,0.0417,0.0418,0.0417
8701,"Muy buena, solo falta que le agreguen las descargas unicas por canción.",4,"female","Queenstown, New Zealand","2023-11-25","positivo","muy buena solo falta que le agreguen las descargas unicas por canción",0,"high quality | streaming services | dolby atmos | using tidal | quality audio",0.125,0.125,0.125,0.125,0.125,0.125,0.125,0.125
8710,"Works well. No hassle.",4,"female","Cali, Colombia","2023-07-28","positivo","works well no hassle",0,"high quality | streaming services | dolby atmos | using tidal | quality audio",0.125,0.125,0.125,0.125,0.125,0.125,0.125,0.125
8712,"Excellent audio quality. Definitely noticed the difference coming away from another major streaming player. Love that there is video sections to watch those music videos. Wished the player was a little bit intuitive when it comes cross playing on devices. Initially does suggests lots of rap and hip-hop which tidal is geared towards.",4,"female","Wellington, New Zealand","2023-11-26","positivo","excellent audio quality definitely noticed the difference coming away from another major streaming player love that there is video sections to watch those music videos wished the player was a little bit intuitive when it comes cross playing on devices initially does suggests lots of rap and hip hop which tidal is geared towards",0,"high quality | streaming services | dolby atmos | using tidal | quality audio",0.9028,0.0139,0.0139,0.0139,0.0139,0.0139,0.0139,0.0139
8724,"While Tidal has a more limited music library and doesn't have as much music as I'd like, I find the actual app experience far better than Spotify. As of recent, the Spotify app has been extremely buggy and only half works for me, after switching to Tidal, I don't have any more problems with listening to my music.",4,"female","Hobart, Australia","2023-09-29","positivo","while tidal has a more limited music library and doesn t have as much music as i d like i find the actual app experience far better than spotify as of recent the spotify app has been extremely buggy and only half works for me after switching to tidal i don t have any more problems with listening to my music",1,"better spotify | master quality | about seconds | spotify where | back spotify",0.0156,0.8906,0.0156,0.0156,0.0156,0.0156,0.0156,0.0156
8725,"music quality 10stars minus difficultity",4,"female","Córdoba, Argentina","2023-09-17","positivo","music quality stars minus difficultity",0,"high quality | streaming services | dolby atmos | using tidal | quality audio",0.125,0.125,0.125,0.125,0.125,0.125,0.125,0.125
8736,"I have the family plan, but I cannot have a playlist with the members of the subs, but honestly, it is the best music service that I've tried, with good hifi earphones, you will definitely feel the difference.",4,"female","Córdoba, Argentina","2023-08-22","positivo","i have the family plan but i cannot have a playlist with the members of the subs but honestly it is the best music service that i ve tried with good hifi earphones you will definitely feel the difference",5,"actually pay artists | spotify premium | less enjoyable | search find need | quality difference",0.0313,0.0313,0.0313,0.0313,0.0313,0.7812,0.0313,0.0313
8747,"Sound quality is premium . I would like if songs were able to blend in to the next song.",4,"female","Perth, Australia","2023-11-25","positivo","sound quality is premium i would like if songs were able to blend in to the next song",6,"pay artists | audio quality | hi fi | worth money | spotify any day",0.0417,0.0417,0.0417,0.0417,0.0417,0.0417,0.7083,0.0417
8766,"The variety is great More than I can choose from 🙂🙂🙂 By",4,"female","Wellington, New Zealand","2023-09-28","positivo","the variety is great more than i can choose from by",0,"high quality | streaming services | dolby atmos | using tidal | quality audio",0.125,0.125,0.125,0.125,0.125,0.125,0.125,0.125
8770,"Excellent music selection. Excellent sound quality. Great interface. My only complaint is integration with Sonos is not great. The app has to give control over to Sonos. It would be better if users could control music selection from within Tidal.",4,"female","Suva, Fiji","2023-12-18","positivo","excellent music selection excellent sound quality great interface my only complaint is integration with sonos is not great the app has to give control over to sonos it would be better if users could control music selection from within tidal",0,"high quality | streaming services | dolby atmos | using tidal | quality audio",0.875,0.0179,0.0179,0.0179,0.0179,0.0179,0.0179,0.0179
8772,"I really like Tidal but the biggest issue I'm having with it is that it doesn't have an option for a Light theme/background... don't know if this is a technical issue or whatever but I think a light theme would really help the user experience.",4,"female","Queenstown, New Zealand","2024-01-08","positivo","i really like tidal but the biggest issue i m having with it is that it doesn t have an option for a light theme background don t know if this is a technical issue or whatever but i think a light theme would really help the user experience",0,"high quality | streaming services | dolby atmos | using tidal | quality audio",0.125,0.125,0.125,0.125,0.125,0.125,0.125,0.125
8773,"I like the app, and TIDAL is a great service, especially for DJing. My only issue so far is that TIDAL Connect has yet to even show my other devices with TIDAL downloaded, including a Roku TV and Windows. If this connection issue is resolved, I'll change my rating to 5 stars.",4,"female","Arequipa, Peru","2023-08-19","positivo","i like the app and tidal is a great service especially for djing my only issue so far is that tidal connect has yet to even show my other devices with tidal downloaded including a roku tv and windows if this connection issue is resolved i ll change my rating to stars",4,"go back | tidal connect | best streaming service | streaming service quality | quality streaming",0.0313,0.0313,0.0313,0.0313,0.5312,0.0313,0.0313,0.2812
8783,"A huge variety of artists and genre, it's a brilliant app. The quality of sound is also excellent and the selection of playlist eclectic. Great work Tidal",4,"female","Wellington, New Zealand","2024-01-16","positivo","a huge variety of artists and genre it s a brilliant app the quality of sound is also excellent and the selection of playlist eclectic great work tidal",1,"better spotify | master quality | about seconds | spotify where | back spotify",0.0313,0.7812,0.0313,0.0313,0.0313,0.0313,0.0313,0.0313
8792,"Sometimes download doesn't work",4,"female","Sydney, Australia","2023-10-18","positivo","sometimes download doesn t work",0,"high quality | streaming services | dolby atmos | using tidal | quality audio",0.125,0.125,0.125,0.125,0.125,0.125,0.125,0.125
8794,"My app stops playing and shws an error every night at 4:02am, I use it to play white noise to sleep and this is a great inconvenient",4,"female","Rosario, Argentina","2023-07-18","positivo","my app stops playing and shws an error every night at am i use it to play white noise to sleep and this is a great inconvenient",1,"better spotify | master quality | about seconds | spotify where | back spotify",0.0625,0.5625,0.0625,0.0625,0.0625,0.0625,0.0625,0.0625
8807,"Bug on android. After 6 years been on another streaming service I changed for 6 months ago to Tidal and I've not regret it a second. But I really think the android app is full of bug and need to be improved radically. 1. Listing the playlist takes too long, 2. I experiment a lot of crashes 3. Even in download mode music stops now and then and gives an error of network failure, which it should not. Since it loads locally from mobile phone and no need for network connection. Improvement please...",4,"female","Gold Coast, Australia","2023-10-22","positivo","bug on android after years been on another streaming service i changed for months ago to tidal and i ve not regret it a second but i really think the android app is full of bug and need to be improved radically listing the playlist takes too long i experiment a lot of crashes even in download mode music stops now and then and gives an error of network failure which it should not since it loads locally from mobile phone and no need for network connection improvement please",4,"go back | tidal connect | best streaming service | streaming service quality | quality streaming",0.0139,0.0139,0.0139,0.0139,0.9028,0.0139,0.0139,0.0139
8815,"With android 15 I can't like a song from lock screen. Many songs that were in 192/24 are not 96 or 41... Toto, Michael Jackson, John Mayer, etc",4,"female","Lima, Peru","2023-09-12","positivo","with android i can t like a song from lock screen many songs that were in are not or toto michael jackson john mayer etc",1,"better spotify | master quality | about seconds | spotify where | back spotify",0.0417,0.7083,0.0417,0.0417,0.0417,0.0417,0.0417,0.0417
8829,"Not liking the upgrade right now. Having issues that I didn't have before",4,"female","Gold Coast, Australia","2023-12-23","positivo","not liking the upgrade right now having issues that i didn t have before",4,"go back | tidal connect | best streaming service | streaming service quality | quality streaming",0.0625,0.0625,0.0625,0.0625,0.5625,0.0625,0.0625,0.0625
8837,"Great app, works very well, but i would really like to have an in-app timer, so i could fall asleep listening to music. Please, add this feature.",4,"female","Canberra, Australia","2023-10-10","positivo","great app works very well but i would really like to have an in app timer so i could fall asleep listening to music please add this feature",4,"go back | tidal connect | best streaming service | streaming service quality | quality streaming",0.0625,0.0625,0.0625,0.0625,0.5625,0.0625,0.0625,0.0625
8839,"Good experience so far but needs a few features. A scroll bar would be cool to save scrolling through long playlists. A permanent ""suggested new releases"" section based on what you listen to, and sometimes playlists don't load in the playlists section. I have to go back to the previous menu and then click playlists again for it to appear. That's about it.",4,"female","Asunción, Paraguay","2023-09-17","positivo","good experience so far but needs a few features a scroll bar would be cool to save scrolling through long playlists a permanent suggested new releases section based on what you listen to and sometimes playlists don t load in the playlists section i have to go back to the previous menu and then click playlists again for it to appear that s about it",4,"go back | tidal connect | best streaming service | streaming service quality | quality streaming",0.0625,0.0625,0.0625,0.0625,0.5625,0.0625,0.0625,0.0625
8840,"It's a great music app can find most of my favorite artist and listen to most of their songs without an issue. There are times that the app logs me out or just quit working all together. That hasn't happened in awhile but it does happen.",4,"female","Bogotá, Colombia","2023-07-24","positivo","it s a great music app can find most of my favorite artist and listen to most of their songs without an issue there are times that the app logs me out or just quit working all together that hasn t happened in awhile but it does happen",5,"actually pay artists | spotify premium | less enjoyable | search find need | quality difference",0.025,0.025,0.025,0.025,0.025,0.8249,0.025,0.025
8846,"Good streaming app! The app works well and has a good selection of music. There are some features missing, but it works excellent for my usage.",4,"female","Sydney, Australia","2023-10-09","positivo","good streaming app the app works well and has a good selection of music there are some features missing but it works excellent for my usage",4,"go back | tidal connect | best streaming service | streaming service quality | quality streaming",0.0313,0.0313,0.0313,0.0313,0.7812,0.0313,0.0313,0.0313
8848,"Great steaming service! Everything is working as expected! Sound quality is the best 👌.",4,"female","La Paz, Bolivia","2023-09-06","positivo","great steaming service everything is working as expected sound quality is the best",4,"go back | tidal connect | best streaming service | streaming service quality | quality streaming",0.0417,0.0417,0.375,0.0417,0.375,0.0417,0.0417,0.0417
8851,"The app has a pretty good music selection but it will randomly stop your music and say you are playing music from the web, or it will randomly start playing from the reccomended next tracks, even on a Playlist.",4,"female","Port Moresby, Papua New Guinea","2023-12-26","positivo","the app has a pretty good music selection but it will randomly stop your music and say you are playing music from the web or it will randomly start playing from the reccomended next tracks even on a playlist",1,"better spotify | master quality | about seconds | spotify where | back spotify",0.0417,0.375,0.0417,0.375,0.0417,0.0417,0.0417,0.0417
8860,"Would have given 5 but for the explicit lyrics thing",4,"female","Rio de Janeiro, Brazil","2023-08-27","positivo","would have given but for the explicit lyrics thing",0,"high quality | streaming services | dolby atmos | using tidal | quality audio",0.125,0.125,0.125,0.125,0.125,0.125,0.125,0.125
8887,"Easy to use best streaming app I have right now and the sound quality is great",4,"female","Fortaleza, Brazil","2023-09-15","positivo","easy to use best streaming app i have right now and the sound quality is great",4,"go back | tidal connect | best streaming service | streaming service quality | quality streaming",0.0625,0.0625,0.0625,0.0625,0.5625,0.0625,0.0625,0.0625
8890,"Nice interface, but searching for genre-related music isn't so straightforward, could use a little more user-friendliness.",4,"female","Brasília, Brazil","2023-08-17","positivo","nice interface but searching for genre related music isn t so straightforward could use a little more user friendliness",5,"actually pay artists | spotify premium | less enjoyable | search find need | quality difference",0.0417,0.0417,0.0417,0.0417,0.0417,0.7083,0.0417,0.0417
8891,"Two features are missing compared to Spotify: Synchronisation of PC and Smartphone while music is playing, possibility of following friends and seeing what they're listening. Otherwise very good and sound quality is better than on Spotify.",4,"female","São Paulo, Brazil","2023-08-16","positivo","two features are missing compared to spotify synchronisation of pc and smartphone while music is playing possibility of following friends and seeing what they re listening otherwise very good and sound quality is better than on spotify",5,"actually pay artists | spotify premium | less enjoyable | search find need | quality difference",0.0156,0.0157,0.0156,0.0156,0.0156,0.8906,0.0156,0.0156
8894,"Gaps in playing music, who knows where it's streaming music from and the experience is troubling, on my phone as well as the TV! All other apps work fine on wifi and 4G.",4,"female","Bogotá, Colombia","2023-09-11","positivo","gaps in playing music who knows where it s streaming music from and the experience is troubling on my phone as well as the tv all other apps work fine on wifi and g",6,"pay artists | audio quality | hi fi | worth money | spotify any day",0.0625,0.0625,0.0625,0.0625,0.0625,0.0625,0.5625,0.0625
8896,"I wish it had a heart option on the android app. So you can like songs while driving. Spotify has it........",4,"female","Auckland, New Zealand","2024-01-04","positivo","i wish it had a heart option on the android app so you can like songs while driving spotify has it",3,"then made | spotify then | through day | spotify tidal | streaming platform",0.0313,0.0313,0.0313,0.7812,0.0313,0.0313,0.0313,0.0313
8900,"Good quality music and choices, just a bit expensive",4,"female","Port Moresby, Papua New Guinea","2024-01-04","positivo","good quality music and choices just a bit expensive",1,"better spotify | master quality | about seconds | spotify where | back spotify",0.0625,0.5625,0.0625,0.0625,0.0625,0.0625,0.0625,0.0625
8902,"Love It Mostly. I used to be able to play my Playlist on my Echo but it doesn't do that anymore. I'm a paying subscriber, nothing's changed there but for some reason Playlists aren't available.",4,"female","Brisbane, Australia","2023-12-17","positivo","love it mostly i used to be able to play my playlist on my echo but it doesn t do that anymore i m a paying subscriber nothing s changed there but for some reason playlists aren t available",1,"better spotify | master quality | about seconds | spotify where | back spotify",0.0417,0.375,0.0417,0.0417,0.0417,0.375,0.0417,0.0417
8904,"New beta home is amazing",4,"female","Hobart, Australia","2024-01-05","positivo","new beta home is amazing",4,"go back | tidal connect | best streaming service | streaming service quality | quality streaming",0.0625,0.0625,0.0625,0.0625,0.5625,0.0625,0.0625,0.0625
8910,"Thanks for fixing the app",4,"female","Quito, Ecuador","2023-09-16","positivo","thanks for fixing the app",7,"actually pay | slows things down | support artists | android auto | awesome selection",0.0625,0.0625,0.0625,0.0625,0.0625,0.0625,0.0625,0.5625
8915,"Hey Tidal, thank you for keeping it great! So many treasures within Music Library - # 1 @ HiFi selections more than Spotify. Appreciate new fresh updates. Too many empty complaints in comments section but I have enjoyed Tidal on a number of various smartphones. Only complaint that I have (it is small) is Search. if I miss it by 1 letter, then it will not correct or show me similar artists. example: Anne Murray vs Ann Murray. Thanks again!",4,"female","Melbourne, Australia","2023-10-09","positivo","hey tidal thank you for keeping it great so many treasures within music library hifi selections more than spotify appreciate new fresh updates too many empty complaints in comments section but i have enjoyed tidal on a number of various smartphones only complaint that i have it is small is search if i miss it by letter then it will not correct or show me similar artists example anne murray vs ann murray thanks again",3,"then made | spotify then | through day | spotify tidal | streaming platform",0.0179,0.0179,0.0179,0.875,0.0179,0.0179,0.0179,0.0179
8923,"Music as it should be heard! ❣️ Only thing I hate is the history. On Spotify it is a single click away shown as an icon top right...but TIDAL forces you to scroll on the homepage and easily miss the section...also, the history itself is categoried by month...great, but my most recent tracks never show?!? I have to wait a month for the category to get populated? Nonesense. Spotify and basically every other works like browser history...""here's what you listened to in order recent to last"" fix it!",4,"female","Queenstown, New Zealand","2023-11-27","positivo","music as it should be heard only thing i hate is the history on spotify it is a single click away shown as an icon top right but tidal forces you to scroll on the homepage and easily miss the section also the history itself is categoried by month great but my most recent tracks never show i have to wait a month for the category to get populated nonesense spotify and basically every other works like browser history here s what you listened to in order recent to last fix it",0,"high quality | streaming services | dolby atmos | using tidal | quality audio",0.125,0.125,0.125,0.125,0.125,0.125,0.125,0.125
8926,"I love the artist payout system. It makes me feel good knowing that when I listen to my favorite artist my money is put towards them. I all around love the app only thing I'd have a complaint about is the limited selection of music. Most modern music is in the app but going to the older artist they may or may not have the music ( EX: tight back where we started from by Maxine Nightingale",4,"female","Perth, Australia","2023-12-20","positivo","i love the artist payout system it makes me feel good knowing that when i listen to my favorite artist my money is put towards them i all around love the app only thing i d have a complaint about is the limited selection of music most modern music is in the app but going to the older artist they may or may not have the music ex tight back where we started from by maxine nightingale",3,"then made | spotify then | through day | spotify tidal | streaming platform",0.0313,0.0313,0.0313,0.7812,0.0313,0.0313,0.0313,0.0313
8940,"Love this App. It's free responsible for some of my best music moments. Great discovery function, Great artist radios, mixes and playlists. Can also download for offline listening. 👌",4,"female","Valparaíso, Chile","2023-07-09","positivo","love this app it s free responsible for some of my best music moments great discovery function great artist radios mixes and playlists can also download for offline listening",0,"high quality | streaming services | dolby atmos | using tidal | quality audio",0.7812,0.0313,0.0313,0.0313,0.0313,0.0313,0.0313,0.0313
8947,"My device no sound when play Dolby Atmos songs - POCO F3 🥺",4,"female","Nadi, Fiji","2023-12-08","positivo","my device no sound when play dolby atmos songs poco f",0,"high quality | streaming services | dolby atmos | using tidal | quality audio",0.7812,0.0313,0.0313,0.0313,0.0313,0.0313,0.0313,0.0313
8952,"Love love love this streaming service but 1 star off because the inconvenience of finding Dolby Atmos music it's always process a whole another album the same version but Dolby Atmos format so I am disappointed that it's a challenge to look for Dolby Atmos tracks and no lyrics for the Dolby Atmos songs like seriously",4,"female","Gold Coast, Australia","2023-10-29","positivo","love love love this streaming service but star off because the inconvenience of finding dolby atmos music it s always process a whole another album the same version but dolby atmos format so i am disappointed that it s a challenge to look for dolby atmos tracks and no lyrics for the dolby atmos songs like seriously",0,"high quality | streaming services | dolby atmos | using tidal | quality audio",0.9027,0.0139,0.0139,0.0139,0.014,0.0139,0.0139,0.0139
8955,"Works great on tablet and android. When will it be available on amazon alexa?",4,"female","Adelaide, Australia","2023-09-28","positivo","works great on tablet and android when will it be available on amazon alexa",0,"high quality | streaming services | dolby atmos | using tidal | quality audio",0.125,0.125,0.125,0.125,0.125,0.125,0.125,0.125
8966,"Flacs, flacs everywhere. Sign me up. Edit: there was alot of glitchyness when using my very first dac. I Uninstalled this app and was ready to give up on it, but later decided to give it another chance. I didn't download any music this time, just wifi streaming. It works perfectly now. The audio quality is so good. I don't have to buy cds now. Max is the best.",4,"female","Medellín, Colombia","2023-07-19","positivo","flacs flacs everywhere sign me up edit there was alot of glitchyness when using my very first dac i uninstalled this app and was ready to give up on it but later decided to give it another chance i didn t download any music this time just wifi streaming it works perfectly now the audio quality is so good i don t have to buy cds now max is the best",6,"pay artists | audio quality | hi fi | worth money | spotify any day",0.0313,0.0313,0.0313,0.0313,0.0313,0.0313,0.7812,0.0313
8969,"Very good indeed! Only wish that there were more songs, or OSTs from video games like the Nier Automata soundtrack.",4,"female","Canberra, Australia","2023-12-14","positivo","very good indeed only wish that there were more songs or osts from video games like the nier automata soundtrack",5,"actually pay artists | spotify premium | less enjoyable | search find need | quality difference",0.0625,0.0625,0.0625,0.0625,0.0625,0.5625,0.0625,0.0625
8976,"I love using tidal. Not just the high quality of audio but also all the various places they have integrations including for my tesla. One feature that I feel kinda is missing is some indicator next the songs when simply browsing new music to be able to see music already added to library to save the user a click to check if already added.",4,"female","Port Moresby, Papua New Guinea","2023-12-19","positivo","i love using tidal not just the high quality of audio but also all the various places they have integrations including for my tesla one feature that i feel kinda is missing is some indicator next the songs when simply browsing new music to be able to see music already added to library to save the user a click to check if already added",0,"high quality | streaming services | dolby atmos | using tidal | quality audio",0.9028,0.0139,0.0139,0.0139,0.0139,0.0139,0.0139,0.0139
8980,"Continually losing connection to my streamer from my android phone. Frustrating, especially when paying a subscription. Tidal sort these problems out, or I'll be going back to spotify once they up to CD quality. Since writing this review in February the app has now started working as it should (now late march). There has been no android update in that time, so I can only assume that Tidal fixed the problem. If so well done Tidal. Changed my rating to 4 stars.",4,"female","Port Moresby, Papua New Guinea","2024-01-16","positivo","continually losing connection to my streamer from my android phone frustrating especially when paying a subscription tidal sort these problems out or i ll be going back to spotify once they up to cd quality since writing this review in february the app has now started working as it should now late march there has been no android update in that time so i can only assume that tidal fixed the problem if so well done tidal changed my rating to stars",1,"better spotify | master quality | about seconds | spotify where | back spotify",0.0104,0.9271,0.0104,0.0104,0.0104,0.0104,0.0104,0.0104
8982,"The sound quality is great. But the search engine in the app takes a bit to get used to.",4,"female","Brisbane, Australia","2023-12-28","positivo","the sound quality is great but the search engine in the app takes a bit to get used to",4,"go back | tidal connect | best streaming service | streaming service quality | quality streaming",0.0625,0.0625,0.0625,0.0625,0.5625,0.0625,0.0625,0.0625
8991,"good for sound poor for user experience also known as quality of life within the app.",4,"female","Guayaquil, Ecuador","2023-07-02","positivo","good for sound poor for user experience also known as quality of life within the app",2,"best quality | tidal spotify | gets frustrating while | having same | switched spotify",0.0625,0.0625,0.5625,0.0625,0.0625,0.0625,0.0625,0.0625
8994,"It's near identical to Spotify but the free version is far superior to Spotify. There are however fewer small artists and podcasts.",4,"female","Guayaquil, Ecuador","2023-07-06","positivo","it s near identical to spotify but the free version is far superior to spotify there are however fewer small artists and podcasts",3,"then made | spotify then | through day | spotify tidal | streaming platform",0.0208,0.0208,0.0208,0.8542,0.0208,0.0208,0.0208,0.0208
9000,"Great bit should be able to share in app. Why not create a community in t app as opposed to having Fb and the bird for sharing?",4,"female","Suva, Fiji","2023-10-25","positivo","great bit should be able to share in app why not create a community in t app as opposed to having fb and the bird for sharing",4,"go back | tidal connect | best streaming service | streaming service quality | quality streaming",0.0313,0.0313,0.0313,0.0313,0.7812,0.0313,0.0313,0.0313
9005,"could use some bug fixing",4,"female","Lima, Peru","2023-09-04","positivo","could use some bug fixing",0,"high quality | streaming services | dolby atmos | using tidal | quality audio",0.125,0.125,0.125,0.125,0.125,0.125,0.125,0.125
9007,"I set up an account and verified my email and then downloaded the app onto my pixel 7 pro. The app will let me sign in and give me a check mark but then it goes right back to the sign in page. I have uninstalled the app and reinstalled it and I'm having the same problem. Can't get into the service 5/14 Customer service reached out to me. I'm not sure what they did but the app is working now. Thank you, looking forward to trying out the service",4,"female","Gold Coast, Australia","2023-12-27","positivo","i set up an account and verified my email and then downloaded the app onto my pixel pro the app will let me sign in and give me a check mark but then it goes right back to the sign in page i have uninstalled the app and reinstalled it and i m having the same problem can t get into the service customer service reached out to me i m not sure what they did but the app is working now thank you looking forward to trying out the service",2,"best quality | tidal spotify | gets frustrating while | having same | switched spotify",0.0208,0.0208,0.8542,0.0208,0.0208,0.0208,0.0208,0.0208
9008,"Worth using if you want higher sound quality. Needs to support adding your own files. Maybe a bit of work on UX.",4,"female","Nadi, Fiji","2024-01-04","positivo","worth using if you want higher sound quality needs to support adding your own files maybe a bit of work on ux",5,"actually pay artists | spotify premium | less enjoyable | search find need | quality difference",0.0417,0.0417,0.0417,0.0417,0.0417,0.7083,0.0417,0.0417
9014,"Brilliant sound but poor suggestions for new music",4,"female","Canberra, Australia","2023-12-09","positivo","brilliant sound but poor suggestions for new music",0,"high quality | streaming services | dolby atmos | using tidal | quality audio",0.125,0.125,0.125,0.125,0.125,0.125,0.125,0.125
9019,"I like this as my streaming service for two main reasons: it has great sound quality and it pays artists better than most of its competition. My main gripe, and the only reason I would consider switching if another hifi streaming service came along, is that they just don't put enough effort into the app itself. It's just too glitchy and I don't even have the character limit to get into all of that here.",4,"female","Nadi, Fiji","2023-10-16","positivo","i like this as my streaming service for two main reasons it has great sound quality and it pays artists better than most of its competition my main gripe and the only reason i would consider switching if another hifi streaming service came along is that they just don t put enough effort into the app itself it s just too glitchy and i don t even have the character limit to get into all of that here",0,"high quality | streaming services | dolby atmos | using tidal | quality audio",0.8404,0.0096,0.0096,0.0096,0.1019,0.0096,0.0096,0.0096
9021,"Solid. Lossless streaming through an external DAC, and it's bit-perfect, which is fantastic. Simple, easy to navigate interface. My only problem with Tidal on mobile is that it KEEPS CHANGING THE LANGUAGE. Yes, Tidal, I understand I am in France, but I set the app to English because that is my language, so why do you keep changing yourself to French ? Eagerly waiting for a fix. Until then, I will not be renewing my subscription.",4,"female","Fortaleza, Brazil","2023-07-20","positivo","solid lossless streaming through an external dac and it s bit perfect which is fantastic simple easy to navigate interface my only problem with tidal on mobile is that it keeps changing the language yes tidal i understand i am in france but i set the app to english because that is my language so why do you keep changing yourself to french eagerly waiting for a fix until then i will not be renewing my subscription",5,"actually pay artists | spotify premium | less enjoyable | search find need | quality difference",0.025,0.025,0.025,0.025,0.025,0.825,0.025,0.025
9027,"If your into your music and quality sound is your thing.......",4,"female","Buenos Aires, Argentina","2023-09-08","positivo","if your into your music and quality sound is your thing",0,"high quality | streaming services | dolby atmos | using tidal | quality audio",0.125,0.125,0.125,0.125,0.125,0.125,0.125,0.125
9030,"Easy to use interface. Excellent music quality. Three things would make this app perfect: Full integration with Google Home, Crossfade/gapless playback, & a quicker way to switch from offline mode to online mode",4,"female","Queenstown, New Zealand","2023-11-09","positivo","easy to use interface excellent music quality three things would make this app perfect full integration with google home crossfade gapless playback a quicker way to switch from offline mode to online mode",3,"then made | spotify then | through day | spotify tidal | streaming platform",0.0139,0.0139,0.0139,0.7887,0.0139,0.128,0.0139,0.0139
9043,"Sound quality is top notch but the catalogs of songs are lacking much compared to Spotify.",4,"female","Brasília, Brazil","2023-09-16","positivo","sound quality is top notch but the catalogs of songs are lacking much compared to spotify",4,"go back | tidal connect | best streaming service | streaming service quality | quality streaming",0.025,0.025,0.025,0.025,0.8249,0.0251,0.025,0.025
9045,"There is an issue when (I think but can't be for sure) servers update certain music and they stsy broken in favorites list therefore forcing to adding to favorite this music Otherwise I did not find nothing else bad about app.",4,"female","Asunción, Paraguay","2023-09-08","positivo","there is an issue when i think but can t be for sure servers update certain music and they stsy broken in favorites list therefore forcing to adding to favorite this music otherwise i did not find nothing else bad about app",0,"high quality | streaming services | dolby atmos | using tidal | quality audio",0.125,0.125,0.125,0.125,0.125,0.125,0.125,0.125
9047,"After 2 weeks using Tidal the big selling point is sound quality. It's noticeably better than a lot of alternatives. So far discovery & recommendations have been pretty good! Is the $20/month price justified? Hard to say right now. If you plan on listening to masters (or best available quality) you better have an unlimited data plan. Used 1.25gb in 2 days. Drawbacks: Not fully compatible with Google Assistant nor voice commands. UI within Android Auto needs improvement!! More feedback to come 🤔",4,"female","Christchurch, New Zealand","2023-10-22","positivo","after weeks using tidal the big selling point is sound quality it s noticeably better than a lot of alternatives so far discovery recommendations have been pretty good is the month price justified hard to say right now if you plan on listening to masters or best available quality you better have an unlimited data plan used gb in days drawbacks not fully compatible with google assistant nor voice commands ui within android auto needs improvement more feedback to come",0,"high quality | streaming services | dolby atmos | using tidal | quality audio",0.9271,0.0104,0.0104,0.0104,0.0104,0.0104,0.0104,0.0104
9048,"Not enough album or Song. But deliver good quality music such Dolby Atmos and Master Quality Authenticated (MQA) but content very limited. This app on smartphone is not working for my DAC amplifier but it work with desktop version. Please fix this issue.",4,"female","Rio de Janeiro, Brazil","2023-08-11","positivo","not enough album or song but deliver good quality music such dolby atmos and master quality authenticated mqa but content very limited this app on smartphone is not working for my dac amplifier but it work with desktop version please fix this issue",0,"high quality | streaming services | dolby atmos | using tidal | quality audio",0.375,0.375,0.0417,0.0417,0.0417,0.0417,0.0417,0.0417
9055,"Just joined up from Spotify where I was having constant problems. Happy with the initial set-up and extremely happy with the transfer of my songs, playlists etc from Spotify. Would give 5 stars IF the app had a sleep timer and the ability to crossfade songs (which Spotify has).",4,"female","Nadi, Fiji","2023-10-28","positivo","just joined up from spotify where i was having constant problems happy with the initial set up and extremely happy with the transfer of my songs playlists etc from spotify would give stars if the app had a sleep timer and the ability to crossfade songs which spotify has",1,"better spotify | master quality | about seconds | spotify where | back spotify",0.025,0.825,0.025,0.025,0.025,0.025,0.025,0.025
9058,"Volume control is not working for Sonos on my Pixel7pro. Spotify connect works flawless",4,"female","Rio de Janeiro, Brazil","2023-08-27","positivo","volume control is not working for sonos on my pixelpro spotify connect works flawless",3,"then made | spotify then | through day | spotify tidal | streaming platform",0.0313,0.0313,0.0313,0.7812,0.0313,0.0313,0.0313,0.0313
9069,"Good app with great sound quality. Could be a little more user friendly. Glad I made the switch.",4,"female","Christchurch, New Zealand","2023-11-05","positivo","good app with great sound quality could be a little more user friendly glad i made the switch",7,"actually pay | slows things down | support artists | android auto | awesome selection",0.0208,0.0208,0.0208,0.0208,0.0208,0.0208,0.0208,0.8542
9076,"I'm using Tidal for years now and I'm really happy with the apps features and look and feels. 360 Reality sounds makes me wanna puke. I couldn't find a way to completely disable those songs showing up.",4,"female","Queenstown, New Zealand","2023-12-11","positivo","i m using tidal for years now and i m really happy with the apps features and look and feels reality sounds makes me wanna puke i couldn t find a way to completely disable those songs showing up",0,"high quality | streaming services | dolby atmos | using tidal | quality audio",0.7812,0.0313,0.0313,0.0313,0.0313,0.0313,0.0313,0.0313
9080,"There are issues with the drivers when using a dac (dongle), producing clipping sounds periodically (1-2 seconds). The dac I am using is the ddhifi tc35 pro. We are looking forward for a fix!",4,"female","Brisbane, Australia","2023-10-21","positivo","there are issues with the drivers when using a dac dongle producing clipping sounds periodically seconds the dac i am using is the ddhifi tc pro we are looking forward for a fix",2,"best quality | tidal spotify | gets frustrating while | having same | switched spotify",0.0625,0.0625,0.5625,0.0625,0.0625,0.0625,0.0625,0.0625
9084,"HiFi playback quality has great sound, and audio quality is pure. However, there are some aspects which will send me to other HiFi streaming services: There is no option to store or cache music to external SD card, and with HiFi streaming this quickly becomes your largest App. Also playlists and mixes are OK, but do not offer as wide a range of choice as other music streaming apps. Great if you know what you want to listen to, not so good for discovering new songs and artists.",4,"female","Brasília, Brazil","2023-08-14","positivo","hifi playback quality has great sound and audio quality is pure however there are some aspects which will send me to other hifi streaming services there is no option to store or cache music to external sd card and with hifi streaming this quickly becomes your largest app also playlists and mixes are ok but do not offer as wide a range of choice as other music streaming apps great if you know what you want to listen to not so good for discovering new songs and artists",6,"pay artists | audio quality | hi fi | worth money | spotify any day",0.1679,0.0125,0.0125,0.0125,0.0125,0.0125,0.7571,0.0125
9086,"A good competitor to Spotify, but it is missing Podcasts and Audio books. Hopefully that could be included in future plans, but it seems like switching to Tidal will be otherwise a No Brainer.",4,"female","Caracas, Venezuela","2023-09-18","positivo","a good competitor to spotify but it is missing podcasts and audio books hopefully that could be included in future plans but it seems like switching to tidal will be otherwise a no brainer",2,"best quality | tidal spotify | gets frustrating while | having same | switched spotify",0.0417,0.0417,0.7083,0.0417,0.0417,0.0417,0.0417,0.0417
9091,"I love the App. The only thing that's annoying is the iOS exclusive swipe to queue. I know quite a few people that use Tidal and most of them use iOS which allows them to just swipe right and then have a song queued while I have to click on the Menu of the individual song which offen leads to me selecting the song and skipping the current one. It would be nice to have that added in the future.",4,"female","Canberra, Australia","2023-10-20","positivo","i love the app the only thing that s annoying is the ios exclusive swipe to queue i know quite a few people that use tidal and most of them use ios which allows them to just swipe right and then have a song queued while i have to click on the menu of the individual song which offen leads to me selecting the song and skipping the current one it would be nice to have that added in the future",4,"go back | tidal connect | best streaming service | streaming service quality | quality streaming",0.0417,0.0417,0.0417,0.0417,0.7083,0.0417,0.0417,0.0417
9096,"More android auto functionality. for example, ""add to collection"" button so user won't have to add through the phone. Improved interconnectivity functions. For example, control tidal remotely from android phone when iPad is connected analog to speakers.",4,"female","Christchurch, New Zealand","2023-09-20","positivo","more android auto functionality for example add to collection button so user won t have to add through the phone improved interconnectivity functions for example control tidal remotely from android phone when ipad is connected analog to speakers",7,"actually pay | slows things down | support artists | android auto | awesome selection",0.0208,0.0208,0.0208,0.0208,0.0208,0.0208,0.0208,0.8541
9127,"I'm loving the new Beta home screen! There are only two things I would like to see changed: 1. I was a big fan of the old way that the search engine worked and I stantly displayed results instead of suggestions. 2. I would prefer that there not be a huge banner at the top of the 'Search' tab. I much prefer the options for categories without that large distraction. Otherwise, the home screen update is awesome!",4,"female","Santa Cruz, Bolivia","2023-08-15","positivo","i m loving the new beta home screen there are only two things i would like to see changed i was a big fan of the old way that the search engine worked and i stantly displayed results instead of suggestions i would prefer that there not be a huge banner at the top of the search tab i much prefer the options for categories without that large distraction otherwise the home screen update is awesome",4,"go back | tidal connect | best streaming service | streaming service quality | quality streaming",0.0208,0.0208,0.0208,0.0208,0.8542,0.0208,0.0208,0.0208
9128,"I've been using tidal for a little over a month now and I'm happy with the service overall. But please add the options to ""never play this artist"" or ""never play this song"". The recommended songs that tidal plays after my favorite music don't seem very accurate, and they are repetitive. Also I need an option to favorite a song on Android auto version. Thank you for paying artists more than most streaming.",4,"female","Sydney, Australia","2023-10-17","positivo","i ve been using tidal for a little over a month now and i m happy with the service overall but please add the options to never play this artist or never play this song the recommended songs that tidal plays after my favorite music don t seem very accurate and they are repetitive also i need an option to favorite a song on android auto version thank you for paying artists more than most streaming",0,"high quality | streaming services | dolby atmos | using tidal | quality audio",0.9271,0.0104,0.0104,0.0104,0.0104,0.0104,0.0104,0.0104
9136,"Great high-fidelity streaming platform with a vastly wide music collection. Needs more UI patches and additional UI features such as adding a song to multiple playlists at once rather than clicking the track 》add to playlist (drop down menu) 》and adding to one playlist and repeating for each individual playlist. And also would be nice if Tidal remembered the tracks I add to my collection permanently across all devices but most important shouldn't forget your my collection after logoff and login",4,"female","Caracas, Venezuela","2023-09-13","positivo","great high fidelity streaming platform with a vastly wide music collection needs more ui patches and additional ui features such as adding a song to multiple playlists at once rather than clicking the track add to playlist drop down menu and adding to one playlist and repeating for each individual playlist and also would be nice if tidal remembered the tracks i add to my collection permanently across all devices but most important shouldn t forget your my collection after logoff and login",3,"then made | spotify then | through day | spotify tidal | streaming platform",0.0139,0.0139,0.0139,0.9028,0.0139,0.0139,0.0139,0.0139
9138,"Good app but the downloaded content isn't available without internet at times. Some albums are being taken down by Tidal and no longer available neither online, neither doenloaded and just occupying space in he phone! The best feature is when tidal plays songs automatically which fit to the last songs profile. I have got to know many good songs that way so i am thankful! Song lyrics should be also available to download, currently it only works online. 4 stars overall.",4,"female","Queenstown, New Zealand","2023-10-31","positivo","good app but the downloaded content isn t available without internet at times some albums are being taken down by tidal and no longer available neither online neither doenloaded and just occupying space in he phone the best feature is when tidal plays songs automatically which fit to the last songs profile i have got to know many good songs that way so i am thankful song lyrics should be also available to download currently it only works online stars overall",1,"better spotify | master quality | about seconds | spotify where | back spotify",0.0208,0.6875,0.0208,0.0208,0.0208,0.0208,0.0208,0.1874
9141,"They should put the lyrics back on there",4,"female","Christchurch, New Zealand","2023-10-30","positivo","they should put the lyrics back on there",0,"high quality | streaming services | dolby atmos | using tidal | quality audio",0.125,0.125,0.125,0.125,0.125,0.125,0.125,0.125
9148,"Android Auto mode is better than it was but still needs work.",4,"female","Quito, Ecuador","2023-06-29","positivo","android auto mode is better than it was but still needs work",7,"actually pay | slows things down | support artists | android auto | awesome selection",0.0625,0.0625,0.0625,0.0625,0.0625,0.0625,0.0625,0.5625
9153,"a sleep timer would be nice",4,"female","Port Moresby, Papua New Guinea","2023-12-10","positivo","a sleep timer would be nice",5,"actually pay artists | spotify premium | less enjoyable | search find need | quality difference",0.0625,0.0626,0.0625,0.0625,0.0625,0.5624,0.0625,0.0625
9154,"EDIT: Seems to be fixed with V2.151.0.1288.60 - Last 2 versions have problem with remembering playlist/queue while the app is closed for few hours. After reopening the app, the playlist/queue is empty. Clearing cache made no change.",4,"female","Suva, Fiji","2023-12-09","positivo","edit seems to be fixed with v last versions have problem with remembering playlist queue while the app is closed for few hours after reopening the app the playlist queue is empty clearing cache made no change",3,"then made | spotify then | through day | spotify tidal | streaming platform",0.025,0.025,0.025,0.825,0.025,0.025,0.025,0.025
9158,"quick question, why do i not have control over the volume? for me personally, it's too loud",4,"female","Salvador, Brazil","2023-07-19","positivo","quick question why do i not have control over the volume for me personally it s too loud",4,"go back | tidal connect | best streaming service | streaming service quality | quality streaming",0.0625,0.0625,0.0625,0.0625,0.5625,0.0625,0.0625,0.0625
9164,"The apps is great, but I think should improve the colors in lyrics, when a cover from a song is clear, there is very difficult to distinguish and read, for example dark chest of wonders",4,"female","Port Moresby, Papua New Guinea","2023-10-29","positivo","the apps is great but i think should improve the colors in lyrics when a cover from a song is clear there is very difficult to distinguish and read for example dark chest of wonders",0,"high quality | streaming services | dolby atmos | using tidal | quality audio",0.125,0.125,0.125,0.125,0.125,0.125,0.125,0.125
9166,"It's amazing app how ever some feature is missing please apgrade",4,"female","Queenstown, New Zealand","2023-11-17","positivo","it s amazing app how ever some feature is missing please apgrade",0,"high quality | streaming services | dolby atmos | using tidal | quality audio",0.125,0.125,0.125,0.125,0.125,0.125,0.125,0.125
9199,"Please add a method for sorting my playlists alphabetically.Also creating a section for all downloaded songs together would be very useful",4,"female","Quito, Ecuador","2023-07-05","positivo","please add a method for sorting my playlists alphabetically also creating a section for all downloaded songs together would be very useful",4,"go back | tidal connect | best streaming service | streaming service quality | quality streaming",0.0625,0.0625,0.0625,0.0625,0.5625,0.0625,0.0625,0.0625
9212,"For me, a truly great (paid) app. It costs roughly the same as YouTube Premium, but actually LOOKS premium, works seamlessly, and the improvement in sound quality is noticeable even with middling apparatus. At first look, it appears to carry the pervasive 'There was NO SUCH THING as music before 1990' message, and the store front is awash with allegedly 'Classic Collections', but perseverance will be rewarded!",4,"female","Sydney, Australia","2024-01-04","positivo","for me a truly great paid app it costs roughly the same as youtube premium but actually looks premium works seamlessly and the improvement in sound quality is noticeable even with middling apparatus at first look it appears to carry the pervasive there was no such thing as music before message and the store front is awash with allegedly classic collections but perseverance will be rewarded",0,"high quality | streaming services | dolby atmos | using tidal | quality audio",0.7812,0.0313,0.0313,0.0313,0.0313,0.0313,0.0313,0.0313
9229,"Much better then the others",4,"female","Caracas, Venezuela","2023-09-02","positivo","much better then the others",2,"best quality | tidal spotify | gets frustrating while | having same | switched spotify",0.0625,0.0625,0.5625,0.0625,0.0625,0.0625,0.0625,0.0625
9247,"Wonderful, cheap(for students) however many artists are missing",4,"female","Wellington, New Zealand","2023-11-25","positivo","wonderful cheap for students however many artists are missing",0,"high quality | streaming services | dolby atmos | using tidal | quality audio",0.125,0.125,0.125,0.125,0.125,0.125,0.125,0.125
9250,"Superb quality audio for a reasonable price. However there are ways Tidal could improve. For starters adding a timer to stop the music. The app needs to be more intuitive too, the ways to navigate my library feel rather restrictive. There's also an issue displaying the correct album covers in notification centre/lock screen. And this is more of a personal thing, but would love to see more japanese music, both by popular artists and soundtracks from games and anime.",4,"female","Nadi, Fiji","2023-10-10","positivo","superb quality audio for a reasonable price however there are ways tidal could improve for starters adding a timer to stop the music the app needs to be more intuitive too the ways to navigate my library feel rather restrictive there s also an issue displaying the correct album covers in notification centre lock screen and this is more of a personal thing but would love to see more japanese music both by popular artists and soundtracks from games and anime",7,"actually pay | slows things down | support artists | android auto | awesome selection",0.2812,0.2812,0.0313,0.0313,0.0313,0.0313,0.0313,0.2813
9263,"Remove the useless Live feature and I will give the app 5 stars.",4,"female","Montevideo, Uruguay","2023-07-03","positivo","remove the useless live feature and i will give the app stars",6,"pay artists | audio quality | hi fi | worth money | spotify any day",0.0625,0.0625,0.0625,0.0625,0.0625,0.0625,0.5625,0.0625
9265,"Brand new user; Feature request. Big use case for us is streaming at home. The handshake between my phone and the TV is very poor. Please just copy and paste Spotify's connectivity. My home theatre sound system is perfect for using your hi-fi service. But there no simple way to fully utilise it. For example if I do Chromecast from mobile to TV app, I loose Dolby Atoms and 24-bit. If I use the TV app, that means I have to control music from one room of the house. Please make this better.",4,"female","Santiago, Chile","2023-08-29","positivo","brand new user feature request big use case for us is streaming at home the handshake between my phone and the tv is very poor please just copy and paste spotify s connectivity my home theatre sound system is perfect for using your hi fi service but there no simple way to fully utilise it for example if i do chromecast from mobile to tv app i loose dolby atoms and bit if i use the tv app that means i have to control music from one room of the house please make this better",6,"pay artists | audio quality | hi fi | worth money | spotify any day",0.0313,0.0313,0.0313,0.0313,0.0313,0.0313,0.7812,0.0313
9276,"Dolby atmos game chager!",5,"female","Santiago, Chile","2025-08-04","positivo","dolby atmos game chager",0,"high quality | streaming services | dolby atmos | using tidal | quality audio",0.5625,0.0625,0.0625,0.0625,0.0625,0.0625,0.0625,0.0625
9283,"Just had an issue two days ago, when subscribe TIDAL. Costumer service was brilliant 👍 Send email, respond so quick, I didn't expect... Had a problem with a casting, lady who contact me via email, done here job amaizing... Thanks for that 👍🙂 Now everything is sortid, so no reason to move to any other service 👍 Plus quality is brilliant through my Yamaha RX-A 1030 and Tannoy speakers 👍 Thanks again🙂",5,"female","Nadi, Fiji","2025-11-01","positivo","just had an issue two days ago when subscribe tidal costumer service was brilliant send email respond so quick i didn t expect had a problem with a casting lady who contact me via email done here job amaizing thanks for that now everything is sortid so no reason to move to any other service plus quality is brilliant through my yamaha rx a and tannoy speakers thanks again",3,"then made | spotify then | through day | spotify tidal | streaming platform",0.0417,0.0417,0.0417,0.7083,0.0417,0.0417,0.0417,0.0417
9286,"PLEASE add a sleep timer! I need one so bad. Quality difference even in their free version vs Spotify premium is noticable. Hidden gem.",5,"female","Port Moresby, Papua New Guinea","2025-11-27","positivo","please add a sleep timer i need one so bad quality difference even in their free version vs spotify premium is noticable hidden gem",5,"actually pay artists | spotify premium | less enjoyable | search find need | quality difference",0.0208,0.0208,0.0208,0.0208,0.0208,0.8542,0.0208,0.0208
9289,"I have no complaints, it works really well, and sounds beautiful.",5,"female","São Paulo, Brazil","2025-07-03","positivo","i have no complaints it works really well and sounds beautiful",4,"go back | tidal connect | best streaming service | streaming service quality | quality streaming",0.0625,0.0625,0.0625,0.0625,0.5625,0.0625,0.0625,0.0625
9304,"Awesome. please add shared playlists 🙏",5,"female","Quito, Ecuador","2025-08-28","positivo","awesome please add shared playlists",1,"better spotify | master quality | about seconds | spotify where | back spotify",0.0625,0.5625,0.0625,0.0625,0.0625,0.0625,0.0625,0.0625
9314,"1st day of tidal...its 3:25am in New Orleans & im at work, will keep you updated.",5,"female","Sydney, Australia","2025-10-13","positivo","st day of tidal its am in new orleans im at work will keep you updated",0,"high quality | streaming services | dolby atmos | using tidal | quality audio",0.125,0.125,0.125,0.125,0.125,0.125,0.125,0.125
9321,"Fixed all the issues since last update. Best streaming app!",5,"female","Gold Coast, Australia","2025-10-11","positivo","fixed all the issues since last update best streaming app",4,"go back | tidal connect | best streaming service | streaming service quality | quality streaming",0.0313,0.0313,0.0313,0.0313,0.5313,0.0313,0.0313,0.2812
9329,"Love it! Videos add to the quality sound.",5,"female","Gold Coast, Australia","2025-10-27","positivo","love it videos add to the quality sound",0,"high quality | streaming services | dolby atmos | using tidal | quality audio",0.125,0.125,0.125,0.125,0.125,0.125,0.125,0.125
9349,"Best! Worth the money! Get it now! All of teh bestest musics....are now belong to us!!! never had a single issue...you newbs howling and crying about having issues are all probably hacked phones from trying to look at free porn ok...i live in Alaska on an island, I'm just on cellular data and its like holding lightning and fire in your hands.....plz buy$ a clue..thx.. 😅🥳",5,"female","Santa Cruz, Bolivia","2025-08-08","positivo","best worth the money get it now all of teh bestest musics are now belong to us never had a single issue you newbs howling and crying about having issues are all probably hacked phones from trying to look at free porn ok i live in alaska on an island i m just on cellular data and its like holding lightning and fire in your hands plz buy a clue thx",6,"pay artists | audio quality | hi fi | worth money | spotify any day",0.0417,0.0417,0.0417,0.0417,0.375,0.0417,0.375,0.0417
9356,"this is more than worth $20 a month because the wealth of music is just spectacular, and the quality of the streaming is fantastic. with this application is the basis for my daily dose of music while driving or listening at home for study and entertainment and pleasure and rocking out and everything we do to celebrate the music in our lives.",5,"female","Caracas, Venezuela","2025-07-14","positivo","this is more than worth a month because the wealth of music is just spectacular and the quality of the streaming is fantastic with this application is the basis for my daily dose of music while driving or listening at home for study and entertainment and pleasure and rocking out and everything we do to celebrate the music in our lives",4,"go back | tidal connect | best streaming service | streaming service quality | quality streaming",0.0417,0.0417,0.0417,0.375,0.375,0.0417,0.0417,0.0417
9357,"Most user friendly of the streaming services, and it has the every song that I search for",5,"female","Christchurch, New Zealand","2025-10-27","positivo","most user friendly of the streaming services and it has the every song that i search for",0,"high quality | streaming services | dolby atmos | using tidal | quality audio",0.375,0.0417,0.0417,0.0417,0.0417,0.0417,0.0417,0.375
9359,"My bad I had security code to sign in y..I love this app for music please love me back thanks I need my music to be happy",5,"female","Brasília, Brazil","2025-06-16","positivo","my bad i had security code to sign in y i love this app for music please love me back thanks i need my music to be happy",0,"high quality | streaming services | dolby atmos | using tidal | quality audio",0.125,0.125,0.125,0.125,0.125,0.125,0.125,0.125
9375,"SUPERIOR SOUND AS WELL AS ARTIST SUPPORT!GR8 STAFF WELL RUN MACHINE!",5,"female","Port Moresby, Papua New Guinea","2025-10-19","positivo","superior sound as well as artist support gr staff well run machine",7,"actually pay | slows things down | support artists | android auto | awesome selection",0.0625,0.0625,0.0625,0.0625,0.0625,0.0625,0.0625,0.5625
9403,"The Quality is insane!",5,"female","Canberra, Australia","2025-10-12","positivo","the quality is insane",7,"actually pay | slows things down | support artists | android auto | awesome selection",0.0625,0.0625,0.0625,0.0625,0.0625,0.0625,0.0625,0.5625
9414,"Music streaming game changer!",5,"female","Fortaleza, Brazil","2025-06-12","positivo","music streaming game changer",1,"better spotify | master quality | about seconds | spotify where | back spotify",0.0625,0.5625,0.0625,0.0625,0.0625,0.0625,0.0625,0.0625
9433,"Music quality is great, and I love the selection. The Family Plans are a great deal too",5,"female","Guayaquil, Ecuador","2025-08-24","positivo","music quality is great and i love the selection the family plans are a great deal too",3,"then made | spotify then | through day | spotify tidal | streaming platform",0.0625,0.0625,0.0625,0.5625,0.0625,0.0625,0.0625,0.0625
9438,"No sign of recording image due to imbalance hearing..",5,"female","Salvador, Brazil","2025-06-12","positivo","no sign of recording image due to imbalance hearing",0,"high quality | streaming services | dolby atmos | using tidal | quality audio",0.125,0.125,0.125,0.125,0.125,0.125,0.125,0.125
9455,"I wish Tidal had an android watch app",5,"female","Melbourne, Australia","2025-12-14","positivo","i wish tidal had an android watch app",7,"actually pay | slows things down | support artists | android auto | awesome selection",0.0417,0.0417,0.0417,0.0417,0.0417,0.0417,0.0417,0.7083
9460,"i come from youtube music so maybe thats why i enjoyed tidal so much but this app is just perfect for me the sound quality is next level",5,"female","Adelaide, Australia","2025-09-08","positivo","i come from youtube music so maybe thats why i enjoyed tidal so much but this app is just perfect for me the sound quality is next level",3,"then made | spotify then | through day | spotify tidal | streaming platform",0.0313,0.0313,0.0313,0.7812,0.0313,0.0313,0.0313,0.0313
9463,"best streaming platform and constantly evolving",5,"female","Christchurch, New Zealand","2025-10-25","positivo","best streaming platform and constantly evolving",4,"go back | tidal connect | best streaming service | streaming service quality | quality streaming",0.0313,0.0313,0.0313,0.2812,0.5313,0.0313,0.0313,0.0313
9465,"best music streaming app out!! ♡",5,"female","Asunción, Paraguay","2025-06-30","positivo","best music streaming app out",4,"go back | tidal connect | best streaming service | streaming service quality | quality streaming",0.0625,0.0625,0.0625,0.0625,0.5625,0.0625,0.0625,0.0625
9470,"Really happy, I'm moving to you from £potty. Just one thing though: can the info/credits fields particularly for classical music identify the year something was recorded please? For example Karajan did several recordings of Beethoven with the Berliner over a 30 year period. Each has its own merits. That sort of info would really make it for me.",5,"female","Suva, Fiji","2025-09-15","positivo","really happy i m moving to you from potty just one thing though can the info credits fields particularly for classical music identify the year something was recorded please for example karajan did several recordings of beethoven with the berliner over a year period each has its own merits that sort of info would really make it for me",0,"high quality | streaming services | dolby atmos | using tidal | quality audio",0.125,0.125,0.125,0.125,0.125,0.125,0.125,0.125
9477,"Great listening experience for the same price as Spotify",5,"female","Adelaide, Australia","2025-12-25","positivo","great listening experience for the same price as spotify",6,"pay artists | audio quality | hi fi | worth money | spotify any day",0.0625,0.0625,0.0625,0.0625,0.0625,0.0625,0.5625,0.0625
9478,"My favorite rapper is Young Dolph🐬",5,"female","Perth, Australia","2025-09-07","positivo","my favorite rapper is young dolph",0,"high quality | streaming services | dolby atmos | using tidal | quality audio",0.125,0.125,0.125,0.125,0.125,0.125,0.125,0.125
9493,"The Audio Quality is amazing af!!!",5,"female","Salvador, Brazil","2025-08-23","positivo","the audio quality is amazing af",7,"actually pay | slows things down | support artists | android auto | awesome selection",0.0417,0.0417,0.0417,0.0417,0.0417,0.0417,0.375,0.375
9497,"After trying all most popular music streaming platforms, and professionally analyzing the audio quality using the Null Test method, the winner is TIDAL. Topped by the fact that they pay artists more than the others, and integrates directly into Rekordbox, and allows conversion of all playlists from other platforms into TIDAL, there is no reason for me to go anywhere else. It still needs a search bar in the ""Add to playlist"" dialog (for when you have a lot of playlists), but otherwise its perfect",5,"female","La Paz, Bolivia","2025-06-10","positivo","after trying all most popular music streaming platforms and professionally analyzing the audio quality using the null test method the winner is tidal topped by the fact that they pay artists more than the others and integrates directly into rekordbox and allows conversion of all playlists from other platforms into tidal there is no reason for me to go anywhere else it still needs a search bar in the add to playlist dialog for when you have a lot of playlists but otherwise its perfect",6,"pay artists | audio quality | hi fi | worth money | spotify any day",0.0104,0.0104,0.0104,0.177,0.0104,0.0104,0.7605,0.0104
9503,"Love Tidal Music. It has all my favorite Smooth Jazz songs.",5,"female","La Paz, Bolivia","2025-07-12","positivo","love tidal music it has all my favorite smooth jazz songs",7,"actually pay | slows things down | support artists | android auto | awesome selection",0.0625,0.0625,0.0625,0.0625,0.0625,0.0625,0.0625,0.5625
9516,"Just heard about it! Using free, and so far it's pretty awesome. Sound quality is amazing. Don't like paying to listen to music unless I'm buying it, but... just maybe and they have a great student discount!",5,"female","Melbourne, Australia","2025-10-19","positivo","just heard about it using free and so far it s pretty awesome sound quality is amazing don t like paying to listen to music unless i m buying it but just maybe and they have a great student discount",3,"then made | spotify then | through day | spotify tidal | streaming platform",0.025,0.025,0.025,0.425,0.025,0.025,0.025,0.425
9519,"sound quality is excellent",5,"female","Quito, Ecuador","2025-08-19","positivo","sound quality is excellent",1,"better spotify | master quality | about seconds | spotify where | back spotify",0.0625,0.5625,0.0625,0.0625,0.0625,0.0625,0.0625,0.0625
9520,"Keep the bitstream constant, like a CD.",5,"female","Lima, Peru","2025-07-20","positivo","keep the bitstream constant like a cd",0,"high quality | streaming services | dolby atmos | using tidal | quality audio",0.125,0.125,0.125,0.125,0.125,0.125,0.125,0.125
9526,"I just want to say thank you for making it possible for me to listen to your app. I wasn't able to get Tidal on my new phone. I appreciate you for making it possible for me to listen to my favorite music. Take care",5,"female","Queenstown, New Zealand","2025-10-05","positivo","i just want to say thank you for making it possible for me to listen to your app i wasn t able to get tidal on my new phone i appreciate you for making it possible for me to listen to my favorite music take care",1,"better spotify | master quality | about seconds | spotify where | back spotify",0.025,0.825,0.025,0.025,0.025,0.025,0.025,0.025
9530,"Dibanding apple musik gda apa apanya tetep bagus tidal i love you sayang cantikk",5,"female","Perth, Australia","2025-10-02","positivo","dibanding apple musik gda apa apanya tetep bagus tidal i love you sayang cantikk",0,"high quality | streaming services | dolby atmos | using tidal | quality audio",0.125,0.125,0.125,0.125,0.125,0.125,0.125,0.125
9535,"Best streaming service for sure",5,"female","Rio de Janeiro, Brazil","2025-08-01","positivo","best streaming service for sure",4,"go back | tidal connect | best streaming service | streaming service quality | quality streaming",0.0313,0.0313,0.0313,0.0313,0.7812,0.0313,0.0313,0.0313
9540,"Best streaming app out there...👍👍🤟🤟",5,"female","Hobart, Australia","2025-11-04","positivo","best streaming app out there",4,"go back | tidal connect | best streaming service | streaming service quality | quality streaming",0.0625,0.0625,0.0625,0.0625,0.5625,0.0625,0.0625,0.0625
9542,"The best streaming application.",5,"female","Sydney, Australia","2025-11-13","positivo","the best streaming application",4,"go back | tidal connect | best streaming service | streaming service quality | quality streaming",0.0417,0.0417,0.0417,0.0417,0.7083,0.0417,0.0417,0.0417
9547,"Despite the differences in functionality I prefer this app over the spitshitify.",5,"female","Brisbane, Australia","2025-12-05","positivo","despite the differences in functionality i prefer this app over the spitshitify",0,"high quality | streaming services | dolby atmos | using tidal | quality audio",0.125,0.125,0.125,0.125,0.125,0.125,0.125,0.125
9548,"Okay after awhile this has become my favorite streaming app for music sometime it does require me to log back in only through wifi don't know why but that's one only downside.",5,"female","Hobart, Australia","2025-11-09","positivo","okay after awhile this has become my favorite streaming app for music sometime it does require me to log back in only through wifi don t know why but that s one only downside",7,"actually pay | slows things down | support artists | android auto | awesome selection",0.0313,0.0313,0.0313,0.0313,0.0313,0.3796,0.0313,0.4329
9556,"let's go jack dorsey",5,"female","Quito, Ecuador","2025-07-21","positivo","let s go jack dorsey",0,"high quality | streaming services | dolby atmos | using tidal | quality audio",0.125,0.125,0.125,0.125,0.125,0.125,0.125,0.125
9557,"Superior Quality Audio Platforms! Vast Selection of Genres. Highly Recommended.",5,"female","Salvador, Brazil","2025-06-17","positivo","superior quality audio platforms vast selection of genres highly recommended",6,"pay artists | audio quality | hi fi | worth money | spotify any day",0.0313,0.0313,0.0313,0.0313,0.0313,0.0313,0.7812,0.0313
9565,"I don't know what is going on but my Tidal app stops when my phone screen goes off. Very annoying. Tidal answered my email within minutes. Their suggestion to fix my problem was right on. Great app and great people to work with.",5,"female","Melbourne, Australia","2025-12-20","positivo","i don t know what is going on but my tidal app stops when my phone screen goes off very annoying tidal answered my email within minutes their suggestion to fix my problem was right on great app and great people to work with",6,"pay artists | audio quality | hi fi | worth money | spotify any day",0.0625,0.0625,0.0625,0.0625,0.0625,0.0625,0.5625,0.0625
9579,"App has gotten much better with updates, have been using Tidal for years now",5,"female","Wellington, New Zealand","2025-11-23","positivo","app has gotten much better with updates have been using tidal for years now",0,"high quality | streaming services | dolby atmos | using tidal | quality audio",0.825,0.025,0.025,0.025,0.025,0.025,0.025,0.025
9581,"The best!!, no ads nor promotions 💯 Altho there's still rooms for improvements, because some music's doesn't have lyrics attached most times when i stream, and maybe add room for lyrics offline, thank you 🥂",5,"female","Guayaquil, Ecuador","2025-08-29","positivo","the best no ads nor promotions altho there s still rooms for improvements because some music s doesn t have lyrics attached most times when i stream and maybe add room for lyrics offline thank you",1,"better spotify | master quality | about seconds | spotify where | back spotify",0.0625,0.5625,0.0625,0.0625,0.0625,0.0625,0.0625,0.0625
9586,"High quality music output",5,"female","Christchurch, New Zealand","2025-09-10","positivo","high quality music output",0,"high quality | streaming services | dolby atmos | using tidal | quality audio",0.5625,0.0625,0.0625,0.0625,0.0625,0.0625,0.0625,0.0625
9599,"I was trying to figure out why it didnt matter how nice of speakers I get.. that it just didnt sound good. It's because of tha tube.. tidal has a sound that's phenomenal compared to that other platform",5,"female","Bogotá, Colombia","2025-08-08","positivo","i was trying to figure out why it didnt matter how nice of speakers i get that it just didnt sound good it s because of tha tube tidal has a sound that s phenomenal compared to that other platform",2,"best quality | tidal spotify | gets frustrating while | having same | switched spotify",0.0625,0.0625,0.5625,0.0625,0.0625,0.0625,0.0625,0.0625
9605,"so I will be going to the tsb Bank and collect my money 💵 for I am walking like a tramp which I should never in my life I will be connected you as am getting stronger person",5,"female","Canberra, Australia","2025-09-17","positivo","so i will be going to the tsb bank and collect my money for i am walking like a tramp which i should never in my life i will be connected you as am getting stronger person",4,"go back | tidal connect | best streaming service | streaming service quality | quality streaming",0.0625,0.0625,0.0625,0.0625,0.5625,0.0625,0.0625,0.0625
9606,"Significantly greater music difference to others its awesome",5,"female","Bogotá, Colombia","2025-06-14","positivo","significantly greater music difference to others its awesome",0,"high quality | streaming services | dolby atmos | using tidal | quality audio",0.125,0.125,0.125,0.125,0.125,0.125,0.125,0.125
9621,"Terrific, artist focused service. I love the editorial content and the focus on albums. This is the music streaming app for adult music lovers.",5,"female","Valparaíso, Chile","2025-06-17","positivo","terrific artist focused service i love the editorial content and the focus on albums this is the music streaming app for adult music lovers",0,"high quality | streaming services | dolby atmos | using tidal | quality audio",0.125,0.125,0.125,0.125,0.125,0.125,0.125,0.125
9622,"So far so good My audiofile adventures have lead me to installing tidal and ditching YT music, I'm still on day one and beside for the high price of the better plans, I have had no issues with the software, and I can understand the price if it means my favorite artists actually get paid",5,"female","Córdoba, Argentina","2025-09-01","positivo","so far so good my audiofile adventures have lead me to installing tidal and ditching yt music i m still on day one and beside for the high price of the better plans i have had no issues with the software and i can understand the price if it means my favorite artists actually get paid",2,"best quality | tidal spotify | gets frustrating while | having same | switched spotify",0.0625,0.0625,0.5625,0.0625,0.0625,0.0625,0.0625,0.0625
9637,"Best music app ever just needs audio fixes a bit glitchy but still the best",5,"female","Melbourne, Australia","2025-12-28","positivo","best music app ever just needs audio fixes a bit glitchy but still the best",0,"high quality | streaming services | dolby atmos | using tidal | quality audio",0.125,0.125,0.125,0.125,0.125,0.125,0.125,0.125
9647,"Meets my needs exactly. Recommended.",5,"female","Brasília, Brazil","2025-06-25","positivo","meets my needs exactly recommended",0,"high quality | streaming services | dolby atmos | using tidal | quality audio",0.125,0.125,0.125,0.125,0.125,0.125,0.125,0.125
9653,"They are constantly adding new and old music, and the quality is truly unparalleled. Literally my only complaint is that they don't have every song I want yet, and the occasional glitchy download.",5,"female","Hobart, Australia","2025-10-15","positivo","they are constantly adding new and old music and the quality is truly unparalleled literally my only complaint is that they don t have every song i want yet and the occasional glitchy download",0,"high quality | streaming services | dolby atmos | using tidal | quality audio",0.5624,0.0625,0.0625,0.0626,0.0625,0.0625,0.0625,0.0625
9664,"I love this app. I even find obscure bands on it.",5,"female","Caracas, Venezuela","2025-06-28","positivo","i love this app i even find obscure bands on it",7,"actually pay | slows things down | support artists | android auto | awesome selection",0.0625,0.0625,0.0625,0.0625,0.0625,0.0625,0.0625,0.5625
9666,"Great sound quality lossless",5,"female","Perth, Australia","2025-09-12","positivo","great sound quality lossless",0,"high quality | streaming services | dolby atmos | using tidal | quality audio",0.125,0.125,0.125,0.125,0.125,0.125,0.125,0.125
9669,"It has been very easy to use. It has unique features.",5,"female","Christchurch, New Zealand","2025-11-09","positivo","it has been very easy to use it has unique features",0,"high quality | streaming services | dolby atmos | using tidal | quality audio",0.125,0.125,0.125,0.125,0.125,0.125,0.125,0.125
9671,"Excellent music app. Though, some podcasts would be nice.",5,"female","Hobart, Australia","2025-09-30","positivo","excellent music app though some podcasts would be nice",0,"high quality | streaming services | dolby atmos | using tidal | quality audio",0.125,0.125,0.125,0.125,0.125,0.125,0.125,0.125
9676,"All the songs, all the artists, all the beats you could want and more.. I could be in here all day!",5,"female","Fortaleza, Brazil","2025-08-01","positivo","all the songs all the artists all the beats you could want and more i could be in here all day",6,"pay artists | audio quality | hi fi | worth money | spotify any day",0.0625,0.0625,0.0625,0.0625,0.0625,0.0625,0.5625,0.0625
9678,"Tha best curation! I've started listening to a few artists I didn't know of before",5,"female","Bogotá, Colombia","2025-09-02","positivo","tha best curation i ve started listening to a few artists i didn t know of before",3,"then made | spotify then | through day | spotify tidal | streaming platform",0.0625,0.0625,0.0625,0.5625,0.0625,0.0625,0.0625,0.0625
9693,"I've been using Tidal since 2019 and I absolutely love it. The musical choices and the radio stations it creates are great. I love how I can create a playlist and easily download music to listen to when offline. I haven't played with watching videos or listening to podcast but of course they are options available.",5,"female","Queenstown, New Zealand","2025-11-15","positivo","i ve been using tidal since and i absolutely love it the musical choices and the radio stations it creates are great i love how i can create a playlist and easily download music to listen to when offline i haven t played with watching videos or listening to podcast but of course they are options available",0,"high quality | streaming services | dolby atmos | using tidal | quality audio",0.875,0.0179,0.0179,0.0179,0.0179,0.0179,0.0179,0.0179
9696,"It would be a 5 star if not for the anoyence the the sorting of songs is, I been reling on a bug to sort them, first I select by album then artist, this way it organizes by Artist/Album, I just wish this would be implemented in the sort menu as a option",5,"female","Arequipa, Peru","2025-07-12","positivo","it would be a star if not for the anoyence the the sorting of songs is i been reling on a bug to sort them first i select by album then artist this way it organizes by artist album i just wish this would be implemented in the sort menu as a option",0,"high quality | streaming services | dolby atmos | using tidal | quality audio",0.125,0.125,0.125,0.125,0.125,0.125,0.125,0.125
9701,"Love the moving album art",5,"female","Buenos Aires, Argentina","2025-07-31","positivo","love the moving album art",0,"high quality | streaming services | dolby atmos | using tidal | quality audio",0.125,0.125,0.125,0.125,0.125,0.125,0.125,0.125
9705,"the randomness of discover daily is really nice",5,"female","Queenstown, New Zealand","2025-12-21","positivo","the randomness of discover daily is really nice",2,"best quality | tidal spotify | gets frustrating while | having same | switched spotify",0.0625,0.0625,0.5625,0.0625,0.0625,0.0625,0.0625,0.0625
9728,"Love Tidal !!! They have all the music",5,"female","Queenstown, New Zealand","2025-10-20","positivo","love tidal they have all the music",0,"high quality | streaming services | dolby atmos | using tidal | quality audio",0.125,0.125,0.125,0.125,0.125,0.125,0.125,0.125
9732,"Really like this app.",5,"female","Medellín, Colombia","2025-06-19","positivo","really like this app",0,"high quality | streaming services | dolby atmos | using tidal | quality audio",0.125,0.125,0.125,0.125,0.125,0.125,0.125,0.125
9734,"This app is very good if you don't know then that's your problem ever since I downloaded this app 🙃 it has been epic I can stream like forever no stopping you can watch videos download and other things I love TIDAL thank you for allowing me to lesbian to all my favourite music music love also try Hifi plus you'll love it 😀",5,"female","Arequipa, Peru","2025-08-29","positivo","this app is very good if you don t know then that s your problem ever since i downloaded this app it has been epic i can stream like forever no stopping you can watch videos download and other things i love tidal thank you for allowing me to lesbian to all my favourite music music love also try hifi plus you ll love it",2,"best quality | tidal spotify | gets frustrating while | having same | switched spotify",0.0313,0.0313,0.7812,0.0313,0.0313,0.0313,0.0313,0.0313
9735,"I love the playlist algorithm , their selection of music and the ui. I switched over from spotify immediately after starting the trial period. I liked it that much",5,"female","Suva, Fiji","2025-10-16","positivo","i love the playlist algorithm their selection of music and the ui i switched over from spotify immediately after starting the trial period i liked it that much",2,"best quality | tidal spotify | gets frustrating while | having same | switched spotify",0.0313,0.0313,0.7812,0.0313,0.0313,0.0313,0.0313,0.0313
9737,"Works great but for some odd reason my subscription disappeared. Going in the website I'm just unable to update subscribe just errors out.",5,"female","Montevideo, Uruguay","2025-06-28","positivo","works great but for some odd reason my subscription disappeared going in the website i m just unable to update subscribe just errors out",0,"high quality | streaming services | dolby atmos | using tidal | quality audio",0.125,0.125,0.125,0.125,0.125,0.125,0.125,0.125
9742,"Love the HiFi & thanks for the Vet discount.",5,"female","Port Moresby, Papua New Guinea","2025-10-27","positivo","love the hifi thanks for the vet discount",0,"high quality | streaming services | dolby atmos | using tidal | quality audio",0.125,0.125,0.125,0.125,0.125,0.125,0.125,0.125
9756,"So superior to 5 years on Spotify.",5,"female","Port Moresby, Papua New Guinea","2025-11-18","positivo","so superior to years on spotify",0,"high quality | streaming services | dolby atmos | using tidal | quality audio",0.125,0.125,0.125,0.125,0.125,0.125,0.125,0.125
9759,"Honestly ive been using for 2 years know and no complaints",5,"female","Auckland, New Zealand","2025-11-20","positivo","honestly ive been using for years know and no complaints",3,"then made | spotify then | through day | spotify tidal | streaming platform",0.0625,0.0625,0.0625,0.5625,0.0625,0.0625,0.0625,0.0625
9761,"A can't believe I waited this long. I trialed tidal after a recommendation, and yes, the difference in sound quality is insane",5,"female","Auckland, New Zealand","2025-09-10","positivo","a can t believe i waited this long i trialed tidal after a recommendation and yes the difference in sound quality is insane",7,"actually pay | slows things down | support artists | android auto | awesome selection",0.0417,0.0417,0.0417,0.0417,0.0417,0.0417,0.0417,0.7083
9765,"The best hifi music app so far",5,"female","Hobart, Australia","2025-11-30","positivo","the best hifi music app so far",1,"better spotify | master quality | about seconds | spotify where | back spotify",0.0625,0.5625,0.0625,0.0625,0.0625,0.0625,0.0625,0.0625
9768,"This is One of my favorite music streaming services to use while I work.",5,"female","Lima, Peru","2025-06-29","positivo","this is one of my favorite music streaming services to use while i work",0,"high quality | streaming services | dolby atmos | using tidal | quality audio",0.375,0.0417,0.0417,0.0417,0.0417,0.0417,0.0417,0.375
9772,"the latest version broke tidal connect...my ipad works fine",5,"female","Melbourne, Australia","2025-10-13","positivo","the latest version broke tidal connect my ipad works fine",4,"go back | tidal connect | best streaming service | streaming service quality | quality streaming",0.025,0.025,0.025,0.025,0.625,0.025,0.225,0.025
9795,"Best streaming service available! I dropped my Siriusxm subscription for Tidal!",5,"female","Cali, Colombia","2025-08-22","positivo","best streaming service available i dropped my siriusxm subscription for tidal",4,"go back | tidal connect | best streaming service | streaming service quality | quality streaming",0.0179,0.0179,0.0179,0.0179,0.875,0.0179,0.0179,0.0179
9812,"JUST FOR MUSIC LOVERS!",5,"female","Melbourne, Australia","2025-09-12","positivo","just for music lovers",0,"high quality | streaming services | dolby atmos | using tidal | quality audio",0.125,0.125,0.125,0.125,0.125,0.125,0.125,0.125
9813,"Incredible, no going back to Spotify now 🤘🖤",5,"female","Brisbane, Australia","2025-10-14","positivo","incredible no going back to spotify now",1,"better spotify | master quality | about seconds | spotify where | back spotify",0.0313,0.7812,0.0313,0.0313,0.0313,0.0313,0.0313,0.0313
9818,"One of the best streaming music services out there.",5,"female","Buenos Aires, Argentina","2025-07-26","positivo","one of the best streaming music services out there",4,"go back | tidal connect | best streaming service | streaming service quality | quality streaming",0.375,0.0417,0.0417,0.0417,0.375,0.0417,0.0417,0.0417
9822,"Excellent sound quality. Increasing musical library is a must. Great overall",5,"female","Adelaide, Australia","2025-10-16","positivo","excellent sound quality increasing musical library is a must great overall",0,"high quality | streaming services | dolby atmos | using tidal | quality audio",0.5624,0.0625,0.0625,0.0626,0.0625,0.0625,0.0625,0.0625
9824,"Sound quality and music selection are exceptional.",5,"female","Fortaleza, Brazil","2025-07-07","positivo","sound quality and music selection are exceptional",3,"then made | spotify then | through day | spotify tidal | streaming platform",0.0625,0.0625,0.0625,0.5625,0.0625,0.0625,0.0625,0.0625
9828,"The previous update gave a search function on Android Auto! Still love the interface.",5,"female","La Paz, Bolivia","2025-06-06","positivo","the previous update gave a search function on android auto still love the interface",7,"actually pay | slows things down | support artists | android auto | awesome selection",0.0417,0.0417,0.0417,0.0417,0.0417,0.0417,0.375,0.375
9832,"I'm loving tidal so far, can't fault it at all. The only thing I'd like to know is how to claim my artist profile?",5,"female","Hobart, Australia","2025-10-27","positivo","i m loving tidal so far can t fault it at all the only thing i d like to know is how to claim my artist profile",2,"best quality | tidal spotify | gets frustrating while | having same | switched spotify",0.0417,0.0417,0.7083,0.0417,0.0417,0.0417,0.0417,0.0417
9835,"Very good overall, wish you could enable cross control and that would be voila",5,"female","Port Moresby, Papua New Guinea","2025-11-07","positivo","very good overall wish you could enable cross control and that would be voila",0,"high quality | streaming services | dolby atmos | using tidal | quality audio",0.125,0.125,0.125,0.125,0.125,0.125,0.125,0.125
9839,"Defo worth it, f*** spotify",5,"female","Cali, Colombia","2025-06-09","positivo","defo worth it f spotify",0,"high quality | streaming services | dolby atmos | using tidal | quality audio",0.125,0.125,0.125,0.125,0.125,0.125,0.125,0.125
9841,"Very intuitive app with an amazing music selection.",5,"female","Brisbane, Australia","2025-12-22","positivo","very intuitive app with an amazing music selection",0,"high quality | streaming services | dolby atmos | using tidal | quality audio",0.125,0.125,0.125,0.125,0.125,0.125,0.125,0.125
9843,"Excellent music service with no other match to quality.",5,"female","Rio de Janeiro, Brazil","2025-06-04","positivo","excellent music service with no other match to quality",5,"actually pay artists | spotify premium | less enjoyable | search find need | quality difference",0.0625,0.0625,0.0625,0.0625,0.0625,0.5625,0.0625,0.0625
9849,"Best music streaming app based on quality. Love the UI!",5,"female","Nadi, Fiji","2025-09-08","positivo","best music streaming app based on quality love the ui",4,"go back | tidal connect | best streaming service | streaming service quality | quality streaming",0.0417,0.3749,0.0417,0.0417,0.375,0.0417,0.0417,0.0417
9856,"Great experience past 8 months!",5,"female","Hobart, Australia","2025-11-10","positivo","great experience past months",2,"best quality | tidal spotify | gets frustrating while | having same | switched spotify",0.0625,0.0625,0.5625,0.0625,0.0625,0.0625,0.0625,0.0625
9897,"I can just about find any song...it is a life saver for my warehouse guys",5,"female","Asunción, Paraguay","2025-06-23","positivo","i can just about find any song it is a life saver for my warehouse guys",6,"pay artists | audio quality | hi fi | worth money | spotify any day",0.0625,0.0625,0.0625,0.0625,0.0625,0.0625,0.5625,0.0625
9909,"Downloaded Tidal back when my job offered a discount for 6 months. Knew right away this app was going to be a keeper. Great music choice. Always giving new music and can find some great oldies as well. Also like the mixes it puts together, I have found many artists through the mixes and am really enjoy the new sound I discover daily",5,"female","Fortaleza, Brazil","2025-06-20","positivo","downloaded tidal back when my job offered a discount for months knew right away this app was going to be a keeper great music choice always giving new music and can find some great oldies as well also like the mixes it puts together i have found many artists through the mixes and am really enjoy the new sound i discover daily",2,"best quality | tidal spotify | gets frustrating while | having same | switched spotify",0.0313,0.0313,0.7812,0.0313,0.0313,0.0313,0.0313,0.0313
9913,"Tidal is great! App works as it should, never had any problems!",5,"female","Perth, Australia","2025-12-19","positivo","tidal is great app works as it should never had any problems",1,"better spotify | master quality | about seconds | spotify where | back spotify",0.025,0.825,0.025,0.025,0.025,0.025,0.025,0.025
9929,"App works great, allows downloading of tracks/albums/playlists for offline play. Sound quality is great.",5,"female","Guayaquil, Ecuador","2025-06-16","positivo","app works great allows downloading of tracks albums playlists for offline play sound quality is great",2,"best quality | tidal spotify | gets frustrating while | having same | switched spotify",0.0417,0.0417,0.7083,0.0417,0.0417,0.0417,0.0417,0.0417
9934,"I think it's better then apple music I love it!",5,"female","Medellín, Colombia","2025-08-04","positivo","i think it s better then apple music i love it",2,"best quality | tidal spotify | gets frustrating while | having same | switched spotify",0.0625,0.0625,0.5625,0.0625,0.0625,0.0625,0.0625,0.0625
9939,"The best of the big streaming services by far",5,"female","Christchurch, New Zealand","2025-10-15","positivo","the best of the big streaming services by far",0,"high quality | streaming services | dolby atmos | using tidal | quality audio",0.7083,0.0417,0.0417,0.0417,0.0417,0.0417,0.0417,0.0417
9942,"Goddamnnnnn, shawty Soo fine, it's on fire 🔥. All hail Tidal.",5,"female","Melbourne, Australia","2025-12-23","positivo","goddamnnnnn shawty soo fine it s on fire all hail tidal",0,"high quality | streaming services | dolby atmos | using tidal | quality audio",0.125,0.125,0.125,0.125,0.125,0.125,0.125,0.125
9944,"Haven't found a band that they don't have. Great sound quality, too.",5,"female","Suva, Fiji","2025-10-24","positivo","haven t found a band that they don t have great sound quality too",4,"go back | tidal connect | best streaming service | streaming service quality | quality streaming",0.0625,0.0625,0.0625,0.0625,0.5625,0.0625,0.0625,0.0625
9952,"Love my Tidal. I can find any song or artist that I want to listen to.",5,"female","Queenstown, New Zealand","2025-12-23","positivo","love my tidal i can find any song or artist that i want to listen to",6,"pay artists | audio quality | hi fi | worth money | spotify any day",0.0417,0.0417,0.0417,0.0417,0.0417,0.0417,0.7083,0.0417
9956,"Perfect sound at perfect price. Love it.",5,"female","Queenstown, New Zealand","2025-09-28","positivo","perfect sound at perfect price love it",7,"actually pay | slows things down | support artists | android auto | awesome selection",0.0625,0.0625,0.0625,0.0625,0.0625,0.0625,0.0625,0.5625
9959,"I tried Spotify but I much prefer Tidal's UI, which is actually user-friendly instead of user-hostile. Still needs a bit of work though. The search almost doesn't work (it does seems to be getting better?) but the next-song autoplays are absolutely on point.",5,"female","Canberra, Australia","2025-11-22","positivo","i tried spotify but i much prefer tidal s ui which is actually user friendly instead of user hostile still needs a bit of work though the search almost doesn t work it does seems to be getting better but the next song autoplays are absolutely on point",7,"actually pay | slows things down | support artists | android auto | awesome selection",0.025,0.025,0.025,0.025,0.025,0.025,0.025,0.825
9968,"USB DAC support- thanks.",5,"female","Queenstown, New Zealand","2025-11-11","positivo","usb dac support thanks",3,"then made | spotify then | through day | spotify tidal | streaming platform",0.0625,0.0625,0.0625,0.5625,0.0625,0.0625,0.0625,0.0625
9977,"What's happened to notifications? The bell in the top corner just says monthly updates now after pressing it. It's not Notifications of new music that I follow anymore.",5,"female","Rio de Janeiro, Brazil","2025-08-07","positivo","what s happened to notifications the bell in the top corner just says monthly updates now after pressing it it s not notifications of new music that i follow anymore",0,"high quality | streaming services | dolby atmos | using tidal | quality audio",0.125,0.125,0.125,0.125,0.125,0.125,0.125,0.125
9982,"this app has been great for the past 2 months no issues at all, people have been saying there has been problems but non for me",5,"female","Brisbane, Australia","2025-11-22","positivo","this app has been great for the past months no issues at all people have been saying there has been problems but non for me",2,"best quality | tidal spotify | gets frustrating while | having same | switched spotify",0.0625,0.0625,0.5625,0.0625,0.0625,0.0625,0.0625,0.0625
9989,"Best hifi music app I've used",5,"female","Rosario, Argentina","2025-07-06","positivo","best hifi music app i ve used",1,"better spotify | master quality | about seconds | spotify where | back spotify",0.0625,0.5625,0.0625,0.0625,0.0625,0.0625,0.0625,0.0625
10000,"Don't know what happened on last update but app keeps crashing and unusable.",5,"female","Guayaquil, Ecuador","2025-07-18","positivo","don t know what happened on last update but app keeps crashing and unusable",0,"high quality | streaming services | dolby atmos | using tidal | quality audio",0.125,0.125,0.125,0.125,0.125,0.125,0.125,0.125
10002,"Big Up to Jayz & Tidal. thank you for supporting artists",5,"female","Sydney, Australia","2025-11-29","positivo","big up to jayz tidal thank you for supporting artists",3,"then made | spotify then | through day | spotify tidal | streaming platform",0.025,0.025,0.025,0.825,0.025,0.025,0.025,0.025
10006,"Lots of artists to choose from, sounds louder than other apps. Never had any problems from day one. Maybe add free themes to dress it up a bit. Thank you for a great music app.",5,"female","Asunción, Paraguay","2025-08-31","positivo","lots of artists to choose from sounds louder than other apps never had any problems from day one maybe add free themes to dress it up a bit thank you for a great music app",1,"better spotify | master quality | about seconds | spotify where | back spotify",0.0417,0.7083,0.0417,0.0417,0.0417,0.0417,0.0417,0.0417
10007,"Love it so much",5,"female","Córdoba, Argentina","2025-08-27","positivo","love it so much",0,"high quality | streaming services | dolby atmos | using tidal | quality audio",0.125,0.125,0.125,0.125,0.125,0.125,0.125,0.125
10016,"Love listening 🎧 to music",5,"female","Christchurch, New Zealand","2025-10-31","positivo","love listening to music",0,"high quality | streaming services | dolby atmos | using tidal | quality audio",0.125,0.125,0.125,0.125,0.125,0.125,0.125,0.125
10024,"Meets every music need I have",5,"female","Sydney, Australia","2025-12-21","positivo","meets every music need i have",0,"high quality | streaming services | dolby atmos | using tidal | quality audio",0.125,0.125,0.125,0.125,0.125,0.125,0.125,0.125
10026,"The music quality on the highest tier is very good. It's great to be able to see the credits of each track. The discovery future could be improved, its still not on Spotify level",5,"female","Canberra, Australia","2025-12-06","positivo","the music quality on the highest tier is very good it s great to be able to see the credits of each track the discovery future could be improved its still not on spotify level",0,"high quality | streaming services | dolby atmos | using tidal | quality audio",0.5313,0.0313,0.0313,0.0313,0.0313,0.2812,0.0313,0.0313
10028,"Great app great sound quality would be better if you showed sample rates and bit rates for albums and songs",5,"female","Gold Coast, Australia","2025-11-13","positivo","great app great sound quality would be better if you showed sample rates and bit rates for albums and songs",5,"actually pay artists | spotify premium | less enjoyable | search find need | quality difference",0.0625,0.0625,0.0625,0.0625,0.0625,0.5625,0.0625,0.0625
10029,"Works well. Most music available, even some obscure stuff",5,"female","Christchurch, New Zealand","2025-12-14","positivo","works well most music available even some obscure stuff",4,"go back | tidal connect | best streaming service | streaming service quality | quality streaming",0.0625,0.0625,0.0625,0.0625,0.5625,0.0625,0.0625,0.0625
10047,"Amazing audio quality. Easy user navigation.",5,"female","Queenstown, New Zealand","2025-10-27","positivo","amazing audio quality easy user navigation",6,"pay artists | audio quality | hi fi | worth money | spotify any day",0.025,0.025,0.025,0.025,0.025,0.025,0.825,0.025
10052,"Had issues for a min but tis all good now. I appreciate the quick fix!!",5,"female","La Paz, Bolivia","2025-08-09","positivo","had issues for a min but tis all good now i appreciate the quick fix",0,"high quality | streaming services | dolby atmos | using tidal | quality audio",0.125,0.125,0.125,0.125,0.125,0.125,0.125,0.125
10064,"Great Music choice, quality streaming service",5,"female","Santa Cruz, Bolivia","2025-08-11","positivo","great music choice quality streaming service",4,"go back | tidal connect | best streaming service | streaming service quality | quality streaming",0.0313,0.0313,0.0313,0.0313,0.7812,0.0313,0.0313,0.0313
10069,"Surprised at the music selection. A lot of my favorite artists, even some of the obscure, are available.",5,"female","Nadi, Fiji","2025-10-20","positivo","surprised at the music selection a lot of my favorite artists even some of the obscure are available",2,"best quality | tidal spotify | gets frustrating while | having same | switched spotify",0.0625,0.0625,0.5625,0.0625,0.0625,0.0625,0.0625,0.0625
10071,"Bit perfect made right!",5,"female","Christchurch, New Zealand","2025-12-05","positivo","bit perfect made right",5,"actually pay artists | spotify premium | less enjoyable | search find need | quality difference",0.0625,0.0625,0.0625,0.0625,0.0625,0.5625,0.0625,0.0625
10073,"Brilliant music streaming app: the UX is straightforward and not changed all the time like Spotify, good pricing and music quality, extensive catalogue, much more intelligent mixes, fantastic credits feature on records - hope they expand to podcasts in the near future and then it'll be the ultimate package",5,"female","Melbourne, Australia","2025-10-08","positivo","brilliant music streaming app the ux is straightforward and not changed all the time like spotify good pricing and music quality extensive catalogue much more intelligent mixes fantastic credits feature on records hope they expand to podcasts in the near future and then it ll be the ultimate package",0,"high quality | streaming services | dolby atmos | using tidal | quality audio",0.5625,0.0625,0.0625,0.0625,0.0625,0.0625,0.0625,0.0625
10100,"One of the best music apps has most music others don't. Worth the subscription.",5,"female","Sydney, Australia","2025-09-28","positivo","one of the best music apps has most music others don t worth the subscription",4,"go back | tidal connect | best streaming service | streaming service quality | quality streaming",0.0625,0.0625,0.0625,0.0625,0.5625,0.0625,0.0625,0.0625
10105,"Rammstein was missing, now it's 👍🙂",5,"female","La Paz, Bolivia","2025-06-03","positivo","rammstein was missing now it s",0,"high quality | streaming services | dolby atmos | using tidal | quality audio",0.125,0.125,0.125,0.125,0.125,0.125,0.125,0.125
10124,"very easy to use. l enjoy using this app on my phone and tablet.",5,"female","Brasília, Brazil","2025-08-11","positivo","very easy to use l enjoy using this app on my phone and tablet",5,"actually pay artists | spotify premium | less enjoyable | search find need | quality difference",0.0313,0.0313,0.0313,0.0313,0.0313,0.7812,0.0313,0.0313
10133,"I used to use Spotify but Came across this Music App,All I can say is that Despite 30 days free with TIDAL after this it's Slightly more to pay to Keep this app than the Spotify app but the music Selection is good.",5,"female","Montevideo, Uruguay","2025-08-24","positivo","i used to use spotify but came across this music app all i can say is that despite days free with tidal after this it s slightly more to pay to keep this app than the spotify app but the music selection is good",7,"actually pay | slows things down | support artists | android auto | awesome selection",0.0417,0.0417,0.0417,0.0417,0.0417,0.0417,0.0417,0.7083
10134,"Amazing app. Amazing search for all I need, almost. Some would be underground music that can't be found like dj mixes etc. When listening with headphones, it would be good to switch seamlessly to my laptop on the same song. I haven't succeeded with that yet.. still 5 stars.",5,"female","Suva, Fiji","2025-11-24","positivo","amazing app amazing search for all i need almost some would be underground music that can t be found like dj mixes etc when listening with headphones it would be good to switch seamlessly to my laptop on the same song i haven t succeeded with that yet still stars",0,"high quality | streaming services | dolby atmos | using tidal | quality audio",0.125,0.125,0.125,0.125,0.125,0.125,0.125,0.125
10143,"TIDAL is brilliant 👏 love the MQA !!! Stream through phone, Computer, Bluesound BluOS and TV.",5,"female","Hobart, Australia","2025-12-29","positivo","tidal is brilliant love the mqa stream through phone computer bluesound bluos and tv",7,"actually pay | slows things down | support artists | android auto | awesome selection",0.0625,0.0625,0.0625,0.0625,0.0625,0.0625,0.0625,0.5625
10147,"Spotify was in for LITTERALY YEARS. But when I just, last week discovered U guys??? I had a very curious, yet sceptic view (in the beginning. I was comparing to Spotify). Then saw how much better, and RICHER U are music and artist-wise. So I subscribed a few hours later 🙏🏼🙏🏼💫💃🏻💃🏻💃🏻💃🏻👌🏼 TIDAL SERIOUSLY IS THA THAAAANG! 🤪🥰 Spotnikfyyy 🤣🤣🤣👏🏼 Would all of a sudden, block 🚫 one of my favourite artists, or an album and a track and sh%£#£=t.",5,"female","Hobart, Australia","2025-12-05","positivo","spotify was in for litteraly years but when i just last week discovered u guys i had a very curious yet sceptic view in the beginning i was comparing to spotify then saw how much better and richer u are music and artist wise so i subscribed a few hours later tidal seriously is tha thaaaang spotnikfyyy would all of a sudden block one of my favourite artists or an album and a track and sh t",3,"then made | spotify then | through day | spotify tidal | streaming platform",0.0208,0.0208,0.0208,0.8542,0.0208,0.0208,0.0208,0.0208
10153,"From 2018 to April 24 update. Using cambridge Audio CXN Streamer with Tidal connect from phone in 2023. Higher res still further via usb direct from Windows desktop software, more fuss though. The sound stage and tight bass doubled in clarity with the CXA amplifier in my setup. As Slick as Spotify's interface, but wipes the floor in sound quality. Now the same price, Tidal as default through Google home voice activation? Spotify would rest in peace in my house. Source is key. That's TIDAL.",5,"female","Guayaquil, Ecuador","2025-06-26","positivo","from to april update using cambridge audio cxn streamer with tidal connect from phone in higher res still further via usb direct from windows desktop software more fuss though the sound stage and tight bass doubled in clarity with the cxa amplifier in my setup as slick as spotify s interface but wipes the floor in sound quality now the same price tidal as default through google home voice activation spotify would rest in peace in my house source is key that s tidal",3,"then made | spotify then | through day | spotify tidal | streaming platform",0.0208,0.0208,0.0208,0.3542,0.1875,0.1875,0.1874,0.0208
10155,"I love it cause I can pick all my own songs and the fact of no commercials",5,"female","Melbourne, Australia","2025-11-03","positivo","i love it cause i can pick all my own songs and the fact of no commercials",0,"high quality | streaming services | dolby atmos | using tidal | quality audio",0.125,0.125,0.125,0.125,0.125,0.125,0.125,0.125
10167,"9nly signed up for Mt unstab instant reward and still it won't register like fml",5,"female","Cali, Colombia","2025-06-30","positivo","nly signed up for mt unstab instant reward and still it won t register like fml",0,"high quality | streaming services | dolby atmos | using tidal | quality audio",0.125,0.125,0.125,0.125,0.125,0.125,0.125,0.125
10172,"Best music app EVER you can download music for free and watch it without wi-fi when ever you want!!!!",5,"female","Auckland, New Zealand","2025-12-26","positivo","best music app ever you can download music for free and watch it without wi fi when ever you want",1,"better spotify | master quality | about seconds | spotify where | back spotify",0.0625,0.5625,0.0625,0.0625,0.0625,0.0625,0.0625,0.0625
10176,"Exceptional experience but give us crossfade like in IOS",5,"female","Wellington, New Zealand","2025-12-08","positivo","exceptional experience but give us crossfade like in ios",0,"high quality | streaming services | dolby atmos | using tidal | quality audio",0.125,0.125,0.125,0.125,0.125,0.125,0.125,0.125
10192,"Amazing...but wished it would list the # of listens for each songs. Cancelled my Spotify as soon as I tried TIDAL.",5,"female","Hobart, Australia","2025-11-25","positivo","amazing but wished it would list the of listens for each songs cancelled my spotify as soon as i tried tidal",2,"best quality | tidal spotify | gets frustrating while | having same | switched spotify",0.0417,0.0417,0.7083,0.0417,0.0417,0.0417,0.0417,0.0417
10204,"Music is with excellent quality",5,"female","Cali, Colombia","2025-06-21","positivo","music is with excellent quality",0,"high quality | streaming services | dolby atmos | using tidal | quality audio",0.5624,0.0625,0.0625,0.0626,0.0625,0.0625,0.0625,0.0625
10212,"Overall very easy to use. The amount of music in different categories is phenomenon. I enjoy my music from morning to late evening.",5,"female","Quito, Ecuador","2025-07-19","positivo","overall very easy to use the amount of music in different categories is phenomenon i enjoy my music from morning to late evening",0,"high quality | streaming services | dolby atmos | using tidal | quality audio",0.125,0.125,0.125,0.125,0.125,0.125,0.125,0.125
10218,"All the music you need!!",5,"female","Port Moresby, Papua New Guinea","2025-09-26","positivo","all the music you need",0,"high quality | streaming services | dolby atmos | using tidal | quality audio",0.125,0.125,0.125,0.125,0.125,0.125,0.125,0.125
10229,"The sound quality is amazing, and it's really easy to use. Very happy to have switched to Tidal.",5,"female","Auckland, New Zealand","2025-10-30","positivo","the sound quality is amazing and it s really easy to use very happy to have switched to tidal",7,"actually pay | slows things down | support artists | android auto | awesome selection",0.0418,0.0417,0.0417,0.0417,0.0417,0.0417,0.0417,0.7082
10233,"Old school, new, gospel and easy to navigate. I enjoy the app.",5,"female","Asunción, Paraguay","2025-05-31","positivo","old school new gospel and easy to navigate i enjoy the app",5,"actually pay artists | spotify premium | less enjoyable | search find need | quality difference",0.0417,0.0417,0.0417,0.0417,0.0417,0.7083,0.0417,0.0417
10235,"Amazing music application. The trail is a good length and they suggestion the perfect songs ✨",5,"female","Sydney, Australia","2025-11-26","positivo","amazing music application the trail is a good length and they suggestion the perfect songs",0,"high quality | streaming services | dolby atmos | using tidal | quality audio",0.5625,0.0625,0.0625,0.0625,0.0625,0.0625,0.0625,0.0625
10241,"I can find almost every kind of music I want to listen to. If you can add the lyrics to the songs it would be a great app.",5,"female","Brasília, Brazil","2025-06-30","positivo","i can find almost every kind of music i want to listen to if you can add the lyrics to the songs it would be a great app",6,"pay artists | audio quality | hi fi | worth money | spotify any day",0.0625,0.0625,0.0625,0.0625,0.0625,0.0625,0.5625,0.0625
10242,"Good algorithms keep me playing Artist Radio, I don't have to continuously make playlist.",5,"female","Auckland, New Zealand","2025-10-26","positivo","good algorithms keep me playing artist radio i don t have to continuously make playlist",7,"actually pay | slows things down | support artists | android auto | awesome selection",0.0625,0.0625,0.0625,0.0625,0.0625,0.0625,0.0625,0.5625
10246,"Awesome app! Music lovers heaven.",5,"female","Suva, Fiji","2025-12-27","positivo","awesome app music lovers heaven",0,"high quality | streaming services | dolby atmos | using tidal | quality audio",0.125,0.125,0.125,0.125,0.125,0.125,0.125,0.125
10247,"Very satisfied with Tidal. I highly recommend it.",5,"female","Nadi, Fiji","2025-09-22","positivo","very satisfied with tidal i highly recommend it",7,"actually pay | slows things down | support artists | android auto | awesome selection",0.0417,0.0418,0.0417,0.0417,0.0417,0.0417,0.0417,0.7081
10256,"I really enjoy Tidal! I used to be with Spotify but noticed some issues. So I switched to Tidal HiFi and my experience was so much better! There are way better features on Tidal than Spotify! I have recently upgraded to HiFi plus and I am very impressed! Can't wait to see the future of Tidal Music! :)",5,"female","Melbourne, Australia","2025-12-07","positivo","i really enjoy tidal i used to be with spotify but noticed some issues so i switched to tidal hifi and my experience was so much better there are way better features on tidal than spotify i have recently upgraded to hifi plus and i am very impressed can t wait to see the future of tidal music",2,"best quality | tidal spotify | gets frustrating while | having same | switched spotify",0.0125,0.0125,0.9125,0.0125,0.0125,0.0125,0.0125,0.0125
10262,"I love the clarity of the music And I want to thank you for what I payment was due you still kept me going for 2 more weeks When I was broke and couldn't make the payment Thank you so much I love my music That's the only thing left in my life These days These days That keeps me happy Thank you",5,"female","Fortaleza, Brazil","2025-07-02","positivo","i love the clarity of the music and i want to thank you for what i payment was due you still kept me going for more weeks when i was broke and couldn t make the payment thank you so much i love my music that s the only thing left in my life these days these days that keeps me happy thank you",0,"high quality | streaming services | dolby atmos | using tidal | quality audio",0.125,0.125,0.125,0.125,0.125,0.125,0.125,0.125
10265,"Had just about every song I might want. Great sound quality! Love it.",5,"female","Hobart, Australia","2025-10-18","positivo","had just about every song i might want great sound quality love it",0,"high quality | streaming services | dolby atmos | using tidal | quality audio",0.125,0.125,0.125,0.125,0.125,0.125,0.125,0.125
10268,"Amazing it's short",5,"female","Montevideo, Uruguay","2025-05-31","positivo","amazing it s short",0,"high quality | streaming services | dolby atmos | using tidal | quality audio",0.125,0.125,0.125,0.125,0.125,0.125,0.125,0.125
10289,"I love the personalized mixes generated by your music vibe and let's not forget the Essentials",5,"female","Queenstown, New Zealand","2025-12-20","positivo","i love the personalized mixes generated by your music vibe and let s not forget the essentials",0,"high quality | streaming services | dolby atmos | using tidal | quality audio",0.125,0.125,0.125,0.125,0.125,0.125,0.125,0.125
10292,"I moved from spotify a month ago. What I like: - UI is smooth and nice to look at - Higher sound quality plus moderately more money for artists Room for improvement: - There is no ""Add to homescreen"" feature - No shared playlists - When I pause the music, the player for some reason disappears from notifications after like a minute",5,"female","Asunción, Paraguay","2025-08-17","positivo","i moved from spotify a month ago what i like ui is smooth and nice to look at higher sound quality plus moderately more money for artists room for improvement there is no add to homescreen feature no shared playlists when i pause the music the player for some reason disappears from notifications after like a minute",1,"better spotify | master quality | about seconds | spotify where | back spotify",0.025,0.625,0.025,0.025,0.025,0.225,0.025,0.025
10293,"Keeps crashing. Last few weeks.",5,"female","Guayaquil, Ecuador","2025-06-18","positivo","keeps crashing last few weeks",4,"go back | tidal connect | best streaming service | streaming service quality | quality streaming",0.0313,0.0313,0.0313,0.0313,0.7812,0.0313,0.0313,0.0313
10295,"High fidelity music for the same price as lowfi spotify. No brainer if you like quality.",5,"female","Sydney, Australia","2025-12-27","positivo","high fidelity music for the same price as lowfi spotify no brainer if you like quality",3,"then made | spotify then | through day | spotify tidal | streaming platform",0.0417,0.0417,0.0417,0.375,0.0417,0.0417,0.375,0.0417
10311,"I'm am so impressed with how this app, plays music. It takes me on a music journey as soon as I put my buds in. Phenomenal technology, I say.",5,"female","Montevideo, Uruguay","2025-06-22","positivo","i m am so impressed with how this app plays music it takes me on a music journey as soon as i put my buds in phenomenal technology i say",2,"best quality | tidal spotify | gets frustrating while | having same | switched spotify",0.0625,0.0625,0.5625,0.0625,0.0625,0.0625,0.0625,0.0625
10318,"So far so exciting",5,"female","Gold Coast, Australia","2025-12-13","positivo","so far so exciting",0,"high quality | streaming services | dolby atmos | using tidal | quality audio",0.125,0.125,0.125,0.125,0.125,0.125,0.125,0.125
10332,"Great app, has all the desired functionalities. The music recommendations are much better than the other music streaming apps I've used. Let's you discover great music. Also great that albums & EPs are sorted by release date and not popularity. It really is an app for music lovers. But most importantly the ability to stream HiFi for an affordable price. The only thing that is not working consistently for me is streaming to wifi speakers, it tends to disconnect often. Otherwise, great app!",5,"female","Suva, Fiji","2025-10-18","positivo","great app has all the desired functionalities the music recommendations are much better than the other music streaming apps i ve used let s you discover great music also great that albums eps are sorted by release date and not popularity it really is an app for music lovers but most importantly the ability to stream hifi for an affordable price the only thing that is not working consistently for me is streaming to wifi speakers it tends to disconnect often otherwise great app",1,"better spotify | master quality | about seconds | spotify where | back spotify",0.025,0.825,0.025,0.025,0.025,0.025,0.025,0.025
10341,"Good experience with this streaming service. Frustrating that playlists cannot be shared between members of the same family subscription, though.",5,"female","Sydney, Australia","2025-09-21","positivo","good experience with this streaming service frustrating that playlists cannot be shared between members of the same family subscription though",4,"go back | tidal connect | best streaming service | streaming service quality | quality streaming",0.0417,0.0417,0.0417,0.375,0.375,0.0417,0.0417,0.0417
10347,"Great ui great sound easy to use I recommend 100%",5,"female","Brisbane, Australia","2025-12-01","positivo","great ui great sound easy to use i recommend",0,"high quality | streaming services | dolby atmos | using tidal | quality audio",0.125,0.125,0.125,0.125,0.125,0.125,0.125,0.125
10354,"Increíble experience so far !",5,"female","Perth, Australia","2025-11-12","positivo","increíble experience so far",0,"high quality | streaming services | dolby atmos | using tidal | quality audio",0.125,0.125,0.125,0.125,0.125,0.125,0.125,0.125
10361,"Its so perfect try it I ts worth",5,"female","Queenstown, New Zealand","2025-10-17","positivo","its so perfect try it i ts worth",0,"high quality | streaming services | dolby atmos | using tidal | quality audio",0.125,0.125,0.125,0.125,0.125,0.125,0.125,0.125
10366,"My favourite part of the app is that you can download songs and listen from it while you're offline.",5,"female","Auckland, New Zealand","2025-09-17","positivo","my favourite part of the app is that you can download songs and listen from it while you re offline",3,"then made | spotify then | through day | spotify tidal | streaming platform",0.0417,0.0417,0.0417,0.7083,0.0417,0.0417,0.0417,0.0417
10379,"Love the fact that it tells me when new music is released from artists that I like and similar artists. I also love that after I play a song/album it continues to play similar music as well.",5,"female","Rosario, Argentina","2025-08-04","positivo","love the fact that it tells me when new music is released from artists that i like and similar artists i also love that after i play a song album it continues to play similar music as well",3,"then made | spotify then | through day | spotify tidal | streaming platform",0.0417,0.0417,0.0417,0.7083,0.0417,0.0417,0.0417,0.0417
10392,"I love the new updates to Tidal. I love the app. Wouldn't change it for any other service.",5,"female","Gold Coast, Australia","2025-10-16","positivo","i love the new updates to tidal i love the app wouldn t change it for any other service",3,"then made | spotify then | through day | spotify tidal | streaming platform",0.0625,0.0625,0.0625,0.5625,0.0625,0.0625,0.0625,0.0625
10395,"Amazing quality and the ""My daily discovery"" is pretty good at finding music for me",5,"female","Gold Coast, Australia","2025-09-13","positivo","amazing quality and the my daily discovery is pretty good at finding music for me",6,"pay artists | audio quality | hi fi | worth money | spotify any day",0.0313,0.0313,0.0313,0.0313,0.0313,0.0313,0.7812,0.0313
10399,"Great lots of music over a wide range of genres all my favourite songs",5,"female","Montevideo, Uruguay","2025-06-19","positivo","great lots of music over a wide range of genres all my favourite songs",6,"pay artists | audio quality | hi fi | worth money | spotify any day",0.0417,0.0417,0.0417,0.0417,0.0417,0.0417,0.7083,0.0417
10400,"Needs a watch app",5,"female","Lima, Peru","2025-05-29","positivo","needs a watch app",0,"high quality | streaming services | dolby atmos | using tidal | quality audio",0.125,0.125,0.125,0.125,0.125,0.125,0.125,0.125
10406,"This is an amazing app with so much content!! I highly recommend you download and get in to what you've been missing. You won't regret it. I've only subscribed for the last year and I'm so glad I did.",5,"female","Asunción, Paraguay","2025-06-16","positivo","this is an amazing app with so much content i highly recommend you download and get in to what you ve been missing you won t regret it i ve only subscribed for the last year and i m so glad i did",1,"better spotify | master quality | about seconds | spotify where | back spotify",0.025,0.825,0.025,0.025,0.025,0.025,0.025,0.025
10423,"Very good music app,you could find out one unique personal amusement in one of world class music world included another interesting with the latest album arrived. Smart arrangement and classify,then able for rookie or pro listeners satisfy. There are millions things to learn from this app. One thing i appreciated that the way how Tidal support those artists via f.c.royalty apply for + service. May good thing develope and fulfill through those noble objectives.",5,"female","Perth, Australia","2025-09-12","positivo","very good music app you could find out one unique personal amusement in one of world class music world included another interesting with the latest album arrived smart arrangement and classify then able for rookie or pro listeners satisfy there are millions things to learn from this app one thing i appreciated that the way how tidal support those artists via f c royalty apply for service may good thing develope and fulfill through those noble objectives",7,"actually pay | slows things down | support artists | android auto | awesome selection",0.0313,0.0313,0.0313,0.0313,0.0313,0.0313,0.0313,0.7812
10429,"Great app! My go to for new music! Awesome!",5,"female","Brasília, Brazil","2025-08-03","positivo","great app my go to for new music awesome",0,"high quality | streaming services | dolby atmos | using tidal | quality audio",0.125,0.125,0.125,0.125,0.125,0.125,0.125,0.125
10430,"A new experience. Firt time using the service and loving it so far.",5,"female","Sydney, Australia","2025-10-14","positivo","a new experience firt time using the service and loving it so far",0,"high quality | streaming services | dolby atmos | using tidal | quality audio",0.125,0.125,0.125,0.125,0.125,0.125,0.125,0.125
10438,"Tidal Music gives me just that, music 🎵🎵 I mainly like.",5,"female","Asunción, Paraguay","2025-07-29","positivo","tidal music gives me just that music i mainly like",6,"pay artists | audio quality | hi fi | worth money | spotify any day",0.0625,0.0625,0.0625,0.0625,0.0625,0.0625,0.5625,0.0625
10442,"Excellent easy to read thankyou !",5,"female","Guayaquil, Ecuador","2025-07-20","positivo","excellent easy to read thankyou",0,"high quality | streaming services | dolby atmos | using tidal | quality audio",0.125,0.125,0.125,0.125,0.125,0.125,0.125,0.125
10452,"I like the player, the audio quality, the playlists, and the music library. My favourite part is that they pay the artists better than other services. Being able to share playlists with other users would be a cool feature but everything else is great.",5,"female","Buenos Aires, Argentina","2025-06-17","positivo","i like the player the audio quality the playlists and the music library my favourite part is that they pay the artists better than other services being able to share playlists with other users would be a cool feature but everything else is great",6,"pay artists | audio quality | hi fi | worth money | spotify any day",0.3201,0.0179,0.0179,0.0179,0.0179,0.0179,0.5727,0.0179
10453,"I got it free.... and it's awesome! Sometimes songs are limited but that's like once in a blue moon nowadays.",5,"female","Auckland, New Zealand","2025-11-21","positivo","i got it free and it s awesome sometimes songs are limited but that s like once in a blue moon nowadays",0,"high quality | streaming services | dolby atmos | using tidal | quality audio",0.125,0.125,0.125,0.125,0.125,0.125,0.125,0.125
10454,"For about $10 a month for Tidal Hi-Fi one gets a huge selection of music at CD quality in a convenient app. Significantly better sound quality than Pandora or Spotify. Will prolly not try MQA as I doubt my ancient ears would detect any improvement in quality. I'm a big Tidal fan.",5,"female","Nadi, Fiji","2025-11-20","positivo","for about a month for tidal hi fi one gets a huge selection of music at cd quality in a convenient app significantly better sound quality than pandora or spotify will prolly not try mqa as i doubt my ancient ears would detect any improvement in quality i m a big tidal fan",0,"high quality | streaming services | dolby atmos | using tidal | quality audio",0.5694,0.125,0.0139,0.0139,0.0139,0.125,0.125,0.0139
10468,"PLEASE add the option to see song covers in playlists, just like it shows in the tracks section within my collection! (Update) They did just this! 5 stars",5,"female","Suva, Fiji","2025-12-21","positivo","please add the option to see song covers in playlists just like it shows in the tracks section within my collection update they did just this stars",0,"high quality | streaming services | dolby atmos | using tidal | quality audio",0.125,0.125,0.125,0.125,0.125,0.125,0.125,0.125
10471,"High expectations. So far so good.",5,"female","Guayaquil, Ecuador","2025-07-14","positivo","high expectations so far so good",0,"high quality | streaming services | dolby atmos | using tidal | quality audio",0.125,0.125,0.125,0.125,0.125,0.125,0.125,0.125
10475,"it's simple, tidal pay more to artists than any other streaming service. if that doesn't convince u, idk what will",5,"female","Christchurch, New Zealand","2025-10-25","positivo","it s simple tidal pay more to artists than any other streaming service if that doesn t convince u idk what will",4,"go back | tidal connect | best streaming service | streaming service quality | quality streaming",0.0208,0.0208,0.0208,0.0209,0.6874,0.0208,0.1875,0.0208
10487,"I really enjoy Tidal. I like the high quality audio. I think the algorithm can be improved a little with matching similar types of music to whatever song you listen to. They also should have special songs that are exclusive to the app. Have artists record at a Tidal studio then release it on the app. I want to support this app as much as I can because that's how much I like it. Supporting artists is important to me. People should get recognition and paid for their music. Tidal can succeed.",5,"female","Adelaide, Australia","2025-10-25","positivo","i really enjoy tidal i like the high quality audio i think the algorithm can be improved a little with matching similar types of music to whatever song you listen to they also should have special songs that are exclusive to the app have artists record at a tidal studio then release it on the app i want to support this app as much as i can because that s how much i like it supporting artists is important to me people should get recognition and paid for their music tidal can succeed",0,"high quality | streaming services | dolby atmos | using tidal | quality audio",0.9027,0.0139,0.0139,0.0139,0.0139,0.0139,0.0139,0.0139
10497,"I got all the music apps more one month and compared them. This is by far one of the best and it supports the artists more then the major corporations.",5,"female","Brisbane, Australia","2025-11-04","positivo","i got all the music apps more one month and compared them this is by far one of the best and it supports the artists more then the major corporations",2,"best quality | tidal spotify | gets frustrating while | having same | switched spotify",0.0417,0.0417,0.375,0.0417,0.0417,0.0417,0.0417,0.375
10504,"Owning a high resolution player ($1000) or greater is a great way to enjoy MQA unfold. I use mine mostly for my car audio system plugged directly into my audio tech fischer helix processor. If you are a true music enthusiast then tidal is totally worth the monthly subscription.",5,"female","Montevideo, Uruguay","2025-08-13","positivo","owning a high resolution player or greater is a great way to enjoy mqa unfold i use mine mostly for my car audio system plugged directly into my audio tech fischer helix processor if you are a true music enthusiast then tidal is totally worth the monthly subscription",6,"pay artists | audio quality | hi fi | worth money | spotify any day",0.025,0.025,0.025,0.025,0.025,0.025,0.825,0.025
10508,"Awesome awesome thank you",5,"female","Brisbane, Australia","2025-10-04","positivo","awesome awesome thank you",0,"high quality | streaming services | dolby atmos | using tidal | quality audio",0.125,0.125,0.125,0.125,0.125,0.125,0.125,0.125
10516,"Plesurable to say the least",5,"female","Nadi, Fiji","2025-10-11","positivo","plesurable to say the least",0,"high quality | streaming services | dolby atmos | using tidal | quality audio",0.125,0.125,0.125,0.125,0.125,0.125,0.125,0.125
10522,"Really good app, great job guys👏👊",5,"female","Rosario, Argentina","2025-08-13","positivo","really good app great job guys",0,"high quality | streaming services | dolby atmos | using tidal | quality audio",0.125,0.125,0.125,0.125,0.125,0.125,0.125,0.125
10525,"Pricey, But Great quality!",5,"female","Queenstown, New Zealand","2025-09-03","positivo","pricey but great quality",0,"high quality | streaming services | dolby atmos | using tidal | quality audio",0.125,0.125,0.125,0.125,0.125,0.125,0.125,0.125
10533,"if you are gonna pay 12 bucks a month for music on your phone do it an app that sounds good",5,"female","Asunción, Paraguay","2025-08-02","positivo","if you are gonna pay bucks a month for music on your phone do it an app that sounds good",7,"actually pay | slows things down | support artists | android auto | awesome selection",0.0625,0.0625,0.0625,0.0625,0.0625,0.0625,0.0625,0.5625
10544,"updated review: Tidal finally added a proper ""recent"" list rather than trying to force new music and playlists down my throat. I really appreciate the veteran discount too",5,"female","Canberra, Australia","2025-12-08","positivo","updated review tidal finally added a proper recent list rather than trying to force new music and playlists down my throat i really appreciate the veteran discount too",6,"pay artists | audio quality | hi fi | worth money | spotify any day",0.0417,0.0417,0.0417,0.0417,0.0417,0.0417,0.7083,0.0417
10556,"For those who appreciate audiophile quality",5,"female","Wellington, New Zealand","2025-11-06","positivo","for those who appreciate audiophile quality",6,"pay artists | audio quality | hi fi | worth money | spotify any day",0.025,0.025,0.025,0.025,0.025,0.025,0.825,0.025
10558,"Regular updates keep improving the app on Android and PC. The sound quality really is far superior to Spotify and YTM. Also seems like the developers are listening to feedback and making positive changes. I move over from Spotify 2 years ago, the one thing I miss is 'crossover' which eliminates gaps in songs and makes for a better 'party playlist' experience. Also, special mention to the new Atmos and 360 music, it sounds great in my headphones.",5,"female","Montevideo, Uruguay","2025-07-03","positivo","regular updates keep improving the app on android and pc the sound quality really is far superior to spotify and ytm also seems like the developers are listening to feedback and making positive changes i move over from spotify years ago the one thing i miss is crossover which eliminates gaps in songs and makes for a better party playlist experience also special mention to the new atmos and music it sounds great in my headphones",3,"then made | spotify then | through day | spotify tidal | streaming platform",0.0139,0.0139,0.0139,0.9028,0.0139,0.0139,0.0139,0.0139
10580,"Seamless experience so far",5,"female","Bogotá, Colombia","2025-07-10","positivo","seamless experience so far",0,"high quality | streaming services | dolby atmos | using tidal | quality audio",0.125,0.125,0.125,0.125,0.125,0.125,0.125,0.125
10590,"Great, easier to use then other streamers.",5,"female","Brasília, Brazil","2025-06-11","positivo","great easier to use then other streamers",0,"high quality | streaming services | dolby atmos | using tidal | quality audio",0.125,0.125,0.125,0.125,0.125,0.125,0.125,0.125
10596,"The best in streaming!",5,"female","Santa Cruz, Bolivia","2025-06-30","positivo","the best in streaming",4,"go back | tidal connect | best streaming service | streaming service quality | quality streaming",0.0625,0.0625,0.0625,0.0625,0.5625,0.0625,0.0625,0.0625
10618,"Great audio quality plus more cash for the artist are the two main reasons I use Tidal. Clearly labeled hq masters and atmos quality tracks add a layer of enjoyment for the serious listeners.",5,"female","Cali, Colombia","2025-06-09","positivo","great audio quality plus more cash for the artist are the two main reasons i use tidal clearly labeled hq masters and atmos quality tracks add a layer of enjoyment for the serious listeners",0,"high quality | streaming services | dolby atmos | using tidal | quality audio",0.9028,0.0139,0.0139,0.0139,0.0139,0.0139,0.0139,0.0139
10626,"The only thing missing is voice search functionality. Love this app and soubd quality though. While the app used to struggle a bit it works flawlessly now.",5,"female","Wellington, New Zealand","2025-11-11","positivo","the only thing missing is voice search functionality love this app and soubd quality though while the app used to struggle a bit it works flawlessly now",1,"better spotify | master quality | about seconds | spotify where | back spotify",0.0625,0.5625,0.0625,0.0625,0.0625,0.0625,0.0625,0.0625
10643,"One of the best apps ever. The sound quality is second to none (compared to this Spotify is a joke). I love it works and sounds great. Thank you team Tidal",5,"female","Hobart, Australia","2025-09-19","positivo","one of the best apps ever the sound quality is second to none compared to this spotify is a joke i love it works and sounds great thank you team tidal",4,"go back | tidal connect | best streaming service | streaming service quality | quality streaming",0.025,0.025,0.025,0.025,0.8249,0.0251,0.025,0.025
10648,"Superior music quality and excellent UX!!!!",5,"female","Wellington, New Zealand","2025-09-15","positivo","superior music quality and excellent ux",1,"better spotify | master quality | about seconds | spotify where | back spotify",0.0417,0.375,0.0417,0.0417,0.0417,0.0417,0.375,0.0417
10652,"Great soumd quality, nice features. The app itself is very stable.",5,"female","Valparaíso, Chile","2025-07-04","positivo","great soumd quality nice features the app itself is very stable",3,"then made | spotify then | through day | spotify tidal | streaming platform",0.0625,0.0625,0.0625,0.5625,0.0625,0.0625,0.0625,0.0625
10656,"Very nice, but a bit expensive.",5,"female","Port Moresby, Papua New Guinea","2025-11-19","positivo","very nice but a bit expensive",1,"better spotify | master quality | about seconds | spotify where | back spotify",0.0625,0.5625,0.0625,0.0625,0.0625,0.0625,0.0625,0.0625
10664,"I hear sounds in my favourite songs I've never heard before! Algorithm gets me much better than Spotify. Catalogue just as good if not better.",5,"female","Queenstown, New Zealand","2025-09-19","positivo","i hear sounds in my favourite songs i ve never heard before algorithm gets me much better than spotify catalogue just as good if not better",1,"better spotify | master quality | about seconds | spotify where | back spotify",0.0313,0.7812,0.0313,0.0313,0.0313,0.0313,0.0313,0.0313
10666,"I'll give 5 stars for now, but you need to fix some things... Setup process for family account took an hour to work out problems. You for some reason block the Tidal website on all browsers on my phone... Why? I don't know... Same Internet for connection to app itself which works. Needs integration with Google Home Speakers - fix that please. Trying to see if ATMOS support on Roku exists.... Or on LG TV... If not, fix that too.",5,"female","Suva, Fiji","2025-10-17","positivo","i ll give stars for now but you need to fix some things setup process for family account took an hour to work out problems you for some reason block the tidal website on all browsers on my phone why i don t know same internet for connection to app itself which works needs integration with google home speakers fix that please trying to see if atmos support on roku exists or on lg tv if not fix that too",3,"then made | spotify then | through day | spotify tidal | streaming platform",0.0208,0.0208,0.0208,0.8542,0.0208,0.0208,0.0208,0.0208
10668,"Well done tidal! Love this app for my dj controller!",5,"female","Medellín, Colombia","2025-08-19","positivo","well done tidal love this app for my dj controller",1,"better spotify | master quality | about seconds | spotify where | back spotify",0.0625,0.5625,0.0625,0.0625,0.0625,0.0625,0.0625,0.0625
10687,"No voy a menospreciar spotify pero... esta app es una caricia al oido, cualquier cancion que escuches te masajea el oido con la alta resolucion de cada cancion... ademas que ofrece otras funcionalidades interesantes, una experiencia que no deberias dejar pasar",5,"female","Quito, Ecuador","2025-05-27","positivo","no voy a menospreciar spotify pero esta app es una caricia al oido cualquier cancion que escuches te masajea el oido con la alta resolucion de cada cancion ademas que ofrece otras funcionalidades interesantes una experiencia que no deberias dejar pasar",2,"best quality | tidal spotify | gets frustrating while | having same | switched spotify",0.0313,0.0313,0.7812,0.0313,0.0313,0.0313,0.0313,0.0313
10692,"Best algorithms for new music and by far the best sound quality. Also, they offer a discount to us Veterans. I'm never switching if all of the above stays true. I turned away from Pandora's low quality years ago and I've never logged back into that account.",5,"female","Queenstown, New Zealand","2025-11-15","positivo","best algorithms for new music and by far the best sound quality also they offer a discount to us veterans i m never switching if all of the above stays true i turned away from pandora s low quality years ago and i ve never logged back into that account",2,"best quality | tidal spotify | gets frustrating while | having same | switched spotify",0.0156,0.0156,0.8906,0.0157,0.0156,0.0156,0.0156,0.0156
10693,"It's a great app for discovering new music and the sound quality is fantastic! The option to pay your favorite artists more with a premium membership is neat too.",5,"female","Brasília, Brazil","2025-07-11","positivo","it s a great app for discovering new music and the sound quality is fantastic the option to pay your favorite artists more with a premium membership is neat too",2,"best quality | tidal spotify | gets frustrating while | having same | switched spotify",0.0313,0.0313,0.7812,0.0313,0.0313,0.0313,0.0313,0.0313
10696,"Love music and tidal",5,"female","Suva, Fiji","2025-10-06","positivo","love music and tidal",0,"high quality | streaming services | dolby atmos | using tidal | quality audio",0.125,0.125,0.125,0.125,0.125,0.125,0.125,0.125
10702,"The only service that has satisfied my ears and heart till now. Wish Tidal is available in India, please do not underestimate the market there.",5,"female","Suva, Fiji","2025-12-05","positivo","the only service that has satisfied my ears and heart till now wish tidal is available in india please do not underestimate the market there",7,"actually pay | slows things down | support artists | android auto | awesome selection",0.0417,0.0417,0.0417,0.0417,0.0417,0.0417,0.0417,0.7083
10704,"Decided to use this on my phone for a huge outdoor family get together. After planning and setting up a power amp and big speakers, I discoverd the app stops playing music after a minute or so. Huge disappointment. I even tried switching the phone to airplane mode and that didn't work. UPDATE: Contacted support with details about the issue. Didnt hear from them after that for about 2 weeks. Then received email stating there was a new update. After installng, problem was solved! Love it!",5,"female","Suva, Fiji","2025-12-13","positivo","decided to use this on my phone for a huge outdoor family get together after planning and setting up a power amp and big speakers i discoverd the app stops playing music after a minute or so huge disappointment i even tried switching the phone to airplane mode and that didn t work update contacted support with details about the issue didnt hear from them after that for about weeks then received email stating there was a new update after installng problem was solved love it",1,"better spotify | master quality | about seconds | spotify where | back spotify",0.0625,0.5625,0.0625,0.0625,0.0625,0.0625,0.0625,0.0625
10710,"Fantastic music quality! Love the daily mixes... Any chance of a Xbox series S/X app? Can't beat some music while playing online...",5,"female","Rio de Janeiro, Brazil","2025-06-17","positivo","fantastic music quality love the daily mixes any chance of a xbox series s x app can t beat some music while playing online",6,"pay artists | audio quality | hi fi | worth money | spotify any day",0.025,0.025,0.025,0.025,0.025,0.025,0.825,0.025
10711,"I'm loving my experience with tidal after leaving Spotify also I'm enjoying listening to hi res audio and I'm also enjoying using the 360 reality audio feature.",5,"female","Lima, Peru","2025-07-25","positivo","i m loving my experience with tidal after leaving spotify also i m enjoying listening to hi res audio and i m also enjoying using the reality audio feature",6,"pay artists | audio quality | hi fi | worth money | spotify any day",0.0208,0.0208,0.1874,0.0208,0.0208,0.0208,0.6876,0.0208
10736,"""AS IS"" BASIS, WITHOUT WARRANTIES OR CONDITIONS OF ANY KIND",5,"female","Queenstown, New Zealand","2025-09-26","positivo","as is basis without warranties or conditions of any kind",0,"high quality | streaming services | dolby atmos | using tidal | quality audio",0.125,0.125,0.125,0.125,0.125,0.125,0.125,0.125
10746,"Only missing feature is sleep timer. Otherwise, I would recommend this over Spotify at the moment.",5,"female","Brasília, Brazil","2025-06-22","positivo","only missing feature is sleep timer otherwise i would recommend this over spotify at the moment",1,"better spotify | master quality | about seconds | spotify where | back spotify",0.0313,0.7812,0.0313,0.0313,0.0313,0.0313,0.0313,0.0313
10753,"Great interface, huge selection, ultra high quality. Superior to other streamers imo.",5,"female","Fortaleza, Brazil","2025-06-20","positivo","great interface huge selection ultra high quality superior to other streamers imo",0,"high quality | streaming services | dolby atmos | using tidal | quality audio",0.5313,0.0313,0.0313,0.0313,0.0313,0.0313,0.2812,0.0313
10760,"I really like this streaming service",5,"female","Nadi, Fiji","2025-12-11","positivo","i really like this streaming service",4,"go back | tidal connect | best streaming service | streaming service quality | quality streaming",0.0625,0.0625,0.0625,0.0625,0.5625,0.0625,0.0625,0.0625
10772,"One of the best music streaming service",5,"female","La Paz, Bolivia","2025-06-28","positivo","one of the best music streaming service",4,"go back | tidal connect | best streaming service | streaming service quality | quality streaming",0.0313,0.0313,0.0313,0.0313,0.7812,0.0313,0.0313,0.0313
10779,"My offline music didn't work when I was on a road trip, the app signs me out every once in a while. And this is small but I never had a music player that didn't keep the que I make, some people likes to vibe out to 10 songs on repeat. And you shouldn't have to make a playlist for every vibe. This is why I'm finding another service.",5,"female","Perth, Australia","2025-10-15","positivo","my offline music didn t work when i was on a road trip the app signs me out every once in a while and this is small but i never had a music player that didn t keep the que i make some people likes to vibe out to songs on repeat and you shouldn t have to make a playlist for every vibe this is why i m finding another service",0,"high quality | streaming services | dolby atmos | using tidal | quality audio",0.125,0.125,0.125,0.125,0.125,0.125,0.125,0.125
10782,"I like this app very much,it has the artist that is like and many more",5,"female","Canberra, Australia","2025-09-08","positivo","i like this app very much it has the artist that is like and many more",0,"high quality | streaming services | dolby atmos | using tidal | quality audio",0.125,0.125,0.125,0.125,0.125,0.125,0.125,0.125
10794,"Absolutely nothing bother me here! Fits so well on my ears!",5,"female","Suva, Fiji","2025-11-22","positivo","absolutely nothing bother me here fits so well on my ears",0,"high quality | streaming services | dolby atmos | using tidal | quality audio",0.125,0.125,0.125,0.125,0.125,0.125,0.125,0.125
10797,"In par with spotify",5,"female","Canberra, Australia","2025-10-10","positivo","in par with spotify",4,"go back | tidal connect | best streaming service | streaming service quality | quality streaming",0.0625,0.0625,0.0625,0.0625,0.5625,0.0625,0.0625,0.0625
10801,"latest update completely destroyed this app. do not update.",5,"female","Sydney, Australia","2025-10-26","positivo","latest update completely destroyed this app do not update",0,"high quality | streaming services | dolby atmos | using tidal | quality audio",0.125,0.125,0.125,0.125,0.125,0.125,0.125,0.125
10811,"I use Tidal in my car driving to/from work (Android integration with my car), and use Tidal integrated with Roon at home.",5,"female","Bogotá, Colombia","2025-06-11","positivo","i use tidal in my car driving to from work android integration with my car and use tidal integrated with roon at home",0,"high quality | streaming services | dolby atmos | using tidal | quality audio",0.125,0.125,0.125,0.125,0.125,0.125,0.125,0.125
10820,"Use it every day.",5,"female","São Paulo, Brazil","2025-07-17","positivo","use it every day",0,"high quality | streaming services | dolby atmos | using tidal | quality audio",0.125,0.125,0.125,0.125,0.125,0.125,0.125,0.125
10822,"It's the best balance of sound quality and ease of use I've used. Qubuz does high res, bit it's extremely buggy. The algorithm on Tidal is excellent too. There's music I'm listening to now I would never had picked myself, but is fantastic. Basically it took my love of prog metal and classical and eased me into Jazz. Fantastic.",5,"female","Valparaíso, Chile","2025-08-26","positivo","it s the best balance of sound quality and ease of use i ve used qubuz does high res bit it s extremely buggy the algorithm on tidal is excellent too there s music i m listening to now i would never had picked myself but is fantastic basically it took my love of prog metal and classical and eased me into jazz fantastic",1,"better spotify | master quality | about seconds | spotify where | back spotify",0.0313,0.7812,0.0313,0.0313,0.0313,0.0313,0.0313,0.0313
10825,"Too Much Better Experience",5,"female","Nadi, Fiji","2025-12-21","positivo","too much better experience",0,"high quality | streaming services | dolby atmos | using tidal | quality audio",0.125,0.125,0.125,0.125,0.125,0.125,0.125,0.125
10826,"I lowkey like this app it's good",5,"female","Auckland, New Zealand","2025-11-01","positivo","i lowkey like this app it s good",0,"high quality | streaming services | dolby atmos | using tidal | quality audio",0.125,0.125,0.125,0.125,0.125,0.125,0.125,0.125
10832,"I love tidal...I find almost every song I look for plus more...I have list for every occasion....and I like how they let me know what I listen to by keeping up with my music!",5,"female","Hobart, Australia","2025-10-30","positivo","i love tidal i find almost every song i look for plus more i have list for every occasion and i like how they let me know what i listen to by keeping up with my music",6,"pay artists | audio quality | hi fi | worth money | spotify any day",0.0417,0.0417,0.0417,0.0417,0.0417,0.0417,0.7083,0.0417
10835,"Greatest music quality no cap. Lulls me to sleep at night, carries me through my day.",5,"female","Adelaide, Australia","2025-10-24","positivo","greatest music quality no cap lulls me to sleep at night carries me through my day",3,"then made | spotify then | through day | spotify tidal | streaming platform",0.0625,0.0625,0.0625,0.5625,0.0625,0.0625,0.0625,0.0625
10838,"Switched over from Spotify, and my audiophile ears are so pleased. Tidal is not as tenured as Spotify and still have some quality of life improvements to make, but I can tell they're actively making those improvements and listening to their community as apposed to Spotify who just keeps raising premiums without anything to back it and are actually getting rid of things I like (like Car Thing). 100% satisfied with the switch. The improvement in sound quality alone is giving me life.",5,"female","Canberra, Australia","2025-12-06","positivo","switched over from spotify and my audiophile ears are so pleased tidal is not as tenured as spotify and still have some quality of life improvements to make but i can tell they re actively making those improvements and listening to their community as apposed to spotify who just keeps raising premiums without anything to back it and are actually getting rid of things i like like car thing satisfied with the switch the improvement in sound quality alone is giving me life",2,"best quality | tidal spotify | gets frustrating while | having same | switched spotify",0.0208,0.0208,0.8541,0.0208,0.0208,0.0208,0.0208,0.0208
10871,"The BEST music foundation ON THE MAP!!!",5,"female","Lima, Peru","2025-07-05","positivo","the best music foundation on the map",0,"high quality | streaming services | dolby atmos | using tidal | quality audio",0.125,0.125,0.125,0.125,0.125,0.125,0.125,0.125
10876,"I had my best music experience with this app",5,"female","Auckland, New Zealand","2025-11-30","positivo","i had my best music experience with this app",0,"high quality | streaming services | dolby atmos | using tidal | quality audio",0.125,0.125,0.125,0.125,0.125,0.125,0.125,0.125
10881,"Great. Love hi res",5,"female","Montevideo, Uruguay","2025-08-31","positivo","great love hi res",6,"pay artists | audio quality | hi fi | worth money | spotify any day",0.0625,0.0625,0.0625,0.0625,0.0625,0.0625,0.5625,0.0625
10907,"Acoustic stays acoustic. Like I was paying 3 doors down's acoustic ep and when that finished it went to just acoustic music from similar artists. I don't know any many apps that do that",5,"female","Valparaíso, Chile","2025-08-04","positivo","acoustic stays acoustic like i was paying doors down s acoustic ep and when that finished it went to just acoustic music from similar artists i don t know any many apps that do that",3,"then made | spotify then | through day | spotify tidal | streaming platform",0.0417,0.0417,0.0417,0.7083,0.0417,0.0417,0.0417,0.0417
10908,"Excellent music for walking, dancing and moving around. It's good an addiction to have!",5,"female","Lima, Peru","2025-06-13","positivo","excellent music for walking dancing and moving around it s good an addiction to have",0,"high quality | streaming services | dolby atmos | using tidal | quality audio",0.125,0.125,0.125,0.125,0.125,0.125,0.125,0.125
10917,"Never let me down. Been rocking with Tidal since 2014.",5,"female","Gold Coast, Australia","2025-12-29","positivo","never let me down been rocking with tidal since",7,"actually pay | slows things down | support artists | android auto | awesome selection",0.0626,0.0625,0.0625,0.0625,0.0625,0.0625,0.0625,0.5624
10928,"Definitely Worth It If You Have The Equipment That Can Extract The Full Potental Of Their High Resolution Audio Codecs...",5,"female","São Paulo, Brazil","2025-05-26","positivo","definitely worth it if you have the equipment that can extract the full potental of their high resolution audio codecs",6,"pay artists | audio quality | hi fi | worth money | spotify any day",0.0417,0.0417,0.0417,0.0417,0.0417,0.0417,0.7083,0.0417
10932,"Love it more than Spotify! Wish it was free, but I love how it explains how artists get their share. Love the artist radio mode - way more accurate and diverse sharing the music taste I like. I like how when starting, it gives a huge ray of artists and genres to choose from as a base and it branches from there. So many reminiscing and pleasantly surprising obscure bands to choose from, too!",5,"female","Gold Coast, Australia","2025-11-11","positivo","love it more than spotify wish it was free but i love how it explains how artists get their share love the artist radio mode way more accurate and diverse sharing the music taste i like i like how when starting it gives a huge ray of artists and genres to choose from as a base and it branches from there so many reminiscing and pleasantly surprising obscure bands to choose from too",7,"actually pay | slows things down | support artists | android auto | awesome selection",0.0313,0.0313,0.0313,0.0313,0.0313,0.0313,0.0313,0.7812
10944,"Sound quality is significantly better and the platform encourages lots of exploration. I love how it's set up and I love how much better it pays then Spotify which is awesome.",5,"female","Brisbane, Australia","2025-10-29","positivo","sound quality is significantly better and the platform encourages lots of exploration i love how it s set up and i love how much better it pays then spotify which is awesome",2,"best quality | tidal spotify | gets frustrating while | having same | switched spotify",0.0417,0.0417,0.7083,0.0417,0.0417,0.0417,0.0417,0.0417
10954,"5 stars because, it's not designed and tailored to my liking , but it's one of my favorites music streaming apps I'm a rap/hip hop head and Tidal is the app for me plus I get to support my favorite rap artist and much more they always say you can't tell the difference between original audio quality and hi res audio quality,,please don't believe that you don't have to be an audiophile to be able to listen and hear the richness in music if you want to really enjoy your music TIDAL IS THE WAY...",5,"female","Nadi, Fiji","2025-12-22","positivo","stars because it s not designed and tailored to my liking but it s one of my favorites music streaming apps i m a rap hip hop head and tidal is the app for me plus i get to support my favorite rap artist and much more they always say you can t tell the difference between original audio quality and hi res audio quality please don t believe that you don t have to be an audiophile to be able to listen and hear the richness in music if you want to really enjoy your music tidal is the way",6,"pay artists | audio quality | hi fi | worth money | spotify any day",0.2533,0.0083,0.0083,0.0083,0.0083,0.0083,0.6967,0.0083
10955,"Great audio quality, and they (supposedly) pay artists way better royalties than the other streaming services. Only downside: no collaborative playlists",5,"female","Montevideo, Uruguay","2025-08-10","positivo","great audio quality and they supposedly pay artists way better royalties than the other streaming services only downside no collaborative playlists",0,"high quality | streaming services | dolby atmos | using tidal | quality audio",0.6099,0.0139,0.0139,0.0139,0.0139,0.0139,0.3067,0.0139
10956,"Thank you for bringing back artist radio",5,"female","Wellington, New Zealand","2025-09-07","positivo","thank you for bringing back artist radio",7,"actually pay | slows things down | support artists | android auto | awesome selection",0.0625,0.0625,0.0625,0.0625,0.0625,0.0625,0.0625,0.5625
10982,"It's brilliant does everything ya would want",5,"female","Buenos Aires, Argentina","2025-08-16","positivo","it s brilliant does everything ya would want",0,"high quality | streaming services | dolby atmos | using tidal | quality audio",0.125,0.125,0.125,0.125,0.125,0.125,0.125,0.125
11009,"I have tried almost every music streaming service out there and I don't find anything compares to Tidal! The user interface is very attractive and easy to navigate, the algorithms for curating my daily playlists are flawless, the recommended songs/artists is always spot on and the sound quality is noticeably better even without expensive DAC systems or other audio equipment. The customer service is also amazing! I highly recommend Tidal all the way! ✌️💚🤘",5,"female","Wellington, New Zealand","2025-10-09","positivo","i have tried almost every music streaming service out there and i don t find anything compares to tidal the user interface is very attractive and easy to navigate the algorithms for curating my daily playlists are flawless the recommended songs artists is always spot on and the sound quality is noticeably better even without expensive dac systems or other audio equipment the customer service is also amazing i highly recommend tidal all the way",0,"high quality | streaming services | dolby atmos | using tidal | quality audio",0.9374,0.0089,0.0089,0.0089,0.009,0.0089,0.0089,0.0089
11035,"Insane audio quality, worth the money for hi-fi plus if you like the purest audio possible. Everything is straightforward and I can't think of anything that could be changed to make it better",5,"female","Gold Coast, Australia","2025-12-27","positivo","insane audio quality worth the money for hi fi plus if you like the purest audio possible everything is straightforward and i can t think of anything that could be changed to make it better",6,"pay artists | audio quality | hi fi | worth money | spotify any day",0.0156,0.0156,0.0156,0.0156,0.0156,0.0156,0.8906,0.0156
11061,"Very bad the new update, I don't be able to play some songs with Dolby Atmos because of my device, but I can't play them even in stereo. Please take care of it and repair the albums that you deleted, please.",5,"female","Perth, Australia","2025-11-04","positivo","very bad the new update i don t be able to play some songs with dolby atmos because of my device but i can t play them even in stereo please take care of it and repair the albums that you deleted please",0,"high quality | streaming services | dolby atmos | using tidal | quality audio",0.375,0.375,0.0417,0.0417,0.0417,0.0417,0.0417,0.0417
11064,"I love this app and I enjoy using it. Keep up the good work 👏👏",5,"female","Melbourne, Australia","2025-11-17","positivo","i love this app and i enjoy using it keep up the good work",1,"better spotify | master quality | about seconds | spotify where | back spotify",0.0626,0.5623,0.0625,0.0625,0.0625,0.0626,0.0625,0.0625
11068,"Essentially Spotify, without being as nasty to artists as Spotify. Nice. I can't describe how much better this app and service is than Apple Music, it actually works and has the expected functions and integrations. Great!",5,"female","Rosario, Argentina","2025-06-27","positivo","essentially spotify without being as nasty to artists as spotify nice i can t describe how much better this app and service is than apple music it actually works and has the expected functions and integrations great",7,"actually pay | slows things down | support artists | android auto | awesome selection",0.0417,0.0417,0.0417,0.0417,0.0417,0.0417,0.0417,0.7083
11076,"Will never use anything else",5,"female","Medellín, Colombia","2025-07-19","positivo","will never use anything else",4,"go back | tidal connect | best streaming service | streaming service quality | quality streaming",0.0625,0.0625,0.0625,0.0625,0.5625,0.0625,0.0625,0.0625
11086,"A1, they even create random playlists according to my taste",5,"female","Asunción, Paraguay","2025-05-25","positivo","a they even create random playlists according to my taste",0,"high quality | streaming services | dolby atmos | using tidal | quality audio",0.125,0.125,0.125,0.125,0.125,0.125,0.125,0.125
11091,"Phenomenal! Thats what it is.",5,"female","Medellín, Colombia","2025-08-28","positivo","phenomenal thats what it is",0,"high quality | streaming services | dolby atmos | using tidal | quality audio",0.125,0.125,0.125,0.125,0.125,0.125,0.125,0.125
11092,"Mostly great UI, excellent music quality, good value family plan. However, lacks the user-created playlists and the search is not good, unless you perfectly type what you're looking for.",5,"female","Melbourne, Australia","2025-11-03","positivo","mostly great ui excellent music quality good value family plan however lacks the user created playlists and the search is not good unless you perfectly type what you re looking for",3,"then made | spotify then | through day | spotify tidal | streaming platform",0.0251,0.025,0.025,0.425,0.025,0.425,0.025,0.025
11099,"Way better than Spotify app & they actually support artists, unlike Spotify! Works great & I can find music I can't find on other apps! Playlists & repeat functions work perfect! GET THIS APP!!!",5,"female","Brisbane, Australia","2025-11-21","positivo","way better than spotify app they actually support artists unlike spotify works great i can find music i can t find on other apps playlists repeat functions work perfect get this app",5,"actually pay artists | spotify premium | less enjoyable | search find need | quality difference",0.0208,0.0209,0.0208,0.0208,0.0208,0.6874,0.0208,0.1875
11101,"I have tidal on a galaxy note 10 plus it never crashes nor music pause automatically no issues my only gripe is the price other than that there's no app that can match Tidal every one screaming spotify I just don't see the hype .I 100% recommend Tidal to whomever is out there confused about which music streaming app to purchase,,*Tidal* the end.......",5,"female","Perth, Australia","2025-10-27","positivo","i have tidal on a galaxy note plus it never crashes nor music pause automatically no issues my only gripe is the price other than that there s no app that can match tidal every one screaming spotify i just don t see the hype i recommend tidal to whomever is out there confused about which music streaming app to purchase tidal the end",0,"high quality | streaming services | dolby atmos | using tidal | quality audio",0.625,0.025,0.025,0.025,0.025,0.025,0.025,0.2249
11113,"Have had a great experience. A little buggy but the algorithms are phenomenal.",5,"female","Santiago, Chile","2025-09-01","positivo","have had a great experience a little buggy but the algorithms are phenomenal",0,"high quality | streaming services | dolby atmos | using tidal | quality audio",0.125,0.125,0.125,0.125,0.125,0.125,0.125,0.125
11116,"Tidal, you missing loop too much as not finished song , alert to Dreamcatcher Not dot Sua.",5,"female","Auckland, New Zealand","2025-11-01","positivo","tidal you missing loop too much as not finished song alert to dreamcatcher not dot sua",0,"high quality | streaming services | dolby atmos | using tidal | quality audio",0.125,0.125,0.125,0.125,0.125,0.125,0.125,0.125
11119,"I've been subscribed for 3 years straight... I love this app",5,"female","Wellington, New Zealand","2025-12-05","positivo","i ve been subscribed for years straight i love this app",0,"high quality | streaming services | dolby atmos | using tidal | quality audio",0.125,0.125,0.125,0.125,0.125,0.125,0.125,0.125
11121,"Been using Tidal for half a year now and I love it. So glad I moved from Spotify to this artist friendly platform.",5,"female","Santa Cruz, Bolivia","2025-05-28","positivo","been using tidal for half a year now and i love it so glad i moved from spotify to this artist friendly platform",1,"better spotify | master quality | about seconds | spotify where | back spotify",0.225,0.625,0.025,0.025,0.025,0.025,0.025,0.025
11123,"Love it it's the one app where downloads are used offline with video for real this isn't fake trust me but I know there had to be a but you say but yah it is a bit complicated not to complain or what but yah I needs learning yap hope you love it the way I do",5,"female","Nadi, Fiji","2025-11-11","positivo","love it it s the one app where downloads are used offline with video for real this isn t fake trust me but i know there had to be a but you say but yah it is a bit complicated not to complain or what but yah i needs learning yap hope you love it the way i do",0,"high quality | streaming services | dolby atmos | using tidal | quality audio",0.5625,0.0625,0.0625,0.0625,0.0625,0.0625,0.0625,0.0625
11130,"Switched from Spotify to Tidal and I love it so much. Recommendations and the actual music sound is much higher quality. Only qualms I have is lack of Discord rich presence, and the inability to switch between laptop, phone, etc. while listening",5,"female","Suva, Fiji","2025-12-20","positivo","switched from spotify to tidal and i love it so much recommendations and the actual music sound is much higher quality only qualms i have is lack of discord rich presence and the inability to switch between laptop phone etc while listening",2,"best quality | tidal spotify | gets frustrating while | having same | switched spotify",0.0156,0.2656,0.2657,0.1407,0.1405,0.1406,0.0156,0.0156
11134,"Ha mejorado bastante con el tiempo. La nueva interfaz se ve mejor, pero se extraña el antiguo formato donde se visualizaba una especie de vinyl girando, le daba un toque diferente y al mismo tiempo denotaba algo de calidad por ser un formato Hi-Fi en un dispostivo digital.",5,"female","Gold Coast, Australia","2025-11-04","positivo","ha mejorado bastante con el tiempo la nueva interfaz se ve mejor pero se extraña el antiguo formato donde se visualizaba una especie de vinyl girando le daba un toque diferente y al mismo tiempo denotaba algo de calidad por ser un formato hi fi en un dispostivo digital",6,"pay artists | audio quality | hi fi | worth money | spotify any day",0.0417,0.0417,0.0417,0.0417,0.0417,0.0417,0.3751,0.3749
11147,"The best quality if anyones looking for the best music streaming platform and now that their subscription is on par with spotify it's a no doubter to pick this over spotify.",5,"female","Perth, Australia","2025-12-07","positivo","the best quality if anyones looking for the best music streaming platform and now that their subscription is on par with spotify it s a no doubter to pick this over spotify",4,"go back | tidal connect | best streaming service | streaming service quality | quality streaming",0.0179,0.0179,0.1607,0.1607,0.5893,0.0179,0.0179,0.0179
11149,"The sound is excelent.",5,"female","Fortaleza, Brazil","2025-07-18","positivo","the sound is excelent",0,"high quality | streaming services | dolby atmos | using tidal | quality audio",0.125,0.125,0.125,0.125,0.125,0.125,0.125,0.125
11155,"The free option is way more pleasant than Spotify imo. Have had zero issues with the app. Commercials are fine. I'll probably try a paid version at some point just to support and check things out.",5,"female","Suva, Fiji","2025-12-17","positivo","the free option is way more pleasant than spotify imo have had zero issues with the app commercials are fine i ll probably try a paid version at some point just to support and check things out",4,"go back | tidal connect | best streaming service | streaming service quality | quality streaming",0.0625,0.0625,0.0625,0.0625,0.5625,0.0625,0.0625,0.0625
11169,"Best streaming quality period. I have YouTube Music as part of my Family YouTube Premium and I still pay for Tidal because it sounds better than Spotify and all the others. As a bonus, they pay the artists the most for plays and their song/artist info is accurate. Never going anywhere else.",5,"female","Suva, Fiji","2025-10-07","positivo","best streaming quality period i have youtube music as part of my family youtube premium and i still pay for tidal because it sounds better than spotify and all the others as a bonus they pay the artists the most for plays and their song artist info is accurate never going anywhere else",0,"high quality | streaming services | dolby atmos | using tidal | quality audio",0.4712,0.1634,0.0096,0.0096,0.1634,0.0096,0.1634,0.0096
11174,"I love the intense clarity and astronaut vibe tidal offers. Upgrade people!",5,"female","São Paulo, Brazil","2025-07-24","positivo","i love the intense clarity and astronaut vibe tidal offers upgrade people",2,"best quality | tidal spotify | gets frustrating while | having same | switched spotify",0.0625,0.0625,0.5624,0.0625,0.0625,0.0626,0.0625,0.0625
11176,"i like the app ever good",5,"female","São Paulo, Brazil","2025-06-25","positivo","i like the app ever good",0,"high quality | streaming services | dolby atmos | using tidal | quality audio",0.125,0.125,0.125,0.125,0.125,0.125,0.125,0.125
11225,"Outstanding. Best service going. I used to have to switch from app to app . No more",5,"female","Brisbane, Australia","2025-09-06","positivo","outstanding best service going i used to have to switch from app to app no more",5,"actually pay artists | spotify premium | less enjoyable | search find need | quality difference",0.0625,0.0625,0.0625,0.0625,0.0625,0.5625,0.0625,0.0625
11238,"Love that they are always adding music!",5,"female","Queenstown, New Zealand","2025-09-23","positivo","love that they are always adding music",0,"high quality | streaming services | dolby atmos | using tidal | quality audio",0.125,0.125,0.125,0.125,0.125,0.125,0.125,0.125
11239,"I'm pleasantly surprised with this app. My only major complaint is that listening to my downloaded playlists doesn't work without a network connection, which completely defeats the purpose of downloading them in the first place. If that gets fixed, it's an easy 5. Especially if the library continues to grow. Seriously impressive collection. Doubt I'll ever go back to Spotify. Especially with the bigger artist cut. Nicely done. edit:support got at me quick! Problem solved(embarrassingly easily)",5,"female","La Paz, Bolivia","2025-05-25","positivo","i m pleasantly surprised with this app my only major complaint is that listening to my downloaded playlists doesn t work without a network connection which completely defeats the purpose of downloading them in the first place if that gets fixed it s an easy especially if the library continues to grow seriously impressive collection doubt i ll ever go back to spotify especially with the bigger artist cut nicely done edit support got at me quick problem solved embarrassingly easily",1,"better spotify | master quality | about seconds | spotify where | back spotify",0.0156,0.6406,0.0156,0.0156,0.2656,0.0156,0.0156,0.0156
11242,"The best,I don't use any other music app at all not even youtube",5,"female","Caracas, Venezuela","2025-07-10","positivo","the best i don t use any other music app at all not even youtube",7,"actually pay | slows things down | support artists | android auto | awesome selection",0.0625,0.0625,0.0625,0.0625,0.0625,0.0625,0.0625,0.5625
11252,"Sound quality is excellent.",5,"female","Gold Coast, Australia","2025-10-11","positivo","sound quality is excellent",1,"better spotify | master quality | about seconds | spotify where | back spotify",0.0625,0.5625,0.0625,0.0625,0.0625,0.0625,0.0625,0.0625
11262,"Great sound quality. There's a few changes I hope to see in future updates. But if you're using a nice stereo or high quality headphones it's worth the price for the improved quality over other apps.",5,"female","Auckland, New Zealand","2025-10-24","positivo","great sound quality there s a few changes i hope to see in future updates but if you re using a nice stereo or high quality headphones it s worth the price for the improved quality over other apps",0,"high quality | streaming services | dolby atmos | using tidal | quality audio",0.8906,0.0156,0.0156,0.0156,0.0156,0.0156,0.0156,0.0156
11263,"Great app. Amazing content and quality.",5,"female","La Paz, Bolivia","2025-07-05","positivo","great app amazing content and quality",1,"better spotify | master quality | about seconds | spotify where | back spotify",0.0625,0.5625,0.0625,0.0625,0.0625,0.0625,0.0625,0.0625
11269,"A cut above (& pays more to artists). Sound clarity, fair radio suggestion, & leading musically supportive stream platform with a decent sourcing interface. aside: could've mildly better UI",5,"female","La Paz, Bolivia","2025-08-29","positivo","a cut above pays more to artists sound clarity fair radio suggestion leading musically supportive stream platform with a decent sourcing interface aside could ve mildly better ui",0,"high quality | streaming services | dolby atmos | using tidal | quality audio",0.7083,0.0417,0.0417,0.0417,0.0417,0.0417,0.0417,0.0417
11285,"Excited about artist beta program.",5,"female","Sydney, Australia","2025-09-27","positivo","excited about artist beta program",0,"high quality | streaming services | dolby atmos | using tidal | quality audio",0.125,0.125,0.125,0.125,0.125,0.125,0.125,0.125
11287,"Best music app.EVER!!!!!",5,"female","Rio de Janeiro, Brazil","2025-08-16","positivo","best music app ever",0,"high quality | streaming services | dolby atmos | using tidal | quality audio",0.125,0.125,0.125,0.125,0.125,0.125,0.125,0.125
11297,"best sound quality, easy to use",5,"female","Rosario, Argentina","2025-07-23","positivo","best sound quality easy to use",6,"pay artists | audio quality | hi fi | worth money | spotify any day",0.0417,0.0417,0.0418,0.0417,0.0417,0.0417,0.7082,0.0417
11304,"Currently is the leader in giving the most to the artists which is mainly why I made the switch has almost all the functionality of Spotify except you can't edit playlist order other than similar product more sustainable model",5,"female","Queenstown, New Zealand","2025-11-23","positivo","currently is the leader in giving the most to the artists which is mainly why i made the switch has almost all the functionality of spotify except you can t edit playlist order other than similar product more sustainable model",7,"actually pay | slows things down | support artists | android auto | awesome selection",0.025,0.025,0.025,0.025,0.025,0.025,0.025,0.825
11312,"The 30 day free trial has upgraded sound. Even made my cheap earbuds sound great. After the free trial I chose the free option rather than the paid one. They even boosted my sound up to "" Hi-Fi"" for free so even the free plan sounds great!",5,"female","Arequipa, Peru","2025-08-30","positivo","the day free trial has upgraded sound even made my cheap earbuds sound great after the free trial i chose the free option rather than the paid one they even boosted my sound up to hi fi for free so even the free plan sounds great",6,"pay artists | audio quality | hi fi | worth money | spotify any day",0.0417,0.0417,0.0417,0.0417,0.375,0.0417,0.375,0.0417
11313,"I think its one of the best its up there with the big boys in my view keep it up TIDAL",5,"female","Fortaleza, Brazil","2025-06-14","positivo","i think its one of the best its up there with the big boys in my view keep it up tidal",0,"high quality | streaming services | dolby atmos | using tidal | quality audio",0.7083,0.0417,0.0417,0.0417,0.0417,0.0417,0.0417,0.0417
11315,"I love that they lowered their prices. Great sound quality, but you need a DAC or decent sound card to take advantage of the higher bitrate music.",5,"female","Auckland, New Zealand","2025-12-04","positivo","i love that they lowered their prices great sound quality but you need a dac or decent sound card to take advantage of the higher bitrate music",1,"better spotify | master quality | about seconds | spotify where | back spotify",0.0417,0.7083,0.0417,0.0417,0.0417,0.0417,0.0417,0.0417
11317,"Great layout,easy to work and use and a great search,I'm sticking with tidal,I'm happy with it.",5,"female","Adelaide, Australia","2025-10-13","positivo","great layout easy to work and use and a great search i m sticking with tidal i m happy with it",2,"best quality | tidal spotify | gets frustrating while | having same | switched spotify",0.0625,0.0625,0.5625,0.0625,0.0625,0.0625,0.0625,0.0625
11318,"Hands down very easy and cool dashboard and flow to everything",5,"female","Lima, Peru","2025-07-08","positivo","hands down very easy and cool dashboard and flow to everything",7,"actually pay | slows things down | support artists | android auto | awesome selection",0.0417,0.0417,0.0417,0.0417,0.0417,0.0417,0.0417,0.7083
11321,"Not used but by downloadiing now i think it will be perfect and makes perfect, you can aslo check out for updated songs and motivation songs🤜🤛✌️",5,"female","Auckland, New Zealand","2025-09-11","positivo","not used but by downloadiing now i think it will be perfect and makes perfect you can aslo check out for updated songs and motivation songs",7,"actually pay | slows things down | support artists | android auto | awesome selection",0.0625,0.0625,0.0625,0.0625,0.0625,0.0625,0.0625,0.5625
11337,"Great layout and easy to use. Love the availability of so many different artists!",5,"female","Quito, Ecuador","2025-05-19","positivo","great layout and easy to use love the availability of so many different artists",2,"best quality | tidal spotify | gets frustrating while | having same | switched spotify",0.0417,0.0417,0.7083,0.0417,0.0417,0.0417,0.0417,0.0417
11346,"TIDAL is hands down the best music streaming app I've used to date. The clarity is incredible. It's like listening to a hi-fi album on a brand new machine.",5,"female","Guayaquil, Ecuador","2025-06-08","positivo","tidal is hands down the best music streaming app i ve used to date the clarity is incredible it s like listening to a hi fi album on a brand new machine",4,"go back | tidal connect | best streaming service | streaming service quality | quality streaming",0.0139,0.0139,0.0139,0.0139,0.6806,0.0139,0.2361,0.0139
11351,"Very good quality sound depends on the device you are using. I can't hear the very best quality music on my my device because it's too old and not powerful enough but I still look forward to hearing it on a better device. I love listening to music on 432hz. It brings the music to life. Would anyone know if there is a better frequency to listen to music on?",5,"female","Medellín, Colombia","2025-07-22","positivo","very good quality sound depends on the device you are using i can t hear the very best quality music on my my device because it s too old and not powerful enough but i still look forward to hearing it on a better device i love listening to music on hz it brings the music to life would anyone know if there is a better frequency to listen to music on",2,"best quality | tidal spotify | gets frustrating while | having same | switched spotify",0.0417,0.0417,0.7083,0.0417,0.0417,0.0417,0.0417,0.0417
11360,"Love it!! Life is good with Tidal",5,"female","Christchurch, New Zealand","2025-10-18","positivo","love it life is good with tidal",2,"best quality | tidal spotify | gets frustrating while | having same | switched spotify",0.0625,0.0625,0.5625,0.0625,0.0625,0.0625,0.0625,0.0625
11362,"Great but I'm having sign in issues when I'm clearly paying outright on 3 televisions ! I payed on one 2 televisions but having sign in issues on the 3rd television? Money ain't the issue ! It doesn't give me the option to pay on the 3rd television 😒",5,"female","Valparaíso, Chile","2025-07-18","positivo","great but i m having sign in issues when i m clearly paying outright on televisions i payed on one televisions but having sign in issues on the rd television money ain t the issue it doesn t give me the option to pay on the rd television",2,"best quality | tidal spotify | gets frustrating while | having same | switched spotify",0.0625,0.0625,0.5625,0.0625,0.0625,0.0625,0.0625,0.0625
11373,"Enjoying it a lot",5,"female","Salvador, Brazil","2025-08-16","positivo","enjoying it a lot",0,"high quality | streaming services | dolby atmos | using tidal | quality audio",0.125,0.125,0.125,0.125,0.125,0.125,0.125,0.125
11374,"Luv the various artists. Playlists are sorted in a vast array for searching....AND finding amazing and talented artists.",5,"female","Cali, Colombia","2025-08-01","positivo","luv the various artists playlists are sorted in a vast array for searching and finding amazing and talented artists",0,"high quality | streaming services | dolby atmos | using tidal | quality audio",0.125,0.125,0.125,0.125,0.125,0.125,0.125,0.125
11385,"It's not bad",5,"female","Canberra, Australia","2025-10-11","positivo","it s not bad",0,"high quality | streaming services | dolby atmos | using tidal | quality audio",0.125,0.125,0.125,0.125,0.125,0.125,0.125,0.125
11387,"May i know why when connect with bluetooth device is apprear some notes said the audio was be compress? If i have audio device TWS with capability 24 bit output it's now working as well?",5,"female","Gold Coast, Australia","2025-10-29","positivo","may i know why when connect with bluetooth device is apprear some notes said the audio was be compress if i have audio device tws with capability bit output it s now working as well",0,"high quality | streaming services | dolby atmos | using tidal | quality audio",0.125,0.125,0.125,0.125,0.125,0.125,0.125,0.125
11389,"Obviously, the most important aspect of ANY music streaming app is content: Do they have every song, album, EP, compilation contribution, etc., by any given artist? Because not many do. Tidal does. Add to that their hella modern, easy to use interface with more features and in-depth dopeness than you know what to do with, and you get the last music streaming app you'll need for awhile. Period. The proverbial cap is doffed.",5,"female","Rio de Janeiro, Brazil","2025-06-29","positivo","obviously the most important aspect of any music streaming app is content do they have every song album ep compilation contribution etc by any given artist because not many do tidal does add to that their hella modern easy to use interface with more features and in depth dopeness than you know what to do with and you get the last music streaming app you ll need for awhile period the proverbial cap is doffed",3,"then made | spotify then | through day | spotify tidal | streaming platform",0.025,0.025,0.025,0.825,0.025,0.025,0.025,0.025
11390,"I love music and listen to it every single minutes in my life. Tidal is one one of the best course i can listen to my favorites without interruptions and with what quality that i want. Thanks tidal",5,"female","La Paz, Bolivia","2025-05-23","positivo","i love music and listen to it every single minutes in my life tidal is one one of the best course i can listen to my favorites without interruptions and with what quality that i want thanks tidal",2,"best quality | tidal spotify | gets frustrating while | having same | switched spotify",0.0313,0.0313,0.5312,0.0313,0.2813,0.0313,0.0313,0.0313
11399,"The best audio/visual app out there with the highest quality. I have hearing problems, but music sounds so pristine and clear on Tidal. I always recommend it. They pay the artists direct, so that's a plus for an underground artist like myself.",5,"female","Asunción, Paraguay","2025-05-16","positivo","the best audio visual app out there with the highest quality i have hearing problems but music sounds so pristine and clear on tidal i always recommend it they pay the artists direct so that s a plus for an underground artist like myself",6,"pay artists | audio quality | hi fi | worth money | spotify any day",0.0313,0.2812,0.0313,0.0313,0.0313,0.0313,0.5313,0.0313
11410,"Try Facebook. It works for me.",5,"female","La Paz, Bolivia","2025-06-21","positivo","try facebook it works for me",0,"high quality | streaming services | dolby atmos | using tidal | quality audio",0.125,0.125,0.125,0.125,0.125,0.125,0.125,0.125
11415,"The features are fantastic! I have found so many great bands and songs with My Daily Discovery. Plus, all my old faves are all there too.",5,"female","Auckland, New Zealand","2025-11-05","positivo","the features are fantastic i have found so many great bands and songs with my daily discovery plus all my old faves are all there too",6,"pay artists | audio quality | hi fi | worth money | spotify any day",0.0625,0.0625,0.0625,0.0625,0.0625,0.0625,0.5625,0.0625
11418,"I left a few bad reviews over the years but this has remained my go-to music player throughout it all. I think comparatively it is the best. Audio quality is great and library has most of what I look for. I'm definitely pleased with it!",5,"female","Quito, Ecuador","2025-05-16","positivo","i left a few bad reviews over the years but this has remained my go to music player throughout it all i think comparatively it is the best audio quality is great and library has most of what i look for i m definitely pleased with it",6,"pay artists | audio quality | hi fi | worth money | spotify any day",0.0313,0.0313,0.0313,0.0313,0.0313,0.0313,0.7812,0.0313
11420,"Loving the app and the student incentives, would love to see more highly quality music from small artists :)",5,"female","Adelaide, Australia","2025-09-29","positivo","loving the app and the student incentives would love to see more highly quality music from small artists",3,"then made | spotify then | through day | spotify tidal | streaming platform",0.0625,0.0625,0.0625,0.5625,0.0625,0.0625,0.0625,0.0625
11429,"Amazing sound quality. Love that they pay the artists well too!!!!",5,"female","Bogotá, Colombia","2025-07-26","positivo","amazing sound quality love that they pay the artists well too",6,"pay artists | audio quality | hi fi | worth money | spotify any day",0.0417,0.0417,0.0417,0.0417,0.0417,0.0417,0.7083,0.0417
11439,"Absolutely love this app found it when I was looking for a specific album on the band's website it's like alright I'll give it a shot and absolutely love it the only thing I do not like is the limited skip thing Like other services have I think that is a very very dumb feature other than that 5 stars from me!!",5,"female","Brasília, Brazil","2025-08-07","positivo","absolutely love this app found it when i was looking for a specific album on the band s website it s like alright i ll give it a shot and absolutely love it the only thing i do not like is the limited skip thing like other services have i think that is a very very dumb feature other than that stars from me",6,"pay artists | audio quality | hi fi | worth money | spotify any day",0.0625,0.0625,0.0625,0.0625,0.0625,0.0625,0.5625,0.0625
11450,"Very good app. After a few songs on one Radio station will put a mix of that genre in your Home. So far it's been great!",5,"female","Córdoba, Argentina","2025-07-23","positivo","very good app after a few songs on one radio station will put a mix of that genre in your home so far it s been great",0,"high quality | streaming services | dolby atmos | using tidal | quality audio",0.5625,0.0625,0.0625,0.0625,0.0625,0.0625,0.0625,0.0625
11460,"Great music selection and organization",5,"female","Queenstown, New Zealand","2025-09-11","positivo","great music selection and organization",0,"high quality | streaming services | dolby atmos | using tidal | quality audio",0.125,0.125,0.125,0.125,0.125,0.125,0.125,0.125
11461,"It has my favorite songs.",5,"female","Salvador, Brazil","2025-06-09","positivo","it has my favorite songs",2,"best quality | tidal spotify | gets frustrating while | having same | switched spotify",0.0625,0.0625,0.5625,0.0625,0.0625,0.0625,0.0625,0.0625
11474,"Simply awesome. Everything I want in a music player.",5,"female","Quito, Ecuador","2025-07-14","positivo","simply awesome everything i want in a music player",0,"high quality | streaming services | dolby atmos | using tidal | quality audio",0.125,0.125,0.125,0.125,0.125,0.125,0.125,0.125
11486,"I love how the app intuitively knows what I want to hear.",5,"female","Santiago, Chile","2025-05-13","positivo","i love how the app intuitively knows what i want to hear",0,"high quality | streaming services | dolby atmos | using tidal | quality audio",0.125,0.125,0.125,0.125,0.125,0.125,0.125,0.125
11495,"The vest one out is tidal",5,"female","Valparaíso, Chile","2025-08-29","positivo","the vest one out is tidal",0,"high quality | streaming services | dolby atmos | using tidal | quality audio",0.125,0.125,0.125,0.125,0.125,0.125,0.125,0.125
11498,"Music quality and app is top notch",5,"female","Cali, Colombia","2025-07-16","positivo","music quality and app is top notch",4,"go back | tidal connect | best streaming service | streaming service quality | quality streaming",0.0313,0.0313,0.0313,0.0313,0.7812,0.0313,0.0313,0.0313
11499,"tidal is great that feature that lets you go live and share with others is world class I love it",5,"female","Suva, Fiji","2025-09-04","positivo","tidal is great that feature that lets you go live and share with others is world class i love it",7,"actually pay | slows things down | support artists | android auto | awesome selection",0.0625,0.0625,0.0625,0.0625,0.0625,0.0625,0.0625,0.5625
11501,"Easy to navigate, but since the last update it won't stream properly to the naim speakers. My partner is now using a family Spotify account and it works. I want my lossless sound back! Update: not long after my comment things changed - all is working! Back to 5 stars",5,"female","Gold Coast, Australia","2025-10-09","positivo","easy to navigate but since the last update it won t stream properly to the naim speakers my partner is now using a family spotify account and it works i want my lossless sound back update not long after my comment things changed all is working back to stars",7,"actually pay | slows things down | support artists | android auto | awesome selection",0.0313,0.0313,0.0313,0.0313,0.0313,0.2812,0.0313,0.5312
11507,"Genuinely impressive audio quality. If you care about where your money goes and if you have a high quality audio set up (Atmos especially), TIDAL is a no-brainer. I challenge anyone to try the trial and *not* fall in love.",5,"female","São Paulo, Brazil","2025-06-06","positivo","genuinely impressive audio quality if you care about where your money goes and if you have a high quality audio set up atmos especially tidal is a no brainer i challenge anyone to try the trial and not fall in love",0,"high quality | streaming services | dolby atmos | using tidal | quality audio",0.8906,0.0156,0.0156,0.0156,0.0156,0.0156,0.0156,0.0156
11513,"Lossless is the way to go..",5,"female","Rio de Janeiro, Brazil","2025-05-21","positivo","lossless is the way to go",0,"high quality | streaming services | dolby atmos | using tidal | quality audio",0.125,0.125,0.125,0.125,0.125,0.125,0.125,0.125
11522,"This app has the unique artists that I like to listen to, so, I am satisfied with the results.",5,"female","Suva, Fiji","2025-10-19","positivo","this app has the unique artists that i like to listen to so i am satisfied with the results",0,"high quality | streaming services | dolby atmos | using tidal | quality audio",0.125,0.125,0.125,0.125,0.125,0.125,0.125,0.125
11538,"Nice selections on this app...very thorough!",5,"female","Sydney, Australia","2025-11-19","positivo","nice selections on this app very thorough",0,"high quality | streaming services | dolby atmos | using tidal | quality audio",0.125,0.125,0.125,0.125,0.125,0.125,0.125,0.125
11545,"Can't download music please keeps saying download off line",5,"female","Wellington, New Zealand","2025-12-09","positivo","can t download music please keeps saying download off line",7,"actually pay | slows things down | support artists | android auto | awesome selection",0.0625,0.0625,0.0625,0.0625,0.0625,0.0625,0.0625,0.5625
11548,"Lish 2X entire catalog is on here and I listen to my faves seamlessly",5,"female","Wellington, New Zealand","2025-09-25","positivo","lish x entire catalog is on here and i listen to my faves seamlessly",0,"high quality | streaming services | dolby atmos | using tidal | quality audio",0.125,0.125,0.125,0.125,0.125,0.125,0.125,0.125
11552,"Tidal makes me wet.",5,"female","Córdoba, Argentina","2025-07-17","positivo","tidal makes me wet",0,"high quality | streaming services | dolby atmos | using tidal | quality audio",0.125,0.125,0.125,0.125,0.125,0.125,0.125,0.125
11577,"Best streaming music app I've used!",5,"female","Gold Coast, Australia","2025-10-04","positivo","best streaming music app i ve used",4,"go back | tidal connect | best streaming service | streaming service quality | quality streaming",0.0313,0.0313,0.0313,0.0313,0.7812,0.0313,0.0313,0.0313
11579,"Excellent! Wish the option for Master Quality was more affordable though",5,"female","Adelaide, Australia","2025-11-18","positivo","excellent wish the option for master quality was more affordable though",1,"better spotify | master quality | about seconds | spotify where | back spotify",0.0625,0.5625,0.0625,0.0625,0.0625,0.0625,0.0625,0.0625
11592,"BY FAR ONE OF THE BEST MUSIC APPS I HAVE USED TO DATE GOOD SELECTION OF MUSIC PLUS NEW ARTISTS WHICH IS A PLUS IF YOU LOOKING TO EXPAND YOUR MUSIC CATOLOG DONT FORGET TO MENTION YOU COULD LISTEN TO OFFLINE MUSIC",5,"female","La Paz, Bolivia","2025-06-26","positivo","by far one of the best music apps i have used to date good selection of music plus new artists which is a plus if you looking to expand your music catolog dont forget to mention you could listen to offline music",4,"go back | tidal connect | best streaming service | streaming service quality | quality streaming",0.0208,0.1874,0.1875,0.0208,0.5209,0.0208,0.0208,0.0208
11594,"Works perfectly, everything downloads fast and the quality can't be beat. It's very easy to navigate and find things you're looking for and is overall my favorite music app!",5,"female","Córdoba, Argentina","2025-06-14","positivo","works perfectly everything downloads fast and the quality can t be beat it s very easy to navigate and find things you re looking for and is overall my favorite music app",5,"actually pay artists | spotify premium | less enjoyable | search find need | quality difference",0.0313,0.0313,0.0313,0.0313,0.0313,0.7812,0.0313,0.0313
11605,"Amazing play list just will not play your playlist on Amazon echo",5,"female","Wellington, New Zealand","2025-11-24","positivo","amazing play list just will not play your playlist on amazon echo",4,"go back | tidal connect | best streaming service | streaming service quality | quality streaming",0.0625,0.0625,0.0625,0.0625,0.5625,0.0625,0.0625,0.0625
11615,"Best of the best.",5,"female","Santiago, Chile","2025-06-13","positivo","best of the best",2,"best quality | tidal spotify | gets frustrating while | having same | switched spotify",0.0625,0.0625,0.5625,0.0625,0.0625,0.0625,0.0625,0.0625
11618,"Excellent sound quality over Spotify. Discovering new music seems a lot more organic to.",5,"female","Auckland, New Zealand","2025-11-11","positivo","excellent sound quality over spotify discovering new music seems a lot more organic to",0,"high quality | streaming services | dolby atmos | using tidal | quality audio",0.7081,0.0417,0.0417,0.0417,0.0417,0.0417,0.0417,0.0418
11630,"Loved it when i actually had it on my old phone, but i reccomend it over everyone else",5,"female","Rosario, Argentina","2025-06-13","positivo","loved it when i actually had it on my old phone but i reccomend it over everyone else",0,"high quality | streaming services | dolby atmos | using tidal | quality audio",0.125,0.125,0.125,0.125,0.125,0.125,0.125,0.125
11636,"It's a WOW experience!!! Just love it. Well done guys",5,"female","Melbourne, Australia","2025-11-10","positivo","it s a wow experience just love it well done guys",0,"high quality | streaming services | dolby atmos | using tidal | quality audio",0.125,0.125,0.125,0.125,0.125,0.125,0.125,0.125
11638,"Great app however amazing quality however there should be a play history it would be nice to remember a song you liked and you can't find it again!",5,"female","Bogotá, Colombia","2025-06-21","positivo","great app however amazing quality however there should be a play history it would be nice to remember a song you liked and you can t find it again",7,"actually pay | slows things down | support artists | android auto | awesome selection",0.0313,0.0313,0.0313,0.0313,0.0313,0.0313,0.2813,0.5312
11639,"Is exceptional, like the app and music delivery.",5,"female","Rio de Janeiro, Brazil","2025-05-12","positivo","is exceptional like the app and music delivery",0,"high quality | streaming services | dolby atmos | using tidal | quality audio",0.125,0.125,0.125,0.125,0.125,0.125,0.125,0.125
11656,"Best music app ever! The algorithm is top tier!",5,"female","Auckland, New Zealand","2025-09-25","positivo","best music app ever the algorithm is top tier",7,"actually pay | slows things down | support artists | android auto | awesome selection",0.0417,0.0417,0.0417,0.0417,0.0417,0.0417,0.0417,0.7083
11670,"It's been a wonderful experience so far. Please add more Nigerian oldies. Thanksb",5,"female","Auckland, New Zealand","2025-10-17","positivo","it s been a wonderful experience so far please add more nigerian oldies thanksb",0,"high quality | streaming services | dolby atmos | using tidal | quality audio",0.125,0.125,0.125,0.125,0.125,0.125,0.125,0.125
11671,"Delayed usage wizard/helpers are annoying. Please allow to skip wizard.",5,"female","Valparaíso, Chile","2025-06-10","positivo","delayed usage wizard helpers are annoying please allow to skip wizard",0,"high quality | streaming services | dolby atmos | using tidal | quality audio",0.125,0.125,0.125,0.125,0.125,0.125,0.125,0.125
11674,"Outstanding all around. UI takes some getting used to, but MAN is the sound totally worth it. And knowing they pay artists 3x+ as much as Spotify makes me happy too.",5,"female","Auckland, New Zealand","2025-12-30","positivo","outstanding all around ui takes some getting used to but man is the sound totally worth it and knowing they pay artists x as much as spotify makes me happy too",6,"pay artists | audio quality | hi fi | worth money | spotify any day",0.025,0.025,0.025,0.025,0.025,0.025,0.425,0.425
11676,"Amazing, but I would like to see the like button more accessible in Android Auto",5,"female","Rio de Janeiro, Brazil","2025-07-10","positivo","amazing but i would like to see the like button more accessible in android auto",7,"actually pay | slows things down | support artists | android auto | awesome selection",0.0625,0.0625,0.0625,0.0625,0.0625,0.0625,0.0625,0.5625
11682,"Really wish there was a bit more video game OST especially from shmup/bullet hell series both old school and new. Overall I've finally made the switch from the other streaming service due to the higher quality Tidal offers.",5,"female","Buenos Aires, Argentina","2025-07-15","positivo","really wish there was a bit more video game ost especially from shmup bullet hell series both old school and new overall i ve finally made the switch from the other streaming service due to the higher quality tidal offers",5,"actually pay artists | spotify premium | less enjoyable | search find need | quality difference",0.0179,0.0179,0.0179,0.0179,0.3036,0.5892,0.0179,0.0179
11685,"My favorite app. Never had any problems on the Hifi version.",5,"female","Wellington, New Zealand","2025-09-28","positivo","my favorite app never had any problems on the hifi version",1,"better spotify | master quality | about seconds | spotify where | back spotify",0.0417,0.7083,0.0417,0.0417,0.0417,0.0417,0.0417,0.0417
11693,"I've been happy overall. I've been thrilled with more albums becoming available in Dolby Atmos. Please keep them coming. It's what I've believed albums to be missing for many years. There's actual dynamics and warmth with Atmos. Very exciting it's like hearing the albums for the first time again.",5,"female","Rosario, Argentina","2025-08-02","positivo","i ve been happy overall i ve been thrilled with more albums becoming available in dolby atmos please keep them coming it s what i ve believed albums to be missing for many years there s actual dynamics and warmth with atmos very exciting it s like hearing the albums for the first time again",0,"high quality | streaming services | dolby atmos | using tidal | quality audio",0.825,0.025,0.025,0.025,0.025,0.025,0.025,0.025
11695,"Qualidade de som surreal! Sinto como se tivesse ouvindo cada música diretamente do computador dos produtores haha. Amei e não me arrependo de ter migrado do Spotify para esse app, sem falar que os planos são mais baratos.",5,"female","Philadelphia, United States","2025-05-08","positivo","qualidade de som surreal sinto como se tivesse ouvindo cada música diretamente do computador dos produtores haha amei e não me arrependo de ter migrado do spotify para esse app sem falar que os planos são mais baratos",5,"actually pay artists | spotify premium | less enjoyable | search find need | quality difference",0.0313,0.0313,0.0313,0.0313,0.0313,0.7812,0.0313,0.0313
11700,"Sound quality and overall experience far superior to Spotify. Upgraded and will never look back.",5,"female","Wellington, New Zealand","2025-10-25","positivo","sound quality and overall experience far superior to spotify upgraded and will never look back",3,"then made | spotify then | through day | spotify tidal | streaming platform",0.0208,0.0208,0.0208,0.8542,0.0208,0.0208,0.0208,0.0208
11708,"C'est le meilleur! Avec le flac la qualite s'est encore ameliorée! Bravo!",5,"female","Buenos Aires, Argentina","2025-08-16","positivo","c est le meilleur avec le flac la qualite s est encore ameliorée bravo",0,"high quality | streaming services | dolby atmos | using tidal | quality audio",0.125,0.125,0.125,0.125,0.125,0.125,0.125,0.125
11710,"but the phone app won't work butso I am trying and trying I keep trying butbut it still doesn't work",5,"female","Quito, Ecuador","2025-06-27","positivo","but the phone app won t work butso i am trying and trying i keep trying butbut it still doesn t work",0,"high quality | streaming services | dolby atmos | using tidal | quality audio",0.125,0.125,0.125,0.125,0.125,0.125,0.125,0.125
11711,"Tidal through a decent 3.5 to phone even through a phone sounds much better than any other streamerr full stop. The master recordings are amazing and sounds better than a v good CD player. The highest hi-fi plus is £20 a month but if you love music it's worth it to want to listen to all your music again and at it's best. Good user interface as well. The next best I believe is Amazon music but once you hear tidal on a master recording (of which there are many) you will never go back. Excellent",5,"female","La Paz, Bolivia","2025-05-25","positivo","tidal through a decent to phone even through a phone sounds much better than any other streamerr full stop the master recordings are amazing and sounds better than a v good cd player the highest hi fi plus is a month but if you love music it s worth it to want to listen to all your music again and at it s best good user interface as well the next best i believe is amazon music but once you hear tidal on a master recording of which there are many you will never go back excellent",6,"pay artists | audio quality | hi fi | worth money | spotify any day",0.0078,0.0078,0.0078,0.0078,0.0078,0.0078,0.5149,0.4382
11737,"Please add the ""repeat"" button on Android TV version! Thank you!",5,"female","Asunción, Paraguay","2025-05-30","positivo","please add the repeat button on android tv version thank you",0,"high quality | streaming services | dolby atmos | using tidal | quality audio",0.825,0.025,0.025,0.025,0.025,0.025,0.025,0.025
11740,"I listen to Tidal mainly because I like listening to Master cuts and Hi-Fi. I have a system that allows me to hear the difference, although not much, but still a difference. I have always been able to find every recording that I wanted to hear readily available and what I listen to goes back several decades.",5,"female","Rosario, Argentina","2025-06-21","positivo","i listen to tidal mainly because i like listening to master cuts and hi fi i have a system that allows me to hear the difference although not much but still a difference i have always been able to find every recording that i wanted to hear readily available and what i listen to goes back several decades",7,"actually pay | slows things down | support artists | android auto | awesome selection",0.025,0.025,0.025,0.025,0.025,0.225,0.225,0.425
11742,"Absolutely love this app. The sound quality is great, the interface is awesome, and I love the selection. The only issues I have are that the podcast selection is nearly non-existent and I wish they would expand your options on adding a profile picture. Currently you can only add one from tiktok, Facebook, or Snapchat.",5,"female","Melbourne, Australia","2025-11-26","positivo","absolutely love this app the sound quality is great the interface is awesome and i love the selection the only issues i have are that the podcast selection is nearly non existent and i wish they would expand your options on adding a profile picture currently you can only add one from tiktok facebook or snapchat",7,"actually pay | slows things down | support artists | android auto | awesome selection",0.0208,0.3541,0.0208,0.1875,0.0208,0.0208,0.0208,0.3542
11743,"you can find almost everything you want or need here. great sound quality. Wirth the price.",5,"female","Melbourne, Australia","2025-11-13","positivo","you can find almost everything you want or need here great sound quality wirth the price",6,"pay artists | audio quality | hi fi | worth money | spotify any day",0.0417,0.0417,0.0417,0.0417,0.0417,0.0417,0.7083,0.0417
11750,"nice sounds... good n easy to use... better if have locality option for better customisation",5,"female","Perth, Australia","2025-09-09","positivo","nice sounds good n easy to use better if have locality option for better customisation",3,"then made | spotify then | through day | spotify tidal | streaming platform",0.0625,0.0625,0.0625,0.5625,0.0625,0.0625,0.0625,0.0625
11762,"Blows away Spotify on so many levels.",5,"female","Santiago, Chile","2025-05-10","positivo","blows away spotify on so many levels",0,"high quality | streaming services | dolby atmos | using tidal | quality audio",0.125,0.125,0.125,0.125,0.125,0.125,0.125,0.125
11765,"Creo que es una excelente alternativa a apple music, la verdad con más actualizaciones y demás la aplicación se siente muy ma calidad en flac se disfruta si tienes un dac, la recomiendo enteramente",5,"female","Rio de Janeiro, Brazil","2025-07-15","positivo","creo que es una excelente alternativa a apple music la verdad con más actualizaciones y demás la aplicación se siente muy ma calidad en flac se disfruta si tienes un dac la recomiendo enteramente",2,"best quality | tidal spotify | gets frustrating while | having same | switched spotify",0.0417,0.0417,0.375,0.0417,0.0417,0.0417,0.375,0.0417
11772,"A wonderful musical experience.",5,"female","Hobart, Australia","2025-09-15","positivo","a wonderful musical experience",0,"high quality | streaming services | dolby atmos | using tidal | quality audio",0.125,0.125,0.125,0.125,0.125,0.125,0.125,0.125
11782,"Great service and selection",5,"female","Arequipa, Peru","2025-05-21","positivo","great service and selection",0,"high quality | streaming services | dolby atmos | using tidal | quality audio",0.125,0.125,0.125,0.125,0.125,0.125,0.125,0.125
11784,"Very Good Very Nice",5,"female","Valparaíso, Chile","2025-07-13","positivo","very good very nice",0,"high quality | streaming services | dolby atmos | using tidal | quality audio",0.125,0.125,0.125,0.125,0.125,0.125,0.125,0.125
11785,"Ive given tidal a lower rating not long ago but after using it for about a year i can clearly see and say that the improvements made to it through updates have greatly changed it quality. I also have a spotify account and i use both of the apps. Tidal has superb quality, no volume issues and a very clean interface. Sure, the variety of music isnt as vast but it is not small by no means. I have found 95% of the songs that ive been looking for. Very happy with it. Please keep up the improvements.",5,"female","Bogotá, Colombia","2025-07-04","positivo","ive given tidal a lower rating not long ago but after using it for about a year i can clearly see and say that the improvements made to it through updates have greatly changed it quality i also have a spotify account and i use both of the apps tidal has superb quality no volume issues and a very clean interface sure the variety of music isnt as vast but it is not small by no means i have found of the songs that ive been looking for very happy with it please keep up the improvements",7,"actually pay | slows things down | support artists | android auto | awesome selection",0.0156,0.0156,0.0156,0.0156,0.0156,0.0156,0.0156,0.8906
11786,"Outstanding experience 🐙 . Few exceptions being problems pairing with car's Bluetooth, lack of android auto integration, and sometimes unavailable tracks. Other than that , tidal has improved Life for us in a big way.",5,"female","Nadi, Fiji","2025-09-18","positivo","outstanding experience few exceptions being problems pairing with car s bluetooth lack of android auto integration and sometimes unavailable tracks other than that tidal has improved life for us in a big way",7,"actually pay | slows things down | support artists | android auto | awesome selection",0.0417,0.0417,0.0417,0.375,0.0417,0.0417,0.0417,0.375
11787,"Haven't had much issues with the app. Only using Tidal now as a 3 month free subscription was included on my phone (which doesn't work in Australia unfortunately). Shuffle seems to always start off with the last track that I've added to my library/collection. I most frequently use Tidal while driving, and just noticed, since the last update, that it's not really responding when I have to navigate to play my tracks, had to pullover and start it up on my phone. Otherwise I've had no problems.",5,"female","Canberra, Australia","2025-11-28","positivo","haven t had much issues with the app only using tidal now as a month free subscription was included on my phone which doesn t work in australia unfortunately shuffle seems to always start off with the last track that i ve added to my library collection i most frequently use tidal while driving and just noticed since the last update that it s not really responding when i have to navigate to play my tracks had to pullover and start it up on my phone otherwise i ve had no problems",0,"high quality | streaming services | dolby atmos | using tidal | quality audio",0.6406,0.0156,0.0156,0.2656,0.0156,0.0156,0.0156,0.0156
11789,"The best music streaming service ever. I moved from Spotify, this is much more premium.",5,"female","Suva, Fiji","2025-11-17","positivo","the best music streaming service ever i moved from spotify this is much more premium",4,"go back | tidal connect | best streaming service | streaming service quality | quality streaming",0.0208,0.0209,0.0208,0.0208,0.6875,0.1875,0.0208,0.0208
11799,"Its pretty good and thats all i could say lol",5,"female","Melbourne, Australia","2025-09-17","positivo","its pretty good and thats all i could say lol",0,"high quality | streaming services | dolby atmos | using tidal | quality audio",0.125,0.125,0.125,0.125,0.125,0.125,0.125,0.125
11804,"The app is revolutionary. A lovely interfacem",5,"female","Perth, Australia","2025-11-11","positivo","the app is revolutionary a lovely interfacem",0,"high quality | streaming services | dolby atmos | using tidal | quality audio",0.125,0.125,0.125,0.125,0.125,0.125,0.125,0.125
11805,"Excellent quality music, with the ability to search and remove songs from a playlist. Love it!",5,"female","Gold Coast, Australia","2025-10-08","positivo","excellent quality music with the ability to search and remove songs from a playlist love it",0,"high quality | streaming services | dolby atmos | using tidal | quality audio",0.7083,0.0417,0.0417,0.0417,0.0417,0.0417,0.0417,0.0417
11816,"Great app Great service I use this app professionally and personally and I haven't found anything that compares",5,"female","Port Moresby, Papua New Guinea","2025-11-19","positivo","great app great service i use this app professionally and personally and i haven t found anything that compares",4,"go back | tidal connect | best streaming service | streaming service quality | quality streaming",0.375,0.0417,0.0417,0.0417,0.375,0.0417,0.0417,0.0417
11833,"Tidal is a highly underrated streaming service in my opinion. First of all they have the best sound quality to my knowledge of any streaming service when you choose the HiFi plan, in addition to other sound options like Dolby Atmos and 360 audio. They pay better rates to artists than Spotify or Apple Music does. I think the layout and UI are mostly very good, the suggestion algorithm is great, and with solid curated playlists. I'm starting to prefer Tidal over Spotify premium. Give it a try.",5,"female","Valparaíso, Chile","2025-08-03","positivo","tidal is a highly underrated streaming service in my opinion first of all they have the best sound quality to my knowledge of any streaming service when you choose the hifi plan in addition to other sound options like dolby atmos and audio they pay better rates to artists than spotify or apple music does i think the layout and ui are mostly very good the suggestion algorithm is great and with solid curated playlists i m starting to prefer tidal over spotify premium give it a try",4,"go back | tidal connect | best streaming service | streaming service quality | quality streaming",0.0629,0.0066,0.1645,0.0066,0.3217,0.2697,0.0066,0.1615
11850,"😘✨🤘 ( words can't describe how much I love this app )",5,"female","Christchurch, New Zealand","2025-12-13","positivo","words can t describe how much i love this app",0,"high quality | streaming services | dolby atmos | using tidal | quality audio",0.125,0.125,0.125,0.125,0.125,0.125,0.125,0.125
11853,"Love TIDAL! Every song I search is found.",5,"female","Fortaleza, Brazil","2025-05-17","positivo","love tidal every song i search is found",0,"high quality | streaming services | dolby atmos | using tidal | quality audio",0.125,0.125,0.125,0.125,0.125,0.125,0.125,0.125
11858,"Fantastic service. With the student discount prices being what they are, there are very few good reasons to use Spotify over tidal. They listen to their community too! My initial review had some UX complaints, but on the two months since they've solved each of them!",5,"female","Nadi, Fiji","2025-10-13","positivo","fantastic service with the student discount prices being what they are there are very few good reasons to use spotify over tidal they listen to their community too my initial review had some ux complaints but on the two months since they ve solved each of them",3,"then made | spotify then | through day | spotify tidal | streaming platform",0.025,0.025,0.025,0.825,0.025,0.025,0.025,0.025
11860,"I enjoy listening to whatever I want when I want. The artist radio is the easiest way to listen to other songs in the genre! Hearing the song to add to your collection is awesome!",5,"female","Nadi, Fiji","2025-10-09","positivo","i enjoy listening to whatever i want when i want the artist radio is the easiest way to listen to other songs in the genre hearing the song to add to your collection is awesome",7,"actually pay | slows things down | support artists | android auto | awesome selection",0.0417,0.0417,0.0417,0.0417,0.0417,0.0417,0.0417,0.7083
11863,"Very clear and bright sound when selecting HiFi sound quality. Wow. It sounds great.",5,"female","Lima, Peru","2025-08-27","positivo","very clear and bright sound when selecting hifi sound quality wow it sounds great",1,"better spotify | master quality | about seconds | spotify where | back spotify",0.0625,0.5625,0.0625,0.0625,0.0625,0.0625,0.0625,0.0625
11872,"Tidal is the very best music streaming app I'm in Africa yet I get all the songs I love on this app.",5,"female","Sydney, Australia","2025-11-27","positivo","tidal is the very best music streaming app i m in africa yet i get all the songs i love on this app",4,"go back | tidal connect | best streaming service | streaming service quality | quality streaming",0.0313,0.0313,0.0313,0.0313,0.7812,0.0313,0.0313,0.0313
11883,"I come from another music streaming apps and I would like to see a sharing lyrics option, when I go offline to stay on the menu instead of going to the main screen, also I cannot share songs on Instagram cus it keeps showing me the title of the previous song that I shared. The shuffle and random playlist could be better. Overall I'll keep tidal because of the music quality.",5,"female","Melbourne, Australia","2025-12-16","positivo","i come from another music streaming apps and i would like to see a sharing lyrics option when i go offline to stay on the menu instead of going to the main screen also i cannot share songs on instagram cus it keeps showing me the title of the previous song that i shared the shuffle and random playlist could be better overall i ll keep tidal because of the music quality",4,"go back | tidal connect | best streaming service | streaming service quality | quality streaming",0.0417,0.375,0.0417,0.0417,0.375,0.0417,0.0417,0.0417
11893,"Its Jay z app so 5 stars",5,"female","Suva, Fiji","2025-12-03","positivo","its jay z app so stars",0,"high quality | streaming services | dolby atmos | using tidal | quality audio",0.125,0.125,0.125,0.125,0.125,0.125,0.125,0.125
11896,"Music quality, selection and the fact that tidal pays the most of any streaming service are all great pluses - only negative is the very basic navigation is offered on their app - which hasn't perceptive changed in the past 4 years",5,"female","Adelaide, Australia","2025-11-17","positivo","music quality selection and the fact that tidal pays the most of any streaming service are all great pluses only negative is the very basic navigation is offered on their app which hasn t perceptive changed in the past years",4,"go back | tidal connect | best streaming service | streaming service quality | quality streaming",0.0179,0.0179,0.0179,0.0179,0.8749,0.0179,0.0179,0.0179
11897,"Great app, really love the master quality function. Easily a contender for that other music streaming company with green spots that are iffy....",5,"female","Hobart, Australia","2025-09-30","positivo","great app really love the master quality function easily a contender for that other music streaming company with green spots that are iffy",1,"better spotify | master quality | about seconds | spotify where | back spotify",0.0625,0.5625,0.0625,0.0625,0.0625,0.0625,0.0625,0.0625
11898,"Absolutely love this app! Navigation &such is a little frustrating but over all its fantastic!",5,"female","Santiago, Chile","2025-05-21","positivo","absolutely love this app navigation such is a little frustrating but over all its fantastic",0,"high quality | streaming services | dolby atmos | using tidal | quality audio",0.125,0.125,0.125,0.125,0.125,0.125,0.125,0.125
11900,"great experience. very recomended for college students that love tranquility.",5,"female","Guayaquil, Ecuador","2025-08-19","positivo","great experience very recomended for college students that love tranquility",0,"high quality | streaming services | dolby atmos | using tidal | quality audio",0.125,0.125,0.125,0.125,0.125,0.125,0.125,0.125
11905,"Extremely easy to navigate",5,"female","Brasília, Brazil","2025-06-27","positivo","extremely easy to navigate",5,"actually pay artists | spotify premium | less enjoyable | search find need | quality difference",0.0625,0.0625,0.0625,0.0625,0.0625,0.5625,0.0625,0.0625
11908,"Best streaming service available. Best recommendations if you put the time in.",5,"female","Buenos Aires, Argentina","2025-09-03","positivo","best streaming service available best recommendations if you put the time in",4,"go back | tidal connect | best streaming service | streaming service quality | quality streaming",0.0208,0.0208,0.0208,0.0208,0.8542,0.0208,0.0208,0.0208
11913,"phenomenal! outperforms my expectations in every way",5,"female","Brasília, Brazil","2025-08-10","positivo","phenomenal outperforms my expectations in every way",0,"high quality | streaming services | dolby atmos | using tidal | quality audio",0.125,0.125,0.125,0.125,0.125,0.125,0.125,0.125
11915,"No complaints. Great app! It used to be horrible and buggy but they got everything together and made an amazing no bug app!",5,"female","Perth, Australia","2025-12-02","positivo","no complaints great app it used to be horrible and buggy but they got everything together and made an amazing no bug app",0,"high quality | streaming services | dolby atmos | using tidal | quality audio",0.125,0.125,0.125,0.125,0.125,0.125,0.125,0.125
11917,"Wonderful music! I listen to it almost everyday, everything about this is perfect. Thank you TIDAL!",5,"female","Fortaleza, Brazil","2025-07-31","positivo","wonderful music i listen to it almost everyday everything about this is perfect thank you tidal",4,"go back | tidal connect | best streaming service | streaming service quality | quality streaming",0.0625,0.0625,0.0625,0.0625,0.5625,0.0625,0.0625,0.0625
11931,"Hifi. Lossless master files. Offline listening for downloaded Playlist. Artist get a kickback LIKE IT SHOULD HAVE ALWAYS BEEN. It's perfect. I've never had any issues with connection or anything.",5,"female","Christchurch, New Zealand","2025-10-16","positivo","hifi lossless master files offline listening for downloaded playlist artist get a kickback like it should have always been it s perfect i ve never had any issues with connection or anything",0,"high quality | streaming services | dolby atmos | using tidal | quality audio",0.8541,0.0208,0.0208,0.0208,0.0208,0.0208,0.0208,0.0208
11935,"Im loving this with serato. Game changer.",5,"female","Guadalajara, Mexico","2025-05-07","positivo","im loving this with serato game changer",1,"better spotify | master quality | about seconds | spotify where | back spotify",0.0625,0.5625,0.0625,0.0625,0.0625,0.0625,0.0625,0.0625
11938,"Great sound options allow you to use your great sound hardware.",5,"female","Rosario, Argentina","2025-08-19","positivo","great sound options allow you to use your great sound hardware",0,"high quality | streaming services | dolby atmos | using tidal | quality audio",0.125,0.125,0.125,0.125,0.125,0.125,0.125,0.125
11949,"They pay (at the time I'm posting this) one of the highest per stream. I switched from spotify and it's essentially the same experience and I've only come across not finding a song (same with spotify) when looking for something pretty under the radar",5,"female","Santa Cruz, Bolivia","2025-06-26","positivo","they pay at the time i m posting this one of the highest per stream i switched from spotify and it s essentially the same experience and i ve only come across not finding a song same with spotify when looking for something pretty under the radar",5,"actually pay artists | spotify premium | less enjoyable | search find need | quality difference",0.0313,0.0313,0.2813,0.0313,0.0313,0.5312,0.0313,0.0313
11952,"better than the trashy apple music",5,"female","Medellín, Colombia","2025-06-25","positivo","better than the trashy apple music",0,"high quality | streaming services | dolby atmos | using tidal | quality audio",0.125,0.125,0.125,0.125,0.125,0.125,0.125,0.125
11966,"fredmukibi kibaale good and nice to stream with no problem byebye",5,"female","Perth, Australia","2025-11-06","positivo","fredmukibi kibaale good and nice to stream with no problem byebye",0,"high quality | streaming services | dolby atmos | using tidal | quality audio",0.125,0.125,0.125,0.125,0.125,0.125,0.125,0.125
11972,"does what it says on the tin excellent",5,"female","Wellington, New Zealand","2025-10-01","positivo","does what it says on the tin excellent",0,"high quality | streaming services | dolby atmos | using tidal | quality audio",0.125,0.125,0.125,0.125,0.125,0.125,0.125,0.125
11978,"Some catalogues I can't find them but I understand contracts so it's ok. The best of the best this one. Plus the fact that I know I'm contributing the most royalties to artists than any other platform.",5,"female","Quito, Ecuador","2025-06-07","positivo","some catalogues i can t find them but i understand contracts so it s ok the best of the best this one plus the fact that i know i m contributing the most royalties to artists than any other platform",3,"then made | spotify then | through day | spotify tidal | streaming platform",0.0313,0.0313,0.2812,0.5313,0.0313,0.0313,0.0313,0.0313
11993,"THE CARTERS BEATS KIMBERLY NOEL KARDASHIAN X AND TAYLOR ALLISON SWIFT EVERYDAY ♎♒♎♒❤️❤️🎉🎉",5,"female","Bogotá, Colombia","2025-05-12","positivo","the carters beats kimberly noel kardashian x and taylor allison swift everyday",0,"high quality | streaming services | dolby atmos | using tidal | quality audio",0.125,0.125,0.125,0.125,0.125,0.125,0.125,0.125
11995,"Love the app, best experience I've had with any music app I've used since a young age. One thing tho, can we please see a Tidal app for the Xbox One and X/S platform? I would like to stop paying for a lossy Spotify app just for the Xbox.",5,"female","Sydney, Australia","2025-10-18","positivo","love the app best experience i ve had with any music app i ve used since a young age one thing tho can we please see a tidal app for the xbox one and x s platform i would like to stop paying for a lossy spotify app just for the xbox",7,"actually pay | slows things down | support artists | android auto | awesome selection",0.0625,0.0625,0.0625,0.0625,0.0625,0.0625,0.0625,0.5625
12000,"Really starting to like over Amazon",5,"female","Queenstown, New Zealand","2025-12-09","positivo","really starting to like over amazon",0,"high quality | streaming services | dolby atmos | using tidal | quality audio",0.125,0.125,0.125,0.125,0.125,0.125,0.125,0.125
12006,"Great app for HIFi music! But why on every update my account get signed out, so I need login again !? .",5,"female","Salvador, Brazil","2025-07-23","positivo","great app for hifi music but why on every update my account get signed out so i need login again",0,"high quality | streaming services | dolby atmos | using tidal | quality audio",0.125,0.125,0.125,0.125,0.125,0.125,0.125,0.125
12021,"Si eres audiófilo esta app es la tuya.",5,"female","Melbourne, Australia","2025-10-27","positivo","si eres audiófilo esta app es la tuya",2,"best quality | tidal spotify | gets frustrating while | having same | switched spotify",0.0625,0.0625,0.5625,0.0625,0.0625,0.0625,0.0625,0.0625
12022,"Way better than spotify!",5,"female","Christchurch, New Zealand","2025-12-15","positivo","way better than spotify",1,"better spotify | master quality | about seconds | spotify where | back spotify",0.0625,0.5625,0.0625,0.0625,0.0625,0.0625,0.0625,0.0625
12025,"I've been using this app since ""4:44"" and I still absolutely love it!!! I love the playlists made for me cuz I discover new artists. I wish they kept the performances from the festivals but it's all good.",5,"female","Cali, Colombia","2025-06-06","positivo","i ve been using this app since and i still absolutely love it i love the playlists made for me cuz i discover new artists i wish they kept the performances from the festivals but it s all good",0,"high quality | streaming services | dolby atmos | using tidal | quality audio",0.5625,0.0625,0.0625,0.0625,0.0625,0.0625,0.0625,0.0625
12030,"Phenomenal high res studio streaming, would recommend using an MQA DAC for the best experience and quality 👍🔊",5,"female","Perth, Australia","2025-09-16","positivo","phenomenal high res studio streaming would recommend using an mqa dac for the best experience and quality",2,"best quality | tidal spotify | gets frustrating while | having same | switched spotify",0.0313,0.2812,0.5313,0.0313,0.0313,0.0313,0.0313,0.0313
12031,"Bin bis jetzt sehr zufrieden. Man kann durch externe dienste seine Playlists, usw. übertragen und muss dadurch nicht alles von vorne erstellen. Finde es klanglich auch besser als einige andere Anbieter, gerade die Master tracks. Cool ist auch das wenn man das teurere Abo hat 10% des Geldes an den meist gehörtesten Künstler des Monats gehen. Tolle Art jemanden ""passiv"" unterstützen zu können. Das einzige was mir aktuell fehlt ist die Funktion vom Handy aus Musik am PC steuern zu können.",5,"female","Christchurch, New Zealand","2025-10-20","positivo","bin bis jetzt sehr zufrieden man kann durch externe dienste seine playlists usw übertragen und muss dadurch nicht alles von vorne erstellen finde es klanglich auch besser als einige andere anbieter gerade die master tracks cool ist auch das wenn man das teurere abo hat des geldes an den meist gehörtesten künstler des monats gehen tolle art jemanden passiv unterstützen zu können das einzige was mir aktuell fehlt ist die funktion vom handy aus musik am pc steuern zu können",2,"best quality | tidal spotify | gets frustrating while | having same | switched spotify",0.0625,0.0625,0.5625,0.0625,0.0625,0.0625,0.0625,0.0625
12032,"Incorporates with serato really well and very happy to have purchased",5,"female","Rio de Janeiro, Brazil","2025-08-20","positivo","incorporates with serato really well and very happy to have purchased",0,"high quality | streaming services | dolby atmos | using tidal | quality audio",0.125,0.125,0.125,0.125,0.125,0.125,0.125,0.125
12035,"App has started consistently crashing . Cannot make it thru a song",5,"female","Canberra, Australia","2025-11-15","positivo","app has started consistently crashing cannot make it thru a song",0,"high quality | streaming services | dolby atmos | using tidal | quality audio",0.125,0.125,0.125,0.125,0.125,0.125,0.125,0.125
12036,"Nice simple interface, optimal sound and cool features.",5,"female","Perth, Australia","2025-11-26","positivo","nice simple interface optimal sound and cool features",2,"best quality | tidal spotify | gets frustrating while | having same | switched spotify",0.0625,0.0625,0.5625,0.0625,0.0625,0.0625,0.0625,0.0625
12037,"Changed from Spotify to Tidal and I have no regrets. Quality is so much better, the app is better designed, and TIDAL pays the artists way better than the competitors. I miss the Google Home integration though.",5,"female","Salvador, Brazil","2025-08-31","positivo","changed from spotify to tidal and i have no regrets quality is so much better the app is better designed and tidal pays the artists way better than the competitors i miss the google home integration though",0,"high quality | streaming services | dolby atmos | using tidal | quality audio",0.625,0.0096,0.0096,0.3173,0.0096,0.0096,0.0096,0.0096
12041,"my bad i just had to activate offline mode lol, i assumed it was automatic but it wasn't. 5 stars!!",5,"female","Rosario, Argentina","2025-06-01","positivo","my bad i just had to activate offline mode lol i assumed it was automatic but it wasn t stars",3,"then made | spotify then | through day | spotify tidal | streaming platform",0.0625,0.0625,0.0625,0.5625,0.0625,0.0625,0.0625,0.0625
12049,"Love the high quality audio files.",5,"female","Auckland, New Zealand","2025-12-03","positivo","love the high quality audio files",0,"high quality | streaming services | dolby atmos | using tidal | quality audio",0.7812,0.0313,0.0313,0.0313,0.0313,0.0313,0.0313,0.0313
12053,"The best out here",5,"female","Suva, Fiji","2025-10-10","positivo","the best out here",0,"high quality | streaming services | dolby atmos | using tidal | quality audio",0.125,0.125,0.125,0.125,0.125,0.125,0.125,0.125
12055,"It's good,big library",5,"female","Suva, Fiji","2025-11-05","positivo","it s good big library",0,"high quality | streaming services | dolby atmos | using tidal | quality audio",0.125,0.125,0.125,0.125,0.125,0.125,0.125,0.125
12064,"Incredible App, Great Experience!!",5,"female","Canberra, Australia","2025-10-17","positivo","incredible app great experience",0,"high quality | streaming services | dolby atmos | using tidal | quality audio",0.125,0.125,0.125,0.125,0.125,0.125,0.125,0.125
12066,"First Class, superior sound which makes other streamers foggy and 2nd rate",5,"female","Buenos Aires, Argentina","2025-07-15","positivo","first class superior sound which makes other streamers foggy and nd rate",0,"high quality | streaming services | dolby atmos | using tidal | quality audio",0.125,0.125,0.125,0.125,0.125,0.125,0.125,0.125
12073,"Excellent, best music app by far",5,"female","Gold Coast, Australia","2025-12-11","positivo","excellent best music app by far",1,"better spotify | master quality | about seconds | spotify where | back spotify",0.0625,0.5625,0.0625,0.0625,0.0625,0.0625,0.0625,0.0625
12080,"The best for the moment I hope it stays that way",5,"female","Melbourne, Australia","2025-12-11","positivo","the best for the moment i hope it stays that way",0,"high quality | streaming services | dolby atmos | using tidal | quality audio",0.125,0.125,0.125,0.125,0.125,0.125,0.125,0.125
12085,"Best sounding streaming service there is and I'm a audio engineer and a studio tuner",5,"female","Montevideo, Uruguay","2025-06-20","positivo","best sounding streaming service there is and i m a audio engineer and a studio tuner",4,"go back | tidal connect | best streaming service | streaming service quality | quality streaming",0.0208,0.0208,0.0208,0.0208,0.8542,0.0208,0.0208,0.0208
12087,"Is there an equaliser for tidal?",5,"female","Asunción, Paraguay","2025-07-24","positivo","is there an equaliser for tidal",0,"high quality | streaming services | dolby atmos | using tidal | quality audio",0.125,0.125,0.125,0.125,0.125,0.125,0.125,0.125
12095,"I love all the music from old to new!!",5,"female","Bogotá, Colombia","2025-08-18","positivo","i love all the music from old to new",0,"high quality | streaming services | dolby atmos | using tidal | quality audio",0.125,0.125,0.125,0.125,0.125,0.125,0.125,0.125
12104,"Ótimo Falta 3 coisas pra ficar perfeito: Sincronia entre os dispositivos, por exemplo: se estou ouvindo no PC e mudo pro celular ele não toca a música que já estava ouvindo; Colocar imagens nas capas de playlist; Poder compartilhar um trecho da letra da música.",5,"female","Philadelphia, United States","2025-05-04","positivo","ótimo falta coisas pra ficar perfeito sincronia entre os dispositivos por exemplo se estou ouvindo no pc e mudo pro celular ele não toca a música que já estava ouvindo colocar imagens nas capas de playlist poder compartilhar um trecho da letra da música",0,"high quality | streaming services | dolby atmos | using tidal | quality audio",0.125,0.125,0.125,0.125,0.125,0.125,0.125,0.125
12106,"My go-to for vibes. Period.",5,"female","Christchurch, New Zealand","2025-12-04","positivo","my go to for vibes period",0,"high quality | streaming services | dolby atmos | using tidal | quality audio",0.125,0.125,0.125,0.125,0.125,0.125,0.125,0.125
12107,"This app is simply Amazing, I subscribed to the premium HIFI and it sounds like being in the studio, it's just so good!",5,"female","Montevideo, Uruguay","2025-08-30","positivo","this app is simply amazing i subscribed to the premium hifi and it sounds like being in the studio it s just so good",5,"actually pay artists | spotify premium | less enjoyable | search find need | quality difference",0.0625,0.0625,0.0625,0.0625,0.0625,0.5625,0.0625,0.0625
12115,"Tidal is the music app. for you if you are hyper particular in sound quality, ease of use, selection and all round happiness. I am a music lover, Concert and Event Promoter , booking agent with a keen ear and knowledge of good music. My choice will always be Tidal as a result and I refer it often.",5,"female","Medellín, Colombia","2025-08-14","positivo","tidal is the music app for you if you are hyper particular in sound quality ease of use selection and all round happiness i am a music lover concert and event promoter booking agent with a keen ear and knowledge of good music my choice will always be tidal as a result and i refer it often",1,"better spotify | master quality | about seconds | spotify where | back spotify",0.0625,0.5625,0.0625,0.0625,0.0625,0.0625,0.0625,0.0625
12123,"Tidal babyyyyyyyyy!!!! Love it",5,"female","Gold Coast, Australia","2025-12-18","positivo","tidal babyyyyyyyyy love it",0,"high quality | streaming services | dolby atmos | using tidal | quality audio",0.125,0.125,0.125,0.125,0.125,0.125,0.125,0.125
12133,"Love music and the radio seems to be more talk than enjoyable music. This provides constant music no ads no talking. Well done",5,"female","Melbourne, Australia","2025-09-18","positivo","love music and the radio seems to be more talk than enjoyable music this provides constant music no ads no talking well done",0,"high quality | streaming services | dolby atmos | using tidal | quality audio",0.125,0.125,0.125,0.125,0.125,0.125,0.125,0.125
12135,"Excellent albums Excellent sound",5,"female","Wellington, New Zealand","2025-10-06","positivo","excellent albums excellent sound",0,"high quality | streaming services | dolby atmos | using tidal | quality audio",0.125,0.125,0.125,0.125,0.125,0.125,0.125,0.125
12147,"Love it Please do advise on the latest version Thank you",5,"female","Queenstown, New Zealand","2025-09-27","positivo","love it please do advise on the latest version thank you",4,"go back | tidal connect | best streaming service | streaming service quality | quality streaming",0.375,0.0417,0.0417,0.0417,0.375,0.0417,0.0417,0.0417
12152,"it works gud but need an update",5,"female","Melbourne, Australia","2025-09-19","positivo","it works gud but need an update",0,"high quality | streaming services | dolby atmos | using tidal | quality audio",0.125,0.125,0.125,0.125,0.125,0.125,0.125,0.125
12166,"The sound is amazing. Much better than the opps.",5,"female","Auckland, New Zealand","2025-10-06","positivo","the sound is amazing much better than the opps",0,"high quality | streaming services | dolby atmos | using tidal | quality audio",0.125,0.125,0.125,0.125,0.125,0.125,0.125,0.125
12173,"Enjoying the predominant usage of FLAC and the fact it came with a price drop. UPDATE: Infinite Download Loop fixed on my FiiO M15S: I deleted my download catalog and re-downloaded the playlists (~40GB) without error.",5,"female","Adelaide, Australia","2025-11-07","positivo","enjoying the predominant usage of flac and the fact it came with a price drop update infinite download loop fixed on my fiio ms i deleted my download catalog and re downloaded the playlists gb without error",1,"better spotify | master quality | about seconds | spotify where | back spotify",0.3749,0.3751,0.0417,0.0417,0.0417,0.0417,0.0417,0.0417
12176,"Love, love, love this app. It makes pandora look generic! Best music app, IMO. Any song can be added to a Playlist. Never stops playing if your screen times out. I tell everyone about this app!",5,"female","Christchurch, New Zealand","2025-09-13","positivo","love love love this app it makes pandora look generic best music app imo any song can be added to a playlist never stops playing if your screen times out i tell everyone about this app",1,"better spotify | master quality | about seconds | spotify where | back spotify",0.0417,0.375,0.0417,0.375,0.0417,0.0417,0.0417,0.0417
12180,"Rick Astley Never Sounded so Beautiful before 10/10",5,"female","Brasília, Brazil","2025-08-25","positivo","rick astley never sounded so beautiful before",0,"high quality | streaming services | dolby atmos | using tidal | quality audio",0.125,0.125,0.125,0.125,0.125,0.125,0.125,0.125
12186,"Only way to listen to music",5,"female","Port Moresby, Papua New Guinea","2025-10-22","positivo","only way to listen to music",0,"high quality | streaming services | dolby atmos | using tidal | quality audio",0.125,0.125,0.125,0.125,0.125,0.125,0.125,0.125
12189,"All the functionality of Spotify, but they pay the artists almost triple Spotify's rate.",5,"female","São Paulo, Brazil","2025-08-02","positivo","all the functionality of spotify but they pay the artists almost triple spotify s rate",6,"pay artists | audio quality | hi fi | worth money | spotify any day",0.0417,0.0417,0.0417,0.0417,0.0417,0.0417,0.3751,0.3749
12200,"It gives you premium type start straight away so instead of paying for high quality music it just gives it to you.",5,"female","Queenstown, New Zealand","2025-11-15","positivo","it gives you premium type start straight away so instead of paying for high quality music it just gives it to you",0,"high quality | streaming services | dolby atmos | using tidal | quality audio",0.5625,0.0625,0.0625,0.0625,0.0625,0.0625,0.0625,0.0625
12212,"The library is endless and quality of sound is great.",5,"female","Brasília, Brazil","2025-05-27","positivo","the library is endless and quality of sound is great",0,"high quality | streaming services | dolby atmos | using tidal | quality audio",0.125,0.125,0.125,0.125,0.125,0.125,0.125,0.125
12214,"I switched from Spotify because of Rogan and my feed basically was cluttered with podcasts, and I wanted something more music focused (I'd been on Apple before, which is decent) but the audio quality on tidal is from a different world.",5,"female","Santa Cruz, Bolivia","2025-08-19","positivo","i switched from spotify because of rogan and my feed basically was cluttered with podcasts and i wanted something more music focused i d been on apple before which is decent but the audio quality on tidal is from a different world",0,"high quality | streaming services | dolby atmos | using tidal | quality audio",0.6249,0.025,0.225,0.025,0.025,0.025,0.0251,0.025
12221,"So much better than Spotify. Auto-playlists are killer. Pay artists more and rates not based on popularity. Slick interface, everything should always be black.",5,"female","Montevideo, Uruguay","2025-05-13","positivo","so much better than spotify auto playlists are killer pay artists more and rates not based on popularity slick interface everything should always be black",6,"pay artists | audio quality | hi fi | worth money | spotify any day",0.0313,0.2812,0.0313,0.0313,0.0313,0.0313,0.5312,0.0313
12222,"Way better than Spotify premium",5,"female","Hobart, Australia","2025-09-24","positivo","way better than spotify premium",5,"actually pay artists | spotify premium | less enjoyable | search find need | quality difference",0.0417,0.3193,0.0417,0.0417,0.0417,0.4307,0.0417,0.0417
12229,"Clean interface, high quality files and better intentions that Spotify ect.",5,"female","Valparaíso, Chile","2025-07-22","positivo","clean interface high quality files and better intentions that spotify ect",0,"high quality | streaming services | dolby atmos | using tidal | quality audio",0.375,0.0417,0.0417,0.0417,0.0417,0.0417,0.0417,0.375
12232,"Excellent soundwise. There are some issues with some songs/album listed but can't be streamed. Had to reinstall the app, luckily restoring the downloaded songs/album were easy.",5,"female","Montevideo, Uruguay","2025-08-31","positivo","excellent soundwise there are some issues with some songs album listed but can t be streamed had to reinstall the app luckily restoring the downloaded songs album were easy",4,"go back | tidal connect | best streaming service | streaming service quality | quality streaming",0.0625,0.0625,0.0625,0.0625,0.5625,0.0625,0.0625,0.0625
12248,"Exceptional. The sound quality is superb. Pair with sony Xperia 1 III and the Sony wf-1000xm4 earphones. You get the best but tidal has to offer. Changed to the new WF-1000XM5 Still best way to used and listen to music",5,"female","Córdoba, Argentina","2025-08-31","positivo","exceptional the sound quality is superb pair with sony xperia iii and the sony wf xm earphones you get the best but tidal has to offer changed to the new wf xm still best way to used and listen to music",3,"then made | spotify then | through day | spotify tidal | streaming platform",0.0139,0.0139,0.0139,0.9028,0.0139,0.0139,0.0139,0.0139
12253,"I just want thank you for supporting artists, as they really try hard to create music we all love. + Likewise, the platform is improving, slowly but surely, I believe a good dedicated team is needed with a good manager. + In terms of price, i request Tidal to lower this price please, as it will bring in more customers. I understand you are paying more to artists, but having a greater customer base will also increase the money, i was thinking more £1 a month, as amazon charge £3.25 with extras.",5,"female","Suva, Fiji","2025-09-06","positivo","i just want thank you for supporting artists as they really try hard to create music we all love likewise the platform is improving slowly but surely i believe a good dedicated team is needed with a good manager in terms of price i request tidal to lower this price please as it will bring in more customers i understand you are paying more to artists but having a greater customer base will also increase the money i was thinking more a month as amazon charge with extras",3,"then made | spotify then | through day | spotify tidal | streaming platform",0.0208,0.0208,0.0208,0.8542,0.0208,0.0208,0.0208,0.0208
12262,"This music app is the best I've used. So many great features.",5,"female","Auckland, New Zealand","2025-11-22","positivo","this music app is the best i ve used so many great features",0,"high quality | streaming services | dolby atmos | using tidal | quality audio",0.5624,0.0625,0.0625,0.0626,0.0625,0.0625,0.0625,0.0625
12266,"The music quality on the Hifi Plus plan is excellent. I've set streaming to always listen at highest download quality for devices on my home network. Sounds amazing on both home audio, and while streaming via Bluetooth in car.",5,"female","Auckland, New Zealand","2025-10-19","positivo","the music quality on the hifi plus plan is excellent i ve set streaming to always listen at highest download quality for devices on my home network sounds amazing on both home audio and while streaming via bluetooth in car",5,"actually pay artists | spotify premium | less enjoyable | search find need | quality difference",0.025,0.025,0.025,0.025,0.025,0.825,0.025,0.025
12267,"Enjoying every minute I'm on this app",5,"female","Montevideo, Uruguay","2025-06-02","positivo","enjoying every minute i m on this app",0,"high quality | streaming services | dolby atmos | using tidal | quality audio",0.125,0.125,0.125,0.125,0.125,0.125,0.125,0.125
12290,"I love it besides YouTube, tidal is my go to music app. wish it had more lyrics though. And more selection on world genres and I can stream on my TV and watch ( Samsung and Roku)",5,"female","Cali, Colombia","2025-06-23","positivo","i love it besides youtube tidal is my go to music app wish it had more lyrics though and more selection on world genres and i can stream on my tv and watch samsung and roku",6,"pay artists | audio quality | hi fi | worth money | spotify any day",0.0417,0.0417,0.0417,0.0417,0.0417,0.0417,0.7083,0.0417
12294,"It's good. The only option for audiophiles.",5,"female","Canberra, Australia","2025-10-24","positivo","it s good the only option for audiophiles",0,"high quality | streaming services | dolby atmos | using tidal | quality audio",0.125,0.125,0.125,0.125,0.125,0.125,0.125,0.125
12296,"It has international and local (South African) music available. It has great sound quality too. Haven't updated since 2017, but we are in September 2024 and the Search function has somehow become worse instead of better. I don't know what cost-saving measures y'all are making but it is impacting how users experience the interface. Also the app seems to use up a lot of my battery in the background even when not in use.",5,"female","Salvador, Brazil","2025-08-17","positivo","it has international and local south african music available it has great sound quality too haven t updated since but we are in september and the search function has somehow become worse instead of better i don t know what cost saving measures y all are making but it is impacting how users experience the interface also the app seems to use up a lot of my battery in the background even when not in use",6,"pay artists | audio quality | hi fi | worth money | spotify any day",0.2811,0.0313,0.0313,0.0313,0.0313,0.0313,0.5314,0.0313
12303,"It's soo good. Just wish it had more compatibility support with other apps like discord for example.",5,"female","Auckland, New Zealand","2025-10-29","positivo","it s soo good just wish it had more compatibility support with other apps like discord for example",0,"high quality | streaming services | dolby atmos | using tidal | quality audio",0.125,0.125,0.125,0.125,0.125,0.125,0.125,0.125
12324,"Will this always work with Tor and orbot?",5,"female","Port Moresby, Papua New Guinea","2025-10-03","positivo","will this always work with tor and orbot",0,"high quality | streaming services | dolby atmos | using tidal | quality audio",0.125,0.125,0.125,0.125,0.125,0.125,0.125,0.125
12327,"Tidal has always worked great for me. It has great selection of music and a lot of features. My favorite thing is that it works for DJs :)",5,"female","Tijuana, Mexico","2025-05-07","positivo","tidal has always worked great for me it has great selection of music and a lot of features my favorite thing is that it works for djs",4,"go back | tidal connect | best streaming service | streaming service quality | quality streaming",0.0625,0.0625,0.0625,0.0625,0.5625,0.0625,0.0625,0.0625
12329,"I love Tidal and no commercials",5,"female","Rio de Janeiro, Brazil","2025-06-20","positivo","i love tidal and no commercials",0,"high quality | streaming services | dolby atmos | using tidal | quality audio",0.125,0.125,0.125,0.125,0.125,0.125,0.125,0.125
12335,"After using Spotify for years and trying Amazon music out for a few months, Tidal works far better and more reliably than those apps for me. Glad I moved over.",5,"female","Wellington, New Zealand","2025-10-24","positivo","after using spotify for years and trying amazon music out for a few months tidal works far better and more reliably than those apps for me glad i moved over",1,"better spotify | master quality | about seconds | spotify where | back spotify",0.0156,0.6407,0.0156,0.0156,0.0156,0.2655,0.0156,0.0156
12340,"Best sound quality for steaming music.",5,"female","Auckland, New Zealand","2025-12-17","positivo","best sound quality for steaming music",2,"best quality | tidal spotify | gets frustrating while | having same | switched spotify",0.0313,0.0313,0.7812,0.0313,0.0313,0.0313,0.0313,0.0313
12351,"Best music app hands down!!! Extensive artist catalogs and premium quality sound! Everything works well with this app so far and I can find exactly what I'm looking for easily!",5,"female","La Paz, Bolivia","2025-05-09","positivo","best music app hands down extensive artist catalogs and premium quality sound everything works well with this app so far and i can find exactly what i m looking for easily",7,"actually pay | slows things down | support artists | android auto | awesome selection",0.0208,0.0208,0.0208,0.0208,0.0208,0.0208,0.0208,0.8541
12362,"Basically Spotify, but with better sound quality, better app, for less money.",5,"female","Lima, Peru","2025-07-19","positivo","basically spotify but with better sound quality better app for less money",5,"actually pay artists | spotify premium | less enjoyable | search find need | quality difference",0.0179,0.0179,0.0179,0.0179,0.0179,0.875,0.0179,0.0179
12399,"Sound quality beyond any other platform",5,"female","Buenos Aires, Argentina","2025-06-15","positivo","sound quality beyond any other platform",3,"then made | spotify then | through day | spotify tidal | streaming platform",0.0417,0.0417,0.0417,0.7083,0.0417,0.0417,0.0417,0.0417
12414,"Better than Spotify in every way except for popularity. Better UI, algorithm and artists get paid actual money",5,"female","Canberra, Australia","2025-12-26","positivo","better than spotify in every way except for popularity better ui algorithm and artists get paid actual money",7,"actually pay | slows things down | support artists | android auto | awesome selection",0.025,0.225,0.025,0.025,0.025,0.025,0.025,0.625
12418,"It was not downloading fast",5,"female","Gold Coast, Australia","2025-10-24","positivo","it was not downloading fast",0,"high quality | streaming services | dolby atmos | using tidal | quality audio",0.125,0.125,0.125,0.125,0.125,0.125,0.125,0.125
12423,"Works fine as long as the app is open and screen is on, if I turn off the screen or do anything else on my phone for a few minutes the music stops. Changing quality or switching from wifi to cellularmakes no difference. Dealbreaker for me will go back to spotify unless it is fixed before my trial ends, even if the sound quality is amazing. Reinstalled and clearedcache, works fine now.",5,"female","Sydney, Australia","2025-11-20","positivo","works fine as long as the app is open and screen is on if i turn off the screen or do anything else on my phone for a few minutes the music stops changing quality or switching from wifi to cellularmakes no difference dealbreaker for me will go back to spotify unless it is fixed before my trial ends even if the sound quality is amazing reinstalled and clearedcache works fine now",6,"pay artists | audio quality | hi fi | worth money | spotify any day",0.0114,0.2841,0.0114,0.0114,0.2705,0.0114,0.2895,0.1104
12425,"The best app for music!!",5,"female","Adelaide, Australia","2025-10-17","positivo","the best app for music",0,"high quality | streaming services | dolby atmos | using tidal | quality audio",0.125,0.125,0.125,0.125,0.125,0.125,0.125,0.125
12429,"I really love this app I wish there was a pay by year not monthly but it's OK better then pandora",5,"female","La Paz, Bolivia","2025-07-24","positivo","i really love this app i wish there was a pay by year not monthly but it s ok better then pandora",2,"best quality | tidal spotify | gets frustrating while | having same | switched spotify",0.0625,0.0625,0.5625,0.0625,0.0625,0.0625,0.0625,0.0625
12432,"Need more Diddy music.",5,"female","Quebec City, Canada","2025-05-01","positivo","need more diddy music",0,"high quality | streaming services | dolby atmos | using tidal | quality audio",0.125,0.125,0.125,0.125,0.125,0.125,0.125,0.125
12441,"A m a z i n g",5,"female","Medellín, Colombia","2025-06-13","positivo","a m a z i n g",0,"high quality | streaming services | dolby atmos | using tidal | quality audio",0.125,0.125,0.125,0.125,0.125,0.125,0.125,0.125
12443,"The search isn't as refined as competitors but the quality of the tracks is incredible and their artist compensation is one of the best",5,"female","Wellington, New Zealand","2025-11-22","positivo","the search isn t as refined as competitors but the quality of the tracks is incredible and their artist compensation is one of the best",0,"high quality | streaming services | dolby atmos | using tidal | quality audio",0.7083,0.0417,0.0417,0.0417,0.0417,0.0417,0.0417,0.0417
12451,"I started tidel because everything that has been going on with Spotify and honestly it's almost just like Spotify except they actually pay the artist and there's no Joe Rogan.",5,"female","Medellín, Colombia","2025-05-10","positivo","i started tidel because everything that has been going on with spotify and honestly it s almost just like spotify except they actually pay the artist and there s no joe rogan",7,"actually pay | slows things down | support artists | android auto | awesome selection",0.025,0.025,0.025,0.025,0.025,0.025,0.025,0.825
12466,"Tidal is among the best for audiophiles. I've been using it for more than a year and it's fantastic, specially if you have hifi headphones. The only issue is that it's not a versatile as Spotify. I think the best way to make these two work is if used together, Spotify for podcasts and tidal for pure music. Lovely experience and would definitely recommend it to anyone who's looking for the best audio quality out there",5,"female","Christchurch, New Zealand","2025-10-26","positivo","tidal is among the best for audiophiles i ve been using it for more than a year and it s fantastic specially if you have hifi headphones the only issue is that it s not a versatile as spotify i think the best way to make these two work is if used together spotify for podcasts and tidal for pure music lovely experience and would definitely recommend it to anyone who s looking for the best audio quality out there",6,"pay artists | audio quality | hi fi | worth money | spotify any day",0.0156,0.0156,0.0156,0.0156,0.0156,0.0156,0.8906,0.0156
12478,"The Best Quality music",5,"female","Arequipa, Peru","2025-07-24","positivo","the best quality music",2,"best quality | tidal spotify | gets frustrating while | having same | switched spotify",0.0625,0.0625,0.5624,0.0625,0.0625,0.0625,0.0626,0.0625
12479,"High quality audio, familiar interface set up, and a fair price. Never going back to Spotify, and I wish I'd left sooner.",5,"female","Córdoba, Argentina","2025-05-21","positivo","high quality audio familiar interface set up and a fair price never going back to spotify and i wish i d left sooner",1,"better spotify | master quality | about seconds | spotify where | back spotify",0.3906,0.5156,0.0156,0.0156,0.0156,0.0156,0.0156,0.0156
12489,"Pretty great experience, only gripe is sometimes offline music won't load without an Internet connection.",5,"female","Sydney, Australia","2025-10-26","positivo","pretty great experience only gripe is sometimes offline music won t load without an internet connection",3,"then made | spotify then | through day | spotify tidal | streaming platform",0.0313,0.0313,0.0313,0.7812,0.0313,0.0313,0.0313,0.0313
12491,"I don't know better than Tidal",5,"female","Melbourne, Australia","2025-12-15","positivo","i don t know better than tidal",7,"actually pay | slows things down | support artists | android auto | awesome selection",0.0625,0.0625,0.0625,0.0625,0.0625,0.0625,0.0625,0.5625
12502,"I think this app deserves a nice 5 stars because don't get me wrong there is a lot of songs to chose from, and for me being 12/yo I really wanna say Good job for the hard work u put into this app have a good day 😁👋",5,"female","Quito, Ecuador","2025-05-14","positivo","i think this app deserves a nice stars because don t get me wrong there is a lot of songs to chose from and for me being yo i really wanna say good job for the hard work u put into this app have a good day",1,"better spotify | master quality | about seconds | spotify where | back spotify",0.0625,0.5625,0.0625,0.0625,0.0625,0.0625,0.0625,0.0625
12509,"Love it and know ads all love",5,"female","Cali, Colombia","2025-06-27","positivo","love it and know ads all love",0,"high quality | streaming services | dolby atmos | using tidal | quality audio",0.125,0.125,0.125,0.125,0.125,0.125,0.125,0.125
12515,"Great Platform, all my favorite songs.",5,"female","Santiago, Chile","2025-08-19","positivo","great platform all my favorite songs",2,"best quality | tidal spotify | gets frustrating while | having same | switched spotify",0.0625,0.0625,0.5625,0.0625,0.0625,0.0625,0.0625,0.0625
12526,"have used tidal for 4 years, 98% of the time I can find the song I'm looking for. I ALWAYS have music on, great sound quality, the suggested tracks & daily deliveries are awesome I love finding new music based on my favorite artists",5,"female","Queenstown, New Zealand","2025-12-05","positivo","have used tidal for years of the time i can find the song i m looking for i always have music on great sound quality the suggested tracks daily deliveries are awesome i love finding new music based on my favorite artists",2,"best quality | tidal spotify | gets frustrating while | having same | switched spotify",0.1874,0.0208,0.6875,0.0208,0.0208,0.0208,0.0208,0.0208
12541,"A great listening experience without bankrolling bigotry and covid disinformation! A win/win!",5,"female","Valparaíso, Chile","2025-05-13","positivo","a great listening experience without bankrolling bigotry and covid disinformation a win win",0,"high quality | streaming services | dolby atmos | using tidal | quality audio",0.125,0.125,0.125,0.125,0.125,0.125,0.125,0.125
12550,"Tidal connect to plex with same account ,dsp eq function car interface to all model .Tidal exclusive features for the Samsung model ,one that is compresser ,high-resolution personal -fi settings.",5,"female","Córdoba, Argentina","2025-05-08","positivo","tidal connect to plex with same account dsp eq function car interface to all model tidal exclusive features for the samsung model one that is compresser high resolution personal fi settings",4,"go back | tidal connect | best streaming service | streaming service quality | quality streaming",0.0313,0.2812,0.0313,0.0313,0.2813,0.0313,0.2812,0.0313
12552,"New to Tidal, so far so good. It seems to be a quality app. I have used YouTube Music for quite sometime as part of a family plan. I recently got bumped for a different family member, so I decided to branch out. Nearest I can tell so far it works similar to YouTube music. Tidal has much higher quality options, which my be great, I feel like I notice some difference but I don't have a high enough quality sound system to take advantage and appreciate the benefit of the increased quality.",5,"female","Fortaleza, Brazil","2025-06-18","positivo","new to tidal so far so good it seems to be a quality app i have used youtube music for quite sometime as part of a family plan i recently got bumped for a different family member so i decided to branch out nearest i can tell so far it works similar to youtube music tidal has much higher quality options which my be great i feel like i notice some difference but i don t have a high enough quality sound system to take advantage and appreciate the benefit of the increased quality",2,"best quality | tidal spotify | gets frustrating while | having same | switched spotify",0.0156,0.1405,0.5157,0.0156,0.0156,0.2657,0.0156,0.0156
12555,"I love my TIDAL",5,"female","Suva, Fiji","2025-11-07","positivo","i love my tidal",0,"high quality | streaming services | dolby atmos | using tidal | quality audio",0.125,0.125,0.125,0.125,0.125,0.125,0.125,0.125
12569,"Brutal Há quem diga que esta app é confusa - não acho, acho intuitiva, bonita e minimalista, com boas sugestões de músicas parecidas, excelentes conteúdos e, claro, maravilhosa qualidade de som. Um mimo. Fez-me esquecer o spotify num minuto",5,"female","Queenstown, New Zealand","2025-09-22","positivo","brutal há quem diga que esta app é confusa não acho acho intuitiva bonita e minimalista com boas sugestões de músicas parecidas excelentes conteúdos e claro maravilhosa qualidade de som um mimo fez me esquecer o spotify num minuto",5,"actually pay artists | spotify premium | less enjoyable | search find need | quality difference",0.0313,0.0313,0.0313,0.0313,0.0313,0.7812,0.0313,0.0313
12571,"Good music player. Choice of all tracks I looked for. Pay artists better than other streamers. Would like a sleep timer added to app.",5,"female","La Paz, Bolivia","2025-05-26","positivo","good music player choice of all tracks i looked for pay artists better than other streamers would like a sleep timer added to app",6,"pay artists | audio quality | hi fi | worth money | spotify any day",0.225,0.025,0.025,0.025,0.025,0.225,0.425,0.025
12575,"Underrated and underappreciated. Great quality music and genuinely listen to their customers. I'm very surprised more people don't use it. Very good UI and good load times.",5,"female","Auckland, New Zealand","2025-12-17","positivo","underrated and underappreciated great quality music and genuinely listen to their customers i m very surprised more people don t use it very good ui and good load times",0,"high quality | streaming services | dolby atmos | using tidal | quality audio",0.125,0.125,0.125,0.125,0.125,0.125,0.125,0.125
12576,"Back to 5 Star now as app is working perfectly right now. It's a truly High Res audio app for audiophiles like me. Simply the BEST!",5,"female","Arequipa, Peru","2025-07-14","positivo","back to star now as app is working perfectly right now it s a truly high res audio app for audiophiles like me simply the best",1,"better spotify | master quality | about seconds | spotify where | back spotify",0.0313,0.5313,0.0313,0.0313,0.0313,0.0313,0.2812,0.0313
12583,"Ditched Spotify for tidal and I love it BUT it needs collaborative playlist feature.... PLEASE! Also offline mode is a bit temperamental",5,"female","Rio de Janeiro, Brazil","2025-07-25","positivo","ditched spotify for tidal and i love it but it needs collaborative playlist feature please also offline mode is a bit temperamental",3,"then made | spotify then | through day | spotify tidal | streaming platform",0.0417,0.0417,0.0417,0.7083,0.0417,0.0417,0.0417,0.0417
12599,"I wanted to like it, but some songs I want aren’t available on TIDAL. It ends up feeling limited.",5,"female","Fortaleza, Brazil","2025-06-30","positivo","i wanted to like it but some songs i want aren t available on tidal it ends up feeling limited",5,"actually pay artists | spotify premium | less enjoyable | search find need | quality difference",0.0179,0.0179,0.0179,0.4464,0.0179,0.4464,0.0179,0.0179
12600,"In my experience, the subscription feels expensive. That part could definitely be improved.",5,"female","Asunción, Paraguay","2025-08-27","positivo","in my experience the subscription feels expensive that part could definitely be improved",1,"better spotify | master quality | about seconds | spotify where | back spotify",0.0208,0.8541,0.0208,0.0208,0.0208,0.0208,0.0208,0.0208
12603,"In my experience, playback can be slow or buffer sometimes.",5,"female","Valparaíso, Chile","2025-07-02","positivo","in my experience playback can be slow or buffer sometimes",1,"better spotify | master quality | about seconds | spotify where | back spotify",0.0208,0.8542,0.0208,0.0208,0.0208,0.0208,0.0208,0.0208
12607,"So far, not many people I know use it. That part could definitely be improved.",5,"female","Caracas, Venezuela","2025-06-05","positivo","so far not many people i know use it that part could definitely be improved",1,"better spotify | master quality | about seconds | spotify where | back spotify",0.0208,0.8542,0.0208,0.0208,0.0208,0.0208,0.0208,0.0208
12617,"So far, not many people I know use it. It makes the experience less enjoyable.",5,"female","Boston, United States","2025-05-01","positivo","so far not many people i know use it it makes the experience less enjoyable",5,"actually pay artists | spotify premium | less enjoyable | search find need | quality difference",0.0208,0.0208,0.0208,0.0208,0.0208,0.8542,0.0208,0.0208
12620,"So far, the subscription feels expensive. It makes the app less appealing.",5,"female","Cali, Colombia","2025-07-23","positivo","so far the subscription feels expensive it makes the app less appealing",5,"actually pay artists | spotify premium | less enjoyable | search find need | quality difference",0.0156,0.0156,0.0156,0.0156,0.0156,0.8906,0.0156,0.0156
12624,"So far, the app can feel sluggish occasionally. It slows things down.",5,"female","Medellín, Colombia","2025-05-10","positivo","so far the app can feel sluggish occasionally it slows things down",7,"actually pay | slows things down | support artists | android auto | awesome selection",0.0125,0.0125,0.0125,0.0125,0.0125,0.0125,0.0125,0.9125
12625,"One issue is that search doesn’t always find what I need. It makes the app less appealing.",5,"female","Medellín, Colombia","2025-08-04","positivo","one issue is that search doesn t always find what i need it makes the app less appealing",5,"actually pay artists | spotify premium | less enjoyable | search find need | quality difference",0.0156,0.0156,0.0156,0.0156,0.0156,0.8906,0.0156,0.0156
12631,"Personally, recommendations are not very accurate. It gets frustrating after a while.",5,"female","Auckland, New Zealand","2025-11-23","positivo","personally recommendations are not very accurate it gets frustrating after a while",2,"best quality | tidal spotify | gets frustrating while | having same | switched spotify",0.025,0.025,0.8249,0.025,0.025,0.0251,0.025,0.025
12635,"So far, search doesn’t always find what I need. It makes it harder to justify using it.",5,"female","São Paulo, Brazil","2025-07-22","positivo","so far search doesn t always find what i need it makes it harder to justify using it",5,"actually pay artists | spotify premium | less enjoyable | search find need | quality difference",0.0139,0.0139,0.0139,0.0139,0.0139,0.9028,0.0139,0.0139
12640,"So far, the subscription feels expensive. It ends up feeling limited.",5,"female","Perth, Australia","2025-12-08","positivo","so far the subscription feels expensive it ends up feeling limited",5,"actually pay artists | spotify premium | less enjoyable | search find need | quality difference",0.0179,0.0179,0.0179,0.0179,0.0179,0.875,0.0179,0.0179
12642,"Personally, it doesn’t have many social features. It gets frustrating after a while.",5,"female","Lima, Peru","2025-06-21","positivo","personally it doesn t have many social features it gets frustrating after a while",2,"best quality | tidal spotify | gets frustrating while | having same | switched spotify",0.0179,0.0179,0.875,0.0179,0.0179,0.0179,0.0179,0.0179
12644,"So far, the app can feel sluggish occasionally. It makes the app less appealing.",5,"female","Melbourne, Australia","2025-10-21","positivo","so far the app can feel sluggish occasionally it makes the app less appealing",7,"actually pay | slows things down | support artists | android auto | awesome selection",0.025,0.025,0.025,0.025,0.025,0.0251,0.025,0.8249
12647,"So far, not many people I know use it. That part could definitely be improved.",5,"female","La Paz, Bolivia","2025-06-22","positivo","so far not many people i know use it that part could definitely be improved",1,"better spotify | master quality | about seconds | spotify where | back spotify",0.0208,0.8542,0.0208,0.0208,0.0208,0.0208,0.0208,0.0208
12648,"For me, i don’t always notice the audio quality difference.",5,"female","Port Moresby, Papua New Guinea","2025-10-17","positivo","for me i don t always notice the audio quality difference",5,"actually pay artists | spotify premium | less enjoyable | search find need | quality difference",0.0208,0.0208,0.0208,0.0208,0.0208,0.6875,0.1875,0.0208
12651,"The main problem is that recommendations are not very accurate. It makes the experience less enjoyable.",5,"female","Christchurch, New Zealand","2025-10-02","positivo","the main problem is that recommendations are not very accurate it makes the experience less enjoyable",5,"actually pay artists | spotify premium | less enjoyable | search find need | quality difference",0.0208,0.0208,0.0208,0.0208,0.0208,0.8542,0.0208,0.0208
12652,"I wanted to like it, but it doesn’t have many social features. That part could definitely be improved.",5,"female","Christchurch, New Zealand","2025-10-01","positivo","i wanted to like it but it doesn t have many social features that part could definitely be improved",2,"best quality | tidal spotify | gets frustrating while | having same | switched spotify",0.0208,0.0209,0.8541,0.0208,0.0208,0.0208,0.0208,0.0208
12653,"For me, playback can be slow or buffer sometimes. It makes the app less appealing.",5,"female","Queenstown, New Zealand","2025-09-07","positivo","for me playback can be slow or buffer sometimes it makes the app less appealing",1,"better spotify | master quality | about seconds | spotify where | back spotify",0.0179,0.8749,0.0179,0.0179,0.0179,0.0179,0.0179,0.0179
12655,"Personally, search doesn’t always find what I need. It ends up feeling limited.",5,"female","Perth, Australia","2025-12-19","positivo","personally search doesn t always find what i need it ends up feeling limited",5,"actually pay artists | spotify premium | less enjoyable | search find need | quality difference",0.0179,0.0179,0.0179,0.0179,0.0179,0.875,0.0179,0.0179
12657,"Personally, not many people I know use it.",5,"female","Santiago, Chile","2025-07-10","positivo","personally not many people i know use it",0,"high quality | streaming services | dolby atmos | using tidal | quality audio",0.125,0.125,0.125,0.125,0.125,0.125,0.125,0.125
12658,"In my experience, i don’t always notice the audio quality difference. That part could definitely be improved.",5,"female","Montevideo, Uruguay","2025-06-30","positivo","in my experience i don t always notice the audio quality difference that part could definitely be improved",5,"actually pay artists | spotify premium | less enjoyable | search find need | quality difference",0.0125,0.0125,0.0125,0.0125,0.0125,0.8125,0.1125,0.0125
12661,"So far, recommendations are not very accurate. That part could definitely be improved.",5,"female","Suva, Fiji","2025-10-10","positivo","so far recommendations are not very accurate that part could definitely be improved",7,"actually pay | slows things down | support artists | android auto | awesome selection",0.0156,0.0156,0.0156,0.0156,0.0156,0.0156,0.0156,0.8906
12665,"Honestly, search doesn’t always find what I need.",5,"female","Rio de Janeiro, Brazil","2025-06-18","positivo","honestly search doesn t always find what i need",5,"actually pay artists | spotify premium | less enjoyable | search find need | quality difference",0.0208,0.0208,0.0208,0.0208,0.0208,0.8542,0.0208,0.0208
12672,"Honestly, it doesn’t have many social features. It slows things down.",5,"female","Brisbane, Australia","2025-09-27","positivo","honestly it doesn t have many social features it slows things down",7,"actually pay | slows things down | support artists | android auto | awesome selection",0.0156,0.0156,0.0157,0.0156,0.0156,0.0156,0.0156,0.8906
12674,"For me, the app can feel sluggish occasionally. It gets frustrating after a while.",5,"female","Suva, Fiji","2025-10-29","positivo","for me the app can feel sluggish occasionally it gets frustrating after a while",2,"best quality | tidal spotify | gets frustrating while | having same | switched spotify",0.025,0.025,0.8249,0.025,0.025,0.025,0.025,0.0251
12684,"Honestly, the app can feel sluggish occasionally. It slows things down.",5,"female","Brisbane, Australia","2025-10-10","positivo","honestly the app can feel sluggish occasionally it slows things down",7,"actually pay | slows things down | support artists | android auto | awesome selection",0.0156,0.0156,0.0156,0.0156,0.0156,0.0156,0.0156,0.8906
12685,"For me, search doesn’t always find what I need.",5,"female","Quito, Ecuador","2025-07-21","positivo","for me search doesn t always find what i need",5,"actually pay artists | spotify premium | less enjoyable | search find need | quality difference",0.0313,0.0313,0.0313,0.0313,0.0313,0.7812,0.0313,0.0313
12688,"Personally, i don’t always notice the audio quality difference. It makes it harder to justify using it.",5,"female","Sydney, Australia","2025-12-05","positivo","personally i don t always notice the audio quality difference it makes it harder to justify using it",5,"actually pay artists | spotify premium | less enjoyable | search find need | quality difference",0.0104,0.0104,0.0104,0.0104,0.0104,0.8438,0.0937,0.0104
12690,"For me, the subscription feels expensive. It makes the app less appealing.",5,"female","Lima, Peru","2025-08-23","positivo","for me the subscription feels expensive it makes the app less appealing",5,"actually pay artists | spotify premium | less enjoyable | search find need | quality difference",0.0208,0.0208,0.0208,0.0208,0.0208,0.8542,0.0208,0.0208
12694,"The main problem is that the app can feel sluggish occasionally. It slows things down.",5,"female","Christchurch, New Zealand","2025-09-22","positivo","the main problem is that the app can feel sluggish occasionally it slows things down",7,"actually pay | slows things down | support artists | android auto | awesome selection",0.0156,0.0156,0.0156,0.0156,0.0156,0.0156,0.0156,0.8906
12708,"Honestly, i don’t always notice the audio quality difference. That part could definitely be improved.",5,"female","Suva, Fiji","2025-11-23","positivo","honestly i don t always notice the audio quality difference that part could definitely be improved",5,"actually pay artists | spotify premium | less enjoyable | search find need | quality difference",0.0125,0.0125,0.0125,0.0125,0.0125,0.8125,0.1125,0.0125
12712,"In my experience, it doesn’t have many social features. That part could definitely be improved.",5,"female","Guayaquil, Ecuador","2025-07-25","positivo","in my experience it doesn t have many social features that part could definitely be improved",2,"best quality | tidal spotify | gets frustrating while | having same | switched spotify",0.0208,0.0209,0.8541,0.0208,0.0208,0.0208,0.0208,0.0208
12717,"I’d say not many people I know use it. It gets frustrating after a while.",5,"female","Adelaide, Australia","2025-11-01","positivo","i d say not many people i know use it it gets frustrating after a while",2,"best quality | tidal spotify | gets frustrating while | having same | switched spotify",0.0313,0.0313,0.7812,0.0313,0.0313,0.0313,0.0313,0.0313
12718,"So far, i don’t always notice the audio quality difference. It ends up feeling limited.",5,"female","San Diego, United States","2025-05-01","positivo","so far i don t always notice the audio quality difference it ends up feeling limited",5,"actually pay artists | spotify premium | less enjoyable | search find need | quality difference",0.0139,0.0139,0.0139,0.0139,0.0139,0.7917,0.125,0.0139
12720,"The main problem is that the subscription feels expensive. It makes the experience less enjoyable.",5,"female","Bogotá, Colombia","2025-06-14","positivo","the main problem is that the subscription feels expensive it makes the experience less enjoyable",5,"actually pay artists | spotify premium | less enjoyable | search find need | quality difference",0.025,0.025,0.025,0.025,0.025,0.825,0.025,0.025
12722,"For me, it doesn’t have many social features. It makes the experience less enjoyable.",5,"female","Suva, Fiji","2025-10-30","positivo","for me it doesn t have many social features it makes the experience less enjoyable",2,"best quality | tidal spotify | gets frustrating while | having same | switched spotify",0.0208,0.0208,0.6875,0.0208,0.0208,0.1875,0.0208,0.0208
12725,"Honestly, search doesn’t always find what I need. It makes the experience less enjoyable.",5,"female","Buenos Aires, Argentina","2025-08-05","positivo","honestly search doesn t always find what i need it makes the experience less enjoyable",5,"actually pay artists | spotify premium | less enjoyable | search find need | quality difference",0.0125,0.0125,0.0125,0.0125,0.0125,0.9125,0.0125,0.0125
12729,"What bothers me is that some songs I want aren’t available on TIDAL. It gets frustrating after a while.",5,"female","La Paz, Bolivia","2025-05-24","positivo","what bothers me is that some songs i want aren t available on tidal it gets frustrating after a while",2,"best quality | tidal spotify | gets frustrating while | having same | switched spotify",0.0179,0.0179,0.4465,0.4464,0.0179,0.0179,0.0179,0.0179
12730,"Honestly, the subscription feels expensive. That part could definitely be improved.",5,"female","Suva, Fiji","2025-10-01","positivo","honestly the subscription feels expensive that part could definitely be improved",1,"better spotify | master quality | about seconds | spotify where | back spotify",0.0208,0.8541,0.0208,0.0208,0.0208,0.0208,0.0208,0.0208
12740,"For me, the subscription feels expensive. It slows things down.",5,"female","Perth, Australia","2025-10-22","positivo","for me the subscription feels expensive it slows things down",7,"actually pay | slows things down | support artists | android auto | awesome selection",0.025,0.025,0.025,0.025,0.025,0.2249,0.025,0.625
12745,"So far, search doesn’t always find what I need. It makes the app less appealing.",5,"female","São Paulo, Brazil","2025-05-20","positivo","so far search doesn t always find what i need it makes the app less appealing",5,"actually pay artists | spotify premium | less enjoyable | search find need | quality difference",0.0125,0.0125,0.0125,0.0125,0.0125,0.9125,0.0125,0.0125
12746,"The main problem is that the user interface can feel unintuitive. It gets frustrating after a while.",5,"female","Medellín, Colombia","2025-05-21","positivo","the main problem is that the user interface can feel unintuitive it gets frustrating after a while",2,"best quality | tidal spotify | gets frustrating while | having same | switched spotify",0.0104,0.0104,0.9271,0.0104,0.0104,0.0104,0.0104,0.0104
12747,"I wanted to like it, but not many people I know use it. It makes it harder to justify using it.",5,"female","Phoenix, United States","2025-04-30","positivo","i wanted to like it but not many people i know use it it makes it harder to justify using it",5,"actually pay artists | spotify premium | less enjoyable | search find need | quality difference",0.025,0.025,0.025,0.025,0.025,0.825,0.025,0.025
12754,"So far, the app can feel sluggish occasionally. It slows things down.",5,"female","Adelaide, Australia","2025-09-24","positivo","so far the app can feel sluggish occasionally it slows things down",7,"actually pay | slows things down | support artists | android auto | awesome selection",0.0125,0.0125,0.0125,0.0125,0.0125,0.0125,0.0125,0.9125
12760,"I’d say the subscription feels expensive. That part could definitely be improved.",5,"female","Guadalajara, Mexico","2025-04-28","positivo","i d say the subscription feels expensive that part could definitely be improved",1,"better spotify | master quality | about seconds | spotify where | back spotify",0.0156,0.8906,0.0156,0.0156,0.0156,0.0156,0.0156,0.0156
12761,"What bothers me is that recommendations are not very accurate. It makes the experience less enjoyable.",5,"female","São Paulo, Brazil","2025-05-19","positivo","what bothers me is that recommendations are not very accurate it makes the experience less enjoyable",5,"actually pay artists | spotify premium | less enjoyable | search find need | quality difference",0.0208,0.0208,0.0208,0.0208,0.0208,0.8542,0.0208,0.0208
12766,"I wanted to like it, but the user interface can feel unintuitive. It makes the experience less enjoyable.",5,"female","Fortaleza, Brazil","2025-08-30","positivo","i wanted to like it but the user interface can feel unintuitive it makes the experience less enjoyable",7,"actually pay | slows things down | support artists | android auto | awesome selection",0.0156,0.0156,0.0156,0.0156,0.0156,0.2656,0.0156,0.6407
12767,"What bothers me is that not many people I know use it.",5,"female","Sydney, Australia","2025-11-19","positivo","what bothers me is that not many people i know use it",0,"high quality | streaming services | dolby atmos | using tidal | quality audio",0.125,0.125,0.125,0.125,0.125,0.125,0.125,0.125
12772,"Personally, it doesn’t have many social features. It slows things down.",5,"female","Queenstown, New Zealand","2025-09-04","positivo","personally it doesn t have many social features it slows things down",7,"actually pay | slows things down | support artists | android auto | awesome selection",0.0125,0.0125,0.2898,0.0125,0.0125,0.0125,0.0125,0.6352
12773,"So far, playback can be slow or buffer sometimes. It slows things down.",5,"female","Brisbane, Australia","2025-09-04","positivo","so far playback can be slow or buffer sometimes it slows things down",1,"better spotify | master quality | about seconds | spotify where | back spotify",0.0139,0.5694,0.0139,0.0139,0.0139,0.0139,0.0139,0.3472
12775,"I wanted to like it, but search doesn’t always find what I need. It slows things down.",5,"female","Suva, Fiji","2025-11-12","positivo","i wanted to like it but search doesn t always find what i need it slows things down",7,"actually pay | slows things down | support artists | android auto | awesome selection",0.0179,0.0179,0.0179,0.0179,0.0179,0.4464,0.0179,0.4464
12786,"Honestly, the user interface can feel unintuitive. That part could definitely be improved.",5,"female","Arequipa, Peru","2025-07-14","positivo","honestly the user interface can feel unintuitive that part could definitely be improved",7,"actually pay | slows things down | support artists | android auto | awesome selection",0.3163,0.0179,0.0179,0.0179,0.0179,0.0179,0.0179,0.5766
12787,"One issue is that not many people I know use it. It slows things down.",5,"female","Fortaleza, Brazil","2025-05-08","positivo","one issue is that not many people i know use it it slows things down",7,"actually pay | slows things down | support artists | android auto | awesome selection",0.0313,0.0313,0.0313,0.0313,0.0313,0.0313,0.0313,0.7812
12791,"So far, recommendations are not very accurate. That part could definitely be improved.",5,"female","Rosario, Argentina","2025-08-23","positivo","so far recommendations are not very accurate that part could definitely be improved",7,"actually pay | slows things down | support artists | android auto | awesome selection",0.0156,0.0156,0.0156,0.0156,0.0156,0.0156,0.0156,0.8906
12792,"I’d say it doesn’t have many social features. It makes the app less appealing.",5,"female","Christchurch, New Zealand","2025-10-12","positivo","i d say it doesn t have many social features it makes the app less appealing",2,"best quality | tidal spotify | gets frustrating while | having same | switched spotify",0.025,0.025,0.625,0.025,0.025,0.225,0.025,0.025
12793,"I wanted to like it, but playback can be slow or buffer sometimes. It ends up feeling limited.",5,"female","Sydney, Australia","2025-09-09","positivo","i wanted to like it but playback can be slow or buffer sometimes it ends up feeling limited",1,"better spotify | master quality | about seconds | spotify where | back spotify",0.0139,0.5695,0.0139,0.0139,0.0139,0.3472,0.0139,0.0139
12796,"Honestly, the user interface can feel unintuitive. It makes the experience less enjoyable.",5,"female","Vancouver, Canada","2025-04-30","positivo","honestly the user interface can feel unintuitive it makes the experience less enjoyable",7,"actually pay | slows things down | support artists | android auto | awesome selection",0.2194,0.0125,0.0125,0.0125,0.0125,0.2125,0.0125,0.5056
12805,"So far, search doesn’t always find what I need. It makes the app less appealing.",5,"female","Bogotá, Colombia","2025-05-24","positivo","so far search doesn t always find what i need it makes the app less appealing",5,"actually pay artists | spotify premium | less enjoyable | search find need | quality difference",0.0125,0.0125,0.0125,0.0125,0.0125,0.9125,0.0125,0.0125
12806,"What bothers me is that the user interface can feel unintuitive. It slows things down.",5,"female","Port Moresby, Papua New Guinea","2025-09-04","positivo","what bothers me is that the user interface can feel unintuitive it slows things down",7,"actually pay | slows things down | support artists | android auto | awesome selection",0.0125,0.0125,0.0125,0.0125,0.0125,0.0125,0.0125,0.9125
12810,"I’d say the subscription feels expensive. It makes the app less appealing.",5,"female","Santa Cruz, Bolivia","2025-08-14","positivo","i d say the subscription feels expensive it makes the app less appealing",5,"actually pay artists | spotify premium | less enjoyable | search find need | quality difference",0.0156,0.0156,0.0156,0.0156,0.0156,0.8906,0.0156,0.0156
12814,"So far, the app can feel sluggish occasionally. It makes it harder to justify using it.",5,"female","Córdoba, Argentina","2025-08-30","positivo","so far the app can feel sluggish occasionally it makes it harder to justify using it",5,"actually pay artists | spotify premium | less enjoyable | search find need | quality difference",0.0179,0.0179,0.0179,0.0179,0.0179,0.4464,0.0179,0.4464
12816,"One issue is that the user interface can feel unintuitive. It gets frustrating after a while.",5,"female","Santiago, Chile","2025-05-13","positivo","one issue is that the user interface can feel unintuitive it gets frustrating after a while",2,"best quality | tidal spotify | gets frustrating while | having same | switched spotify",0.0125,0.0125,0.9125,0.0125,0.0125,0.0125,0.0125,0.0125
12822,"In my experience, it doesn’t have many social features. It makes the experience less enjoyable.",5,"female","Wellington, New Zealand","2025-12-02","positivo","in my experience it doesn t have many social features it makes the experience less enjoyable",2,"best quality | tidal spotify | gets frustrating while | having same | switched spotify",0.0208,0.0208,0.6875,0.0208,0.0208,0.1875,0.0208,0.0208
12833,"Honestly, playback can be slow or buffer sometimes. That part could definitely be improved.",5,"female","La Paz, Bolivia","2025-08-04","positivo","honestly playback can be slow or buffer sometimes that part could definitely be improved",1,"better spotify | master quality | about seconds | spotify where | back spotify",0.0125,0.9125,0.0125,0.0125,0.0125,0.0125,0.0125,0.0125
12836,"The main problem is that the user interface can feel unintuitive. It makes the app less appealing.",5,"female","Adelaide, Australia","2025-11-30","positivo","the main problem is that the user interface can feel unintuitive it makes the app less appealing",7,"actually pay | slows things down | support artists | android auto | awesome selection",0.0139,0.0139,0.0139,0.0139,0.0139,0.0139,0.0139,0.9027
12838,"I’d say i don’t always notice the audio quality difference. It gets frustrating after a while.",5,"female","Sydney, Australia","2025-11-16","positivo","i d say i don t always notice the audio quality difference it gets frustrating after a while",2,"best quality | tidal spotify | gets frustrating while | having same | switched spotify",0.0104,0.0104,0.5104,0.0104,0.0104,0.3438,0.0937,0.0104
12841,"I’d say recommendations are not very accurate. It makes the app less appealing.",5,"female","Santa Cruz, Bolivia","2025-05-31","positivo","i d say recommendations are not very accurate it makes the app less appealing",5,"actually pay artists | spotify premium | less enjoyable | search find need | quality difference",0.0208,0.0208,0.0208,0.0208,0.0208,0.8542,0.0208,0.0208
12843,"For me, playback can be slow or buffer sometimes. That part could definitely be improved.",5,"female","Quito, Ecuador","2025-06-30","positivo","for me playback can be slow or buffer sometimes that part could definitely be improved",1,"better spotify | master quality | about seconds | spotify where | back spotify",0.0125,0.9125,0.0125,0.0125,0.0125,0.0125,0.0125,0.0125
12845,"Honestly, search doesn’t always find what I need. It makes the experience less enjoyable.",5,"female","Quito, Ecuador","2025-08-23","positivo","honestly search doesn t always find what i need it makes the experience less enjoyable",5,"actually pay artists | spotify premium | less enjoyable | search find need | quality difference",0.0125,0.0125,0.0125,0.0125,0.0125,0.9125,0.0125,0.0125
12847,"I wanted to like it, but not many people I know use it.",5,"female","Sydney, Australia","2025-12-01","positivo","i wanted to like it but not many people i know use it",3,"then made | spotify then | through day | spotify tidal | streaming platform",0.0625,0.0625,0.0625,0.5624,0.0625,0.0626,0.0625,0.0625
12858,"What bothers me is that i don’t always notice the audio quality difference. It gets frustrating after a while.",5,"female","Suva, Fiji","2025-11-23","positivo","what bothers me is that i don t always notice the audio quality difference it gets frustrating after a while",2,"best quality | tidal spotify | gets frustrating while | having same | switched spotify",0.0104,0.0104,0.5104,0.0104,0.0104,0.3438,0.0937,0.0104
12880,"One issue is that the subscription feels expensive. It makes it harder to justify using it.",5,"female","Fortaleza, Brazil","2025-05-15","positivo","one issue is that the subscription feels expensive it makes it harder to justify using it",5,"actually pay artists | spotify premium | less enjoyable | search find need | quality difference",0.025,0.025,0.025,0.025,0.025,0.825,0.025,0.025
12886,"In my experience, the user interface can feel unintuitive. It slows things down.",5,"female","Wellington, New Zealand","2025-12-10","positivo","in my experience the user interface can feel unintuitive it slows things down",7,"actually pay | slows things down | support artists | android auto | awesome selection",0.0125,0.0125,0.0125,0.0125,0.0125,0.0125,0.0125,0.9125
12887,"So far, not many people I know use it. It makes the experience less enjoyable.",5,"female","Rosario, Argentina","2025-07-08","positivo","so far not many people i know use it it makes the experience less enjoyable",5,"actually pay artists | spotify premium | less enjoyable | search find need | quality difference",0.0208,0.0208,0.0208,0.0208,0.0208,0.8542,0.0208,0.0208
12888,"One issue is that i don’t always notice the audio quality difference. It makes it harder to justify using it.",5,"female","Hobart, Australia","2025-12-05","positivo","one issue is that i don t always notice the audio quality difference it makes it harder to justify using it",5,"actually pay artists | spotify premium | less enjoyable | search find need | quality difference",0.0104,0.0104,0.0104,0.0104,0.0104,0.8438,0.0937,0.0104
12891,"I wanted to like it, but recommendations are not very accurate. It makes the app less appealing.",5,"female","Guayaquil, Ecuador","2025-07-12","positivo","i wanted to like it but recommendations are not very accurate it makes the app less appealing",5,"actually pay artists | spotify premium | less enjoyable | search find need | quality difference",0.0208,0.0208,0.0208,0.0208,0.0208,0.8542,0.0208,0.0208
12894,"What bothers me is that the app can feel sluggish occasionally. It slows things down.",5,"female","Port Moresby, Papua New Guinea","2025-09-18","positivo","what bothers me is that the app can feel sluggish occasionally it slows things down",7,"actually pay | slows things down | support artists | android auto | awesome selection",0.0156,0.0156,0.0156,0.0156,0.0156,0.0156,0.0156,0.8906
12911,"Smooth and error free Operation. One feature that would be fantastic if added would be the ability to play local mp3's",5,"female","Medellín, Colombia","2025-07-05","positivo","smooth and error free operation one feature that would be fantastic if added would be the ability to play local mp s",0,"high quality | streaming services | dolby atmos | using tidal | quality audio",0.125,0.125,0.125,0.125,0.125,0.125,0.125,0.125
12912,"The music quality is unparalleled if you have the hifi plan. Theres no going back to spotify once you hear the difference in sound, especially if you have higher quality speakers. Now that I've been using it a while, the algorithm does a really good job if suggesting new music I usually like. The daily discovery is probably one of the best features on here, giving you a quick playlist of new music everyday.",5,"female","Nadi, Fiji","2025-11-02","positivo","the music quality is unparalleled if you have the hifi plan theres no going back to spotify once you hear the difference in sound especially if you have higher quality speakers now that i ve been using it a while the algorithm does a really good job if suggesting new music i usually like the daily discovery is probably one of the best features on here giving you a quick playlist of new music everyday",1,"better spotify | master quality | about seconds | spotify where | back spotify",0.0096,0.4712,0.0096,0.0096,0.0096,0.3173,0.1634,0.0096
12914,"Coming from Amazon Music and Deezer, enjoying Tidal so far. There's a bug where a track (from a playlist) is stuck in the download queue and doesn't clear, both in app and in the system notifications. Had to reinstall and redownload my music, but not keen on doing that everytime.",5,"female","Santa Cruz, Bolivia","2025-07-05","positivo","coming from amazon music and deezer enjoying tidal so far there s a bug where a track from a playlist is stuck in the download queue and doesn t clear both in app and in the system notifications had to reinstall and redownload my music but not keen on doing that everytime",2,"best quality | tidal spotify | gets frustrating while | having same | switched spotify",0.0417,0.0417,0.7083,0.0417,0.0417,0.0417,0.0417,0.0417
12916,"Great streaming service. Excellent music quality",5,"female","Adelaide, Australia","2025-10-28","positivo","great streaming service excellent music quality",0,"high quality | streaming services | dolby atmos | using tidal | quality audio",0.3955,0.0417,0.0417,0.0417,0.3545,0.0417,0.0417,0.0417
12919,"Does the job perfectly",5,"female","Canberra, Australia","2025-11-17","positivo","does the job perfectly",0,"high quality | streaming services | dolby atmos | using tidal | quality audio",0.125,0.125,0.125,0.125,0.125,0.125,0.125,0.125
12933,"Fantastic app. Easy to move over from Spotify, playlists & favourite artists etc can all be synced so you don't lose anything. Sound quality is great and there are videos and concerts to watch too. And, there's no podcasts that I have no interest in, being rammed down your throat and there's actually no ads unlike Spotify (even on premium I was getting ads in podcasts from Spotify). Family Plan was easy to set up for all involved. Glad I made the switch.",5,"female","Suva, Fiji","2025-09-05","positivo","fantastic app easy to move over from spotify playlists favourite artists etc can all be synced so you don t lose anything sound quality is great and there are videos and concerts to watch too and there s no podcasts that i have no interest in being rammed down your throat and there s actually no ads unlike spotify even on premium i was getting ads in podcasts from spotify family plan was easy to set up for all involved glad i made the switch",5,"actually pay artists | spotify premium | less enjoyable | search find need | quality difference",0.0104,0.0104,0.0104,0.1771,0.0104,0.5475,0.0104,0.2233
12944,"He's the best",5,"female","Cali, Colombia","2025-08-14","positivo","he s the best",0,"high quality | streaming services | dolby atmos | using tidal | quality audio",0.125,0.125,0.125,0.125,0.125,0.125,0.125,0.125
12963,"blackitty black black black!!",5,"female","Bogotá, Colombia","2025-07-20","positivo","blackitty black black black",0,"high quality | streaming services | dolby atmos | using tidal | quality audio",0.125,0.125,0.125,0.125,0.125,0.125,0.125,0.125
12972,"Tidal is great . Best music streaming app by a long way . Be better if it gave file type and resolution instead of saying max or whatever tho ...",5,"female","Lima, Peru","2025-06-24","positivo","tidal is great best music streaming app by a long way be better if it gave file type and resolution instead of saying max or whatever tho",4,"go back | tidal connect | best streaming service | streaming service quality | quality streaming",0.0313,0.0313,0.0313,0.0313,0.7812,0.0313,0.0313,0.0313
12979,"Switched recently from Spotify after finding out how poorly they pay artists. Very happy so far with Tidal, I have an eclectic taste in music but so far have been able to find most of their music here. Also the music quality is a fabulous step up from Spotify.",5,"female","Auckland, New Zealand","2025-12-23","positivo","switched recently from spotify after finding out how poorly they pay artists very happy so far with tidal i have an eclectic taste in music but so far have been able to find most of their music here also the music quality is a fabulous step up from spotify",6,"pay artists | audio quality | hi fi | worth money | spotify any day",0.0179,0.0179,0.0179,0.0179,0.0179,0.0179,0.5893,0.3035
12985,"Love it, but with the new Samsung 5.1 update, while the screen is turned off, the app will lose connection while streaming, but not if it's a downloaded Playlist. Hopefully, this will be resolved quickly. Update- the connection loss seems to be an issue with my phone and not the app. So, for me, it's a 5 star app. The developer responded very quickly regarding my feedback and I really appreciate that.",5,"female","Adelaide, Australia","2025-09-15","positivo","love it but with the new samsung update while the screen is turned off the app will lose connection while streaming but not if it s a downloaded playlist hopefully this will be resolved quickly update the connection loss seems to be an issue with my phone and not the app so for me it s a star app the developer responded very quickly regarding my feedback and i really appreciate that",5,"actually pay artists | spotify premium | less enjoyable | search find need | quality difference",0.375,0.0417,0.0417,0.0417,0.0417,0.375,0.0417,0.0417
12988,"As a refugee from Amazon Music, which was ok,but had it's problems, I decided to try Tidal. And I'm really liking it, it's streaming is very consistent, my mobile signal is patchy in my area,but this app copes much better than many other apps. Sound quality is great,and the app is easy to navigate! 5 well deserved stars!",5,"female","Port Moresby, Papua New Guinea","2025-11-10","positivo","as a refugee from amazon music which was ok but had it s problems i decided to try tidal and i m really liking it it s streaming is very consistent my mobile signal is patchy in my area but this app copes much better than many other apps sound quality is great and the app is easy to navigate well deserved stars",5,"actually pay artists | spotify premium | less enjoyable | search find need | quality difference",0.025,0.025,0.025,0.025,0.025,0.625,0.225,0.025
12991,"Music sounds great over decent headphones, via all in one speaker system, or on portable Dali katch G2 speaker. Very high quality audio can be achieved.",5,"female","Bogotá, Colombia","2025-08-02","positivo","music sounds great over decent headphones via all in one speaker system or on portable dali katch g speaker very high quality audio can be achieved",0,"high quality | streaming services | dolby atmos | using tidal | quality audio",0.825,0.025,0.025,0.025,0.025,0.025,0.025,0.025
12994,"Uninstalled spotify immediately. Put my beats in and went right into Hifi. Tidal is elite.",5,"female","Montevideo, Uruguay","2025-05-20","positivo","uninstalled spotify immediately put my beats in and went right into hifi tidal is elite",2,"best quality | tidal spotify | gets frustrating while | having same | switched spotify",0.0417,0.0417,0.7083,0.0417,0.0417,0.0417,0.0417,0.0417
12995,"Very good! Difference in sound coming from mp3 to the flac tidal offers is very noticeable and clearly much better even on my basic pair of k361. If you can afford it, do it, worth it.",5,"female","Santiago, Chile","2025-06-03","positivo","very good difference in sound coming from mp to the flac tidal offers is very noticeable and clearly much better even on my basic pair of k if you can afford it do it worth it",2,"best quality | tidal spotify | gets frustrating while | having same | switched spotify",0.375,0.0417,0.375,0.0417,0.0417,0.0417,0.0417,0.0417
12996,"Great fidelity, and no Joe Rogan.",5,"female","Buenos Aires, Argentina","2025-06-16","positivo","great fidelity and no joe rogan",7,"actually pay | slows things down | support artists | android auto | awesome selection",0.0625,0.0625,0.0625,0.0625,0.0625,0.0625,0.0625,0.5625
13002,"Really nice app - seems to have improved a lot since I used it last. No issues finding artists I enjoy too.",5,"female","Salvador, Brazil","2025-06-06","positivo","really nice app seems to have improved a lot since i used it last no issues finding artists i enjoy too",0,"high quality | streaming services | dolby atmos | using tidal | quality audio",0.125,0.125,0.125,0.125,0.125,0.125,0.125,0.125
13009,"Love the app. Sound is fantastic. My one beef is accounts aren't linked that I can tell. For instance, when I have it on main stereo thru firestick, I can't adjust or change songs with my phone even though same account.",5,"female","Salvador, Brazil","2025-07-14","positivo","love the app sound is fantastic my one beef is accounts aren t linked that i can tell for instance when i have it on main stereo thru firestick i can t adjust or change songs with my phone even though same account",1,"better spotify | master quality | about seconds | spotify where | back spotify",0.0625,0.5625,0.0625,0.0625,0.0625,0.0625,0.0625,0.0625
13016,"Best sounding streaming service since inception. MQA validates that the files are from a high res source. Other services, at times, use upscaled files that just do not deliver the same experience.",5,"female","Santa Cruz, Bolivia","2025-05-26","positivo","best sounding streaming service since inception mqa validates that the files are from a high res source other services at times use upscaled files that just do not deliver the same experience",4,"go back | tidal connect | best streaming service | streaming service quality | quality streaming",0.0179,0.1607,0.0179,0.0179,0.7322,0.0179,0.0179,0.0179
13020,"Great app!! I use it everyday and have had no issues. But for $20 a month it should be perfect. I hope it keeps because I was doing Spotify and it kept redownloading my music. All 8,000 plus songs. It did it 4 times in a 2 month period so I dropped it. Here I am!",5,"female","São Paulo, Brazil","2025-08-28","positivo","great app i use it everyday and have had no issues but for a month it should be perfect i hope it keeps because i was doing spotify and it kept redownloading my music all plus songs it did it times in a month period so i dropped it here i am",7,"actually pay | slows things down | support artists | android auto | awesome selection",0.0208,0.0208,0.0208,0.0208,0.0208,0.0208,0.0208,0.8542
13026,"Great sound, great app",5,"female","La Paz, Bolivia","2025-07-25","positivo","great sound great app",0,"high quality | streaming services | dolby atmos | using tidal | quality audio",0.125,0.125,0.125,0.125,0.125,0.125,0.125,0.125
13027,"just because..... 16/24 bit you win.",5,"female","Medellín, Colombia","2025-06-15","positivo","just because bit you win",0,"high quality | streaming services | dolby atmos | using tidal | quality audio",0.125,0.125,0.125,0.125,0.125,0.125,0.125,0.125
13035,"better quality than Spotify, and they actually pay the artists!",5,"female","Salvador, Brazil","2025-06-26","positivo","better quality than spotify and they actually pay the artists",5,"actually pay artists | spotify premium | less enjoyable | search find need | quality difference",0.0179,0.0179,0.0179,0.0179,0.0179,0.4464,0.1607,0.3035
13047,"a lot has changed since my bad review yeara ago. i havent experienced any random crash past few weeks.",5,"female","Nadi, Fiji","2025-11-28","positivo","a lot has changed since my bad review yeara ago i havent experienced any random crash past few weeks",4,"go back | tidal connect | best streaming service | streaming service quality | quality streaming",0.0625,0.0625,0.0625,0.0625,0.5625,0.0625,0.0625,0.0625
13048,"The back button works again.",5,"female","Melbourne, Australia","2025-12-12","positivo","the back button works again",0,"high quality | streaming services | dolby atmos | using tidal | quality audio",0.5625,0.0625,0.0625,0.0625,0.0625,0.0625,0.0625,0.0625
13054,"Better than Spotify in every conceivable way.",5,"female","Adelaide, Australia","2025-09-21","positivo","better than spotify in every conceivable way",1,"better spotify | master quality | about seconds | spotify where | back spotify",0.0625,0.5625,0.0625,0.0625,0.0625,0.0625,0.0625,0.0625
13056,"Very very sound ,clarity is on top of all the music app Well done",5,"female","Christchurch, New Zealand","2025-10-12","positivo","very very sound clarity is on top of all the music app well done",0,"high quality | streaming services | dolby atmos | using tidal | quality audio",0.125,0.125,0.125,0.125,0.125,0.125,0.125,0.125
13062,"I'm back on it! I didn't have to download the hub. Ahhhhhh, I miss my Tidal!! I've been without it on my phone for at least 2 months!! If you were having issues b4. Try it again. Peace!",5,"female","Montevideo, Uruguay","2025-07-06","positivo","i m back on it i didn t have to download the hub ahhhhhh i miss my tidal i ve been without it on my phone for at least months if you were having issues b try it again peace",4,"go back | tidal connect | best streaming service | streaming service quality | quality streaming",0.0313,0.2812,0.2812,0.0313,0.2813,0.0313,0.0313,0.0313
13065,"Love Tidal, especially My Mixes",5,"female","Wellington, New Zealand","2025-10-26","positivo","love tidal especially my mixes",0,"high quality | streaming services | dolby atmos | using tidal | quality audio",0.125,0.125,0.125,0.125,0.125,0.125,0.125,0.125
13068,"The best so far and still going . Keep it up",5,"female","Caracas, Venezuela","2025-06-28","positivo","the best so far and still going keep it up",1,"better spotify | master quality | about seconds | spotify where | back spotify",0.0625,0.5625,0.0625,0.0625,0.0625,0.0625,0.0625,0.0625
13074,"Looks nice and sounds perfect along my CCA NRA, a 32bit DAC earphones. This app has making possible to listen the full Limp Bizkit's awesome discography in the highest quality available. Even their last album My only complaint would be that in android R (Samsung one ui 3) the status bar background isn't fully immersive alongside the content shown. It's always pitch black as if we were in android eclair days, back in 2011 or smthng. Pls fix this. Pls add white theme for daylight hours usage👀",5,"female","Fortaleza, Brazil","2025-06-10","positivo","looks nice and sounds perfect along my cca nra a bit dac earphones this app has making possible to listen the full limp bizkit s awesome discography in the highest quality available even their last album my only complaint would be that in android r samsung one ui the status bar background isn t fully immersive alongside the content shown it s always pitch black as if we were in android eclair days back in or smthng pls fix this pls add white theme for daylight hours usage",1,"better spotify | master quality | about seconds | spotify where | back spotify",0.025,0.425,0.025,0.4249,0.025,0.025,0.025,0.025
13077,"No podcasts, but great music quality at a good price. I like the app itself just fine, in many ways it's similar to Spotify, some elements are even better. In my opinion Tidal is well worth it. Plus your money won't go to Joe Rogan, which I don't care for regardless of the recent controversy :)",5,"female","Brasília, Brazil","2025-07-27","positivo","no podcasts but great music quality at a good price i like the app itself just fine in many ways it s similar to spotify some elements are even better in my opinion tidal is well worth it plus your money won t go to joe rogan which i don t care for regardless of the recent controversy",7,"actually pay | slows things down | support artists | android auto | awesome selection",0.025,0.025,0.025,0.025,0.025,0.025,0.2249,0.625
13086,"I am a former Spotify user. I just recently switched to Tidal. I actually admit I love the sound quality on Tidal better than I do on Spotify. I am going to even start subscribing Tidal instead. I am a Law Enforcement officer myself so I will be going with the First Responder plan for awhile and then eventually upgrade to Family plan. 🥰🥰 Keep up the good work Tidal. You guys are awesome 😊❤",5,"female","Tijuana, Mexico","2025-04-19","positivo","i am a former spotify user i just recently switched to tidal i actually admit i love the sound quality on tidal better than i do on spotify i am going to even start subscribing tidal instead i am a law enforcement officer myself so i will be going with the first responder plan for awhile and then eventually upgrade to family plan keep up the good work tidal you guys are awesome",0,"high quality | streaming services | dolby atmos | using tidal | quality audio",0.6125,0.0126,0.0125,0.0125,0.0125,0.3124,0.0125,0.0125
13095,"The only good thing Joe Rogan ever did was force me to get rid of Spotify. Tidal sounds better, has better playlists, and pays the artists better. Worth the switch, worth the cost.",5,"female","Brasília, Brazil","2025-08-19","positivo","the only good thing joe rogan ever did was force me to get rid of spotify tidal sounds better has better playlists and pays the artists better worth the switch worth the cost",0,"high quality | streaming services | dolby atmos | using tidal | quality audio",0.7355,0.0114,0.0114,0.1023,0.0114,0.0114,0.0114,0.1054
13111,"Tidal is literally the best thing ever, if you know you know I guess. You're truly missing out if you use Spotify or apple music or anything else. Being 100% real. Edit for clarity: I am a tidal premium user.",5,"female","Suva, Fiji","2025-09-29","positivo","tidal is literally the best thing ever if you know you know i guess you re truly missing out if you use spotify or apple music or anything else being real edit for clarity i am a tidal premium user",4,"go back | tidal connect | best streaming service | streaming service quality | quality streaming",0.0313,0.0313,0.0313,0.0313,0.7812,0.0313,0.0313,0.0313
13121,"Higher quality audio than Spotify AND all the Neil Young I want!",5,"female","Brasília, Brazil","2025-08-27","positivo","higher quality audio than spotify and all the neil young i want",0,"high quality | streaming services | dolby atmos | using tidal | quality audio",0.5312,0.0313,0.0313,0.0313,0.0313,0.2813,0.0313,0.0313
13126,"this app is the best music streaming app i've ever used! It has a high quality audio and a lot of songs! I recommend this app and in my opinion, tidal music is better than spotify-the price,audio quality etc. Y'all should definitely subscribe as it is really affordable!!!",5,"female","Rio de Janeiro, Brazil","2025-07-03","positivo","this app is the best music streaming app i ve ever used it has a high quality audio and a lot of songs i recommend this app and in my opinion tidal music is better than spotify the price audio quality etc y all should definitely subscribe as it is really affordable",0,"high quality | streaming services | dolby atmos | using tidal | quality audio",0.5937,0.0938,0.0104,0.0104,0.2604,0.0104,0.0104,0.0104
13132,"Been looking for a good quality streaming service. Got this after seen it recomended by Hi-Fi Expert on YouTube. The music library is amazing, adio quality is the best. Super satisfied and I an going to move all my music to this place. Another really great thing is that Tidal actually paying the artist's for their hard work. Dubble compared to Spottify for example. Higly recomend it if you love good quality music. Please fix the battery drain warnig that this app keep doing!",5,"female","Fortaleza, Brazil","2025-07-15","positivo","been looking for a good quality streaming service got this after seen it recomended by hi fi expert on youtube the music library is amazing adio quality is the best super satisfied and i an going to move all my music to this place another really great thing is that tidal actually paying the artist s for their hard work dubble compared to spottify for example higly recomend it if you love good quality music please fix the battery drain warnig that this app keep doing",4,"go back | tidal connect | best streaming service | streaming service quality | quality streaming",0.0156,0.0156,0.0156,0.0156,0.7656,0.0156,0.1406,0.0156
13136,"Big changes this year! Finally affordable and with great working Connect function. Dolby Atmos working great on Google TV with remote and newer TV Tidal apps. Personally I like MQA and I am sorry that is gone right now but other functions are very good. My wish is to have more exposed, visible detailed information on track resolution, not only high or max. I consider Tidal to be Audiophile platform and be better in this regard than competition. Keep improving and be the best! Thank you !",5,"female","Perth, Australia","2025-12-08","positivo","big changes this year finally affordable and with great working connect function dolby atmos working great on google tv with remote and newer tv tidal apps personally i like mqa and i am sorry that is gone right now but other functions are very good my wish is to have more exposed visible detailed information on track resolution not only high or max i consider tidal to be audiophile platform and be better in this regard than competition keep improving and be the best thank you",0,"high quality | streaming services | dolby atmos | using tidal | quality audio",0.825,0.025,0.025,0.025,0.025,0.025,0.025,0.025
13141,"Sound quality is amazing",5,"female","Arequipa, Peru","2025-07-05","positivo","sound quality is amazing",7,"actually pay | slows things down | support artists | android auto | awesome selection",0.0625,0.0625,0.0625,0.0625,0.0625,0.0625,0.0625,0.5625
13144,"Very easy to set up and transfer all my Spotify playlists over. Enjoying high quality streaming with artists getting more money but still not enough.",5,"female","Wellington, New Zealand","2025-10-05","positivo","very easy to set up and transfer all my spotify playlists over enjoying high quality streaming with artists getting more money but still not enough",4,"go back | tidal connect | best streaming service | streaming service quality | quality streaming",0.1607,0.0179,0.0179,0.0179,0.7321,0.0179,0.0179,0.0179
13146,"Im going to download this app but i wanted to know if you could listen to it offline",5,"female","Perth, Australia","2025-10-09","positivo","im going to download this app but i wanted to know if you could listen to it offline",0,"high quality | streaming services | dolby atmos | using tidal | quality audio",0.125,0.125,0.125,0.125,0.125,0.125,0.125,0.125
13170,"Such serious clarity. I'm lovin the UI too. Thanks for the student discount.",5,"female","Quito, Ecuador","2025-07-05","positivo","such serious clarity i m lovin the ui too thanks for the student discount",3,"then made | spotify then | through day | spotify tidal | streaming platform",0.0625,0.0625,0.0625,0.5625,0.0625,0.0625,0.0625,0.0625
13174,"I couldn't get into this app after using others for years, after a few weeks I've got used to it. It's nice and simple to navigate and good sound quality.",5,"female","Salvador, Brazil","2025-08-20","positivo","i couldn t get into this app after using others for years after a few weeks i ve got used to it it s nice and simple to navigate and good sound quality",2,"best quality | tidal spotify | gets frustrating while | having same | switched spotify",0.025,0.025,0.625,0.025,0.225,0.025,0.025,0.025
13196,"algo could be better",5,"female","Rio de Janeiro, Brazil","2025-06-28","positivo","algo could be better",0,"high quality | streaming services | dolby atmos | using tidal | quality audio",0.125,0.125,0.125,0.125,0.125,0.125,0.125,0.125
13198,"Simply amazing!!!! Simplemente asombroso!!!!",5,"female","Auckland, New Zealand","2025-11-17","positivo","simply amazing simplemente asombroso",5,"actually pay artists | spotify premium | less enjoyable | search find need | quality difference",0.0625,0.0625,0.0625,0.0625,0.0625,0.5625,0.0625,0.0625
13202,"Made the switch over from Spotify and I'm very happy.",5,"female","Christchurch, New Zealand","2025-10-05","positivo","made the switch over from spotify and i m very happy",7,"actually pay | slows things down | support artists | android auto | awesome selection",0.0313,0.0313,0.0313,0.0313,0.0313,0.0313,0.0313,0.7812
13207,"Aside from Bandcamp, it is the best music streamer imo. Good UI and design, they pay artists more than most other streaming services, & lossless sound quality.",5,"female","Calgary, Canada","2025-04-29","positivo","aside from bandcamp it is the best music streamer imo good ui and design they pay artists more than most other streaming services lossless sound quality",0,"high quality | streaming services | dolby atmos | using tidal | quality audio",0.7656,0.0156,0.0156,0.0156,0.0156,0.0156,0.1406,0.0156
13208,"Excellent and with Neil Young ♥️",5,"female","Wellington, New Zealand","2025-11-24","positivo","excellent and with neil young",2,"best quality | tidal spotify | gets frustrating while | having same | switched spotify",0.0626,0.0625,0.5624,0.0625,0.0625,0.0625,0.0625,0.0625
13211,"Tidal is my favorite music streaming app, both in terms of sound quality and app functionality. MQA-encoded music seems noticeably better than CD-quality whether listening on MQA hardware like the FiiO KA1 or using software decoding. I've discovered several new artists through the app, and Tidal's support of artists is a plus. The app works well on all my devices, which is more than I can say for a prominent competitor's HD music app that frequently gets stuck loading content.",5,"female","Salvador, Brazil","2025-08-31","positivo","tidal is my favorite music streaming app both in terms of sound quality and app functionality mqa encoded music seems noticeably better than cd quality whether listening on mqa hardware like the fiio ka or using software decoding i ve discovered several new artists through the app and tidal s support of artists is a plus the app works well on all my devices which is more than i can say for a prominent competitor s hd music app that frequently gets stuck loading content",7,"actually pay | slows things down | support artists | android auto | awesome selection",0.1125,0.1125,0.0125,0.0125,0.0125,0.0125,0.0125,0.7126
13212,"The stream quality is worth the price. There are certainly improvements that can be made to the algorithms but with a small amount of effort you can work around it. You can't work around low bit rate.",5,"female","Queenstown, New Zealand","2025-09-14","positivo","the stream quality is worth the price there are certainly improvements that can be made to the algorithms but with a small amount of effort you can work around it you can t work around low bit rate",6,"pay artists | audio quality | hi fi | worth money | spotify any day",0.2812,0.0313,0.0313,0.0313,0.0313,0.0313,0.2813,0.2812
13215,"The best music app",5,"female","Rio de Janeiro, Brazil","2025-07-01","positivo","the best music app",0,"high quality | streaming services | dolby atmos | using tidal | quality audio",0.125,0.125,0.125,0.125,0.125,0.125,0.125,0.125
13217,"The best streaming music with an incredibly large library of music.",5,"female","Medellín, Colombia","2025-06-08","positivo","the best streaming music with an incredibly large library of music",4,"go back | tidal connect | best streaming service | streaming service quality | quality streaming",0.0417,0.0417,0.0417,0.0417,0.7083,0.0417,0.0417,0.0417
13218,"The best app of all",5,"female","Medellín, Colombia","2025-05-20","positivo","the best app of all",0,"high quality | streaming services | dolby atmos | using tidal | quality audio",0.125,0.125,0.125,0.125,0.125,0.125,0.125,0.125
13222,"Best music streaming platform to date in means of HiFi and HiRes quality sound, but also nice interface, includes lyrics and information for most songs and many other settings. Very intuitive recommendations for audio and video content that I like and I'm used to hear. A lot of fun for any music style music lover.",5,"female","Guayaquil, Ecuador","2025-08-22","positivo","best music streaming platform to date in means of hifi and hires quality sound but also nice interface includes lyrics and information for most songs and many other settings very intuitive recommendations for audio and video content that i like and i m used to hear a lot of fun for any music style music lover",4,"go back | tidal connect | best streaming service | streaming service quality | quality streaming",0.0179,0.0179,0.0179,0.3036,0.3036,0.3035,0.0179,0.0179
13241,"Great app! High sound quality, pays artists more than other streaming apps, doesn't host misinformation podcasts. Only drawback is no EQ! But there are apps to cover that. If you love music, Tidal is the way to go. I delayed because I had been on Spotify for something like 12 years and had over 2,000 songs saved in the catalog and thought re-creating all those playlists would be too brutal, but Tidal has a transfer feature and all playlists were transferred perfectly in just minutes.",5,"female","Bogotá, Colombia","2025-06-16","positivo","great app high sound quality pays artists more than other streaming apps doesn t host misinformation podcasts only drawback is no eq but there are apps to cover that if you love music tidal is the way to go i delayed because i had been on spotify for something like years and had over songs saved in the catalog and thought re creating all those playlists would be too brutal but tidal has a transfer feature and all playlists were transferred perfectly in just minutes",0,"high quality | streaming services | dolby atmos | using tidal | quality audio",0.5694,0.3472,0.0139,0.0139,0.0139,0.0139,0.0139,0.0139
13244,"Happened to be trying out due to recent Spotify controversies. Always thought music quality was a bit of an audiophile circlejerk - but dammmn the difference is night and day. Really wished I started using this years ago. Best streaming service out there hands down. Highly recommend",5,"female","Brasília, Brazil","2025-05-29","positivo","happened to be trying out due to recent spotify controversies always thought music quality was a bit of an audiophile circlejerk but dammmn the difference is night and day really wished i started using this years ago best streaming service out there hands down highly recommend",4,"go back | tidal connect | best streaming service | streaming service quality | quality streaming",0.0089,0.1517,0.0089,0.1518,0.6519,0.0089,0.0089,0.0089
13267,"By Far the Best Audio! User interface couls be slightly better but i could also nog be lazy create a playlist!",5,"female","San Antonio, United States","2025-04-18","positivo","by far the best audio user interface couls be slightly better but i could also nog be lazy create a playlist",2,"best quality | tidal spotify | gets frustrating while | having same | switched spotify",0.2852,0.025,0.3376,0.025,0.025,0.025,0.2521,0.0251
13268,"Just a couple of days use, but streaming connectivity is much better than the other leading services. Plus the audio quality is just exceptional",5,"female","Auckland, New Zealand","2025-11-22","positivo","just a couple of days use but streaming connectivity is much better than the other leading services plus the audio quality is just exceptional",6,"pay artists | audio quality | hi fi | worth money | spotify any day",0.0625,0.0625,0.0625,0.0625,0.0625,0.0625,0.5625,0.0625
13273,"Amazing place to be a part of highest quality sound",5,"female","Nadi, Fiji","2025-09-29","positivo","amazing place to be a part of highest quality sound",1,"better spotify | master quality | about seconds | spotify where | back spotify",0.0625,0.5625,0.0625,0.0625,0.0625,0.0625,0.0625,0.0625
13281,"Quality audio as advertised. Love access to ""out of the way songs."" Just music, focuses on music and only music; there's nothing taking away from the reason someone wants a music service. Search results are good, but I'd like see improved for niche songs and soundtracks. Discovery system so much better than Spotify; it will bring tears. Update: Latest update broke Tidal for Android Auto. I've verified the AA is utd, as well as the car's system. Other apps continue to work. I've un/reinstaled.",5,"female","Auckland, New Zealand","2025-10-13","positivo","quality audio as advertised love access to out of the way songs just music focuses on music and only music there s nothing taking away from the reason someone wants a music service search results are good but i d like see improved for niche songs and soundtracks discovery system so much better than spotify it will bring tears update latest update broke tidal for android auto i ve verified the aa is utd as well as the car s system other apps continue to work i ve un reinstaled",7,"actually pay | slows things down | support artists | android auto | awesome selection",0.1141,0.2125,0.0125,0.0125,0.0125,0.0125,0.0126,0.6108
13285,"Free version works well. Seems to have better audio quality over similar apps",5,"female","Melbourne, Australia","2025-12-11","positivo","free version works well seems to have better audio quality over similar apps",0,"high quality | streaming services | dolby atmos | using tidal | quality audio",0.5208,0.0208,0.3542,0.0208,0.0208,0.0208,0.0209,0.0208
13289,"Great quality sound and focus on the artists.",5,"female","Calgary, Canada","2025-04-23","positivo","great quality sound and focus on the artists",0,"high quality | streaming services | dolby atmos | using tidal | quality audio",0.125,0.125,0.125,0.125,0.125,0.125,0.125,0.125
13290,"I absolutely love this app. It has all the best artists and songs! Very large categories! They even have Washington DC Go-Go music and not all platforms have it!",5,"female","São Paulo, Brazil","2025-06-25","positivo","i absolutely love this app it has all the best artists and songs very large categories they even have washington dc go go music and not all platforms have it",0,"high quality | streaming services | dolby atmos | using tidal | quality audio",0.125,0.125,0.125,0.125,0.125,0.125,0.125,0.125
13303,"Quick to update bugs within app. I just hope they stop coming back. Search function has been hit and miss for a while. Still my default music streaming app.",5,"female","Christchurch, New Zealand","2025-12-25","positivo","quick to update bugs within app i just hope they stop coming back search function has been hit and miss for a while still my default music streaming app",6,"pay artists | audio quality | hi fi | worth money | spotify any day",0.0625,0.0625,0.0625,0.0625,0.0625,0.0625,0.5625,0.0625
13305,"I like this a lot more than Spotify. Better selection of songs and user interface + it wasnt hard to make the switch over. Had a rocky start with connectivity at first but I havent had any problems since. Would recommend this as my go to streaming app!",5,"female","Canberra, Australia","2025-11-18","positivo","i like this a lot more than spotify better selection of songs and user interface it wasnt hard to make the switch over had a rocky start with connectivity at first but i havent had any problems since would recommend this as my go to streaming app",1,"better spotify | master quality | about seconds | spotify where | back spotify",0.0313,0.2813,0.0313,0.0313,0.0313,0.2812,0.0313,0.2812
13307,"Recently switched from Spotify and can say that Tidal is a worthy alternative. Good layout, excellent track selection and amazing sound quality, will be staying.",5,"female","Arequipa, Peru","2025-08-14","positivo","recently switched from spotify and can say that tidal is a worthy alternative good layout excellent track selection and amazing sound quality will be staying",2,"best quality | tidal spotify | gets frustrating while | having same | switched spotify",0.0208,0.0208,0.6875,0.0208,0.0208,0.0208,0.1875,0.0208
13308,"A Revelation: Great price, great sound, great interface. Don't sleep on it.",5,"female","Sydney, Australia","2025-10-14","positivo","a revelation great price great sound great interface don t sleep on it",0,"high quality | streaming services | dolby atmos | using tidal | quality audio",0.125,0.125,0.125,0.125,0.125,0.125,0.125,0.125
13309,"Loving this app best music streaming app to date 4 me plus they pay artist better than most streaming services and we all want the artists we love to get paid fairly for there art right",5,"female","Rio de Janeiro, Brazil","2025-06-19","positivo","loving this app best music streaming app to date me plus they pay artist better than most streaming services and we all want the artists we love to get paid fairly for there art right",0,"high quality | streaming services | dolby atmos | using tidal | quality audio",0.5156,0.0156,0.0156,0.0156,0.1406,0.0156,0.0156,0.2656
13310,"Love the design of the interface. Sleek, and modern. The sound of every song on there sounds amazing too.",5,"female","Quito, Ecuador","2025-05-26","positivo","love the design of the interface sleek and modern the sound of every song on there sounds amazing too",5,"actually pay artists | spotify premium | less enjoyable | search find need | quality difference",0.0625,0.0625,0.0625,0.0625,0.0625,0.5625,0.0625,0.0625
13314,"New to app so far im liking it",5,"female","Christchurch, New Zealand","2025-11-21","positivo","new to app so far im liking it",0,"high quality | streaming services | dolby atmos | using tidal | quality audio",0.125,0.125,0.125,0.125,0.125,0.125,0.125,0.125
13316,"1$ for 3 months plus a military discount. Great so far and thx",5,"female","Caracas, Venezuela","2025-08-11","positivo","for months plus a military discount great so far and thx",0,"high quality | streaming services | dolby atmos | using tidal | quality audio",0.5625,0.0625,0.0625,0.0625,0.0625,0.0625,0.0625,0.0625
13324,"Wanted the MQA, sounds amazing on my system. So far has all the albums I've wanted.",5,"female","Queenstown, New Zealand","2025-10-14","positivo","wanted the mqa sounds amazing on my system so far has all the albums i ve wanted",5,"actually pay artists | spotify premium | less enjoyable | search find need | quality difference",0.0625,0.0625,0.0625,0.0625,0.0625,0.5625,0.0625,0.0625
13328,"I love it in HD. BDF IS NEXT LEVEL. LOVE IT AND J AND B AND EM ♡H ☆☆☆☆☆",5,"female","Medellín, Colombia","2025-05-16","positivo","i love it in hd bdf is next level love it and j and b and em h",3,"then made | spotify then | through day | spotify tidal | streaming platform",0.0625,0.0625,0.0625,0.5625,0.0625,0.0625,0.0625,0.0625
13345,"Absolutely loving the app more than I ever have. Only slight issue is with searching. I wish it was a little bit more predictable and I think being able to search for specific quality songs as in terms of khz or bitrate would be amazing! EDIT: Should add 5 or 10 second skipping for each track",5,"female","Gold Coast, Australia","2025-10-30","positivo","absolutely loving the app more than i ever have only slight issue is with searching i wish it was a little bit more predictable and i think being able to search for specific quality songs as in terms of khz or bitrate would be amazing edit should add or second skipping for each track",0,"high quality | streaming services | dolby atmos | using tidal | quality audio",0.6251,0.025,0.025,0.025,0.025,0.2249,0.025,0.025
13353,"Best sound quality on any streaming platform period. Recent update removed USB audio routing that I was using with a MQA dongle. What's the ETA on the update fix for this? Update: Dongle issue fixed, we are good.",5,"female","Adelaide, Australia","2025-10-22","positivo","best sound quality on any streaming platform period recent update removed usb audio routing that i was using with a mqa dongle what s the eta on the update fix for this update dongle issue fixed we are good",2,"best quality | tidal spotify | gets frustrating while | having same | switched spotify",0.0179,0.0179,0.4464,0.4464,0.0179,0.0179,0.0179,0.0179
13354,"Excellent app. I'm a huge music lover, and use it at home and on my mobile device. For high fidelity replay I can't fault it. Could use some expansion of titles from certain artist's back catalogues/genres, but there's a lot of music out there, and that's just picking holes.",5,"female","La Paz, Bolivia","2025-06-27","positivo","excellent app i m a huge music lover and use it at home and on my mobile device for high fidelity replay i can t fault it could use some expansion of titles from certain artist s back catalogues genres but there s a lot of music out there and that s just picking holes",3,"then made | spotify then | through day | spotify tidal | streaming platform",0.0417,0.0417,0.0417,0.3751,0.0417,0.0417,0.0417,0.3749
13359,"Very good app and services but wish the Devs improve the UI but it feels better and less cluttered that Spotify. The services are better than the others tidal are always honest about their quality and upfront about any issues that's why I love this app.",5,"female","Arequipa, Peru","2025-06-23","positivo","very good app and services but wish the devs improve the ui but it feels better and less cluttered that spotify the services are better than the others tidal are always honest about their quality and upfront about any issues that s why i love this app",0,"high quality | streaming services | dolby atmos | using tidal | quality audio",0.6876,0.0208,0.0208,0.0208,0.0208,0.1874,0.0208,0.0208
13364,"I'm happy so far. I wish only android tv version had lyrics like mobile version",5,"female","Santiago, Chile","2025-07-09","positivo","i m happy so far i wish only android tv version had lyrics like mobile version",0,"high quality | streaming services | dolby atmos | using tidal | quality audio",0.8541,0.0208,0.0208,0.0208,0.0208,0.0208,0.0208,0.0208
13371,"I have very few problems with Tidal but other than that, the app has great audio, amazing playback, and its very simple to use. My only problem is the time it takes to load songs even with good wifi. Alot of the time I have to reopen and then close the app for things to load, or they could be loading for minutes. The most it has taken is atleast two minutes, before I knew a fix. Other than this, download this over Spotify any day. Its worth the low cost and amazing music quality.",5,"female","Canberra, Australia","2025-09-25","positivo","i have very few problems with tidal but other than that the app has great audio amazing playback and its very simple to use my only problem is the time it takes to load songs even with good wifi alot of the time i have to reopen and then close the app for things to load or they could be loading for minutes the most it has taken is atleast two minutes before i knew a fix other than this download this over spotify any day its worth the low cost and amazing music quality",6,"pay artists | audio quality | hi fi | worth money | spotify any day",0.025,0.025,0.025,0.025,0.025,0.025,0.825,0.025
13372,"Thank you Tidal. You have been my go to for years with Sprint and my time with it being with my service is coming to an end. I've tried other music streaming services but you actually make it a point to pay those who we stream more. Not sure when I'll be back but I'll miss it until then. 😊",5,"female","Queenstown, New Zealand","2025-11-11","positivo","thank you tidal you have been my go to for years with sprint and my time with it being with my service is coming to an end i ve tried other music streaming services but you actually make it a point to pay those who we stream more not sure when i ll be back but i ll miss it until then",0,"high quality | streaming services | dolby atmos | using tidal | quality audio",0.6912,0.0179,0.0179,0.0179,0.0179,0.0179,0.2017,0.0179
13390,"Use it alot in the semi Bluetooth to the radio",5,"female","Christchurch, New Zealand","2025-11-14","positivo","use it alot in the semi bluetooth to the radio",0,"high quality | streaming services | dolby atmos | using tidal | quality audio",0.125,0.125,0.125,0.125,0.125,0.125,0.125,0.125
13392,"Very good app altho one down side is some songs that I'm looking for aren't here but none the less I've had a good experience",5,"female","Quebec City, Canada","2025-05-02","positivo","very good app altho one down side is some songs that i m looking for aren t here but none the less i ve had a good experience",0,"high quality | streaming services | dolby atmos | using tidal | quality audio",0.125,0.125,0.125,0.125,0.125,0.125,0.125,0.125
13395,"Awesome always when listening to music. USE TIDAL so much fun and awesome when creating and using albums and playlists.",5,"female","Sydney, Australia","2025-11-23","positivo","awesome always when listening to music use tidal so much fun and awesome when creating and using albums and playlists",2,"best quality | tidal spotify | gets frustrating while | having same | switched spotify",0.0417,0.0417,0.375,0.0417,0.0417,0.0417,0.0417,0.3749
13398,"Anything that gives me more Beyonce is a beautiful thing. Used to love love. But lately my music is skipping and stopping multiple times per song. Uninstalled and looks for updates. Don't know what's going on, but it's getting REAL FRUSTRATING 😞",5,"female","Adelaide, Australia","2025-09-20","positivo","anything that gives me more beyonce is a beautiful thing used to love love but lately my music is skipping and stopping multiple times per song uninstalled and looks for updates don t know what s going on but it s getting real frustrating",6,"pay artists | audio quality | hi fi | worth money | spotify any day",0.0625,0.0625,0.0625,0.0625,0.0625,0.0625,0.5625,0.0625
13401,"Amazing experience 100% worth it",5,"female","Guayaquil, Ecuador","2025-06-12","positivo","amazing experience worth it",0,"high quality | streaming services | dolby atmos | using tidal | quality audio",0.125,0.125,0.125,0.125,0.125,0.125,0.125,0.125
13402,"Great that the platform is open and I can use it with DJ-ing software",5,"female","Córdoba, Argentina","2025-08-02","positivo","great that the platform is open and i can use it with dj ing software",0,"high quality | streaming services | dolby atmos | using tidal | quality audio",0.125,0.125,0.125,0.125,0.125,0.125,0.125,0.125
13411,"You people are all liers this is what you people will say to make others not to download the App is this App not like Boomplay,Audiomack and the rest take your time stop this",5,"female","Bogotá, Colombia","2025-05-18","positivo","you people are all liers this is what you people will say to make others not to download the app is this app not like boomplay audiomack and the rest take your time stop this",0,"high quality | streaming services | dolby atmos | using tidal | quality audio",0.125,0.125,0.125,0.125,0.125,0.125,0.125,0.125
13412,"Highly recommended. Exceptional stuff, that Tidal!!! 👌🏾",5,"female","Monterrey, Mexico","2025-04-19","positivo","highly recommended exceptional stuff that tidal",6,"pay artists | audio quality | hi fi | worth money | spotify any day",0.0625,0.0626,0.0625,0.0625,0.0625,0.0625,0.5624,0.0625
13415,"It has the most hip-hop thats why I selected this app",5,"female","Rio de Janeiro, Brazil","2025-07-21","positivo","it has the most hip hop thats why i selected this app",3,"then made | spotify then | through day | spotify tidal | streaming platform",0.375,0.0417,0.0417,0.375,0.0417,0.0417,0.0417,0.0417
13427,"The best music app by far",5,"female","Quito, Ecuador","2025-08-30","positivo","the best music app by far",1,"better spotify | master quality | about seconds | spotify where | back spotify",0.0625,0.5625,0.0625,0.0625,0.0625,0.0625,0.0625,0.0625
13435,"Love this app. Initially got it because I could use it on my Galaxy Watch. Totally disappointed now that I upgraded to Galaxy Watch 7 and can't get the app on my watch. PLEASE work on making this possible so I don't have to switch to a different music app.",5,"female","Sydney, Australia","2025-10-27","positivo","love this app initially got it because i could use it on my galaxy watch totally disappointed now that i upgraded to galaxy watch and can t get the app on my watch please work on making this possible so i don t have to switch to a different music app",1,"better spotify | master quality | about seconds | spotify where | back spotify",0.0313,0.7812,0.0313,0.0313,0.0313,0.0313,0.0313,0.0313
13440,"Better quality sound than any other steaming app, and I'm very pleased with the algorithm for music playlist also.",5,"female","Adelaide, Australia","2025-12-15","positivo","better quality sound than any other steaming app and i m very pleased with the algorithm for music playlist also",5,"actually pay artists | spotify premium | less enjoyable | search find need | quality difference",0.0417,0.0417,0.0417,0.375,0.0417,0.375,0.0417,0.0417
13447,"A really good music streaming app hifi quality sound £9.99 a month but worth every penny download your playlists to listen off line",5,"female","Christchurch, New Zealand","2025-10-25","positivo","a really good music streaming app hifi quality sound a month but worth every penny download your playlists to listen off line",7,"actually pay | slows things down | support artists | android auto | awesome selection",0.0208,0.1875,0.0208,0.0208,0.0208,0.0208,0.0208,0.6875
13449,"It very good got e every music i want",5,"female","Christchurch, New Zealand","2025-10-01","positivo","it very good got e every music i want",0,"high quality | streaming services | dolby atmos | using tidal | quality audio",0.125,0.125,0.125,0.125,0.125,0.125,0.125,0.125
13450,"Great service. Gave some feedback in my previous review and they listened. Awesome.",5,"female","Asunción, Paraguay","2025-07-30","positivo","great service gave some feedback in my previous review and they listened awesome",0,"high quality | streaming services | dolby atmos | using tidal | quality audio",0.125,0.125,0.125,0.125,0.125,0.125,0.125,0.125
13460,"Amazing audio quality on my hi-res earbuds.",5,"female","Buenos Aires, Argentina","2025-08-23","positivo","amazing audio quality on my hi res earbuds",6,"pay artists | audio quality | hi fi | worth money | spotify any day",0.0156,0.0156,0.0156,0.0156,0.0156,0.0156,0.8906,0.0156
13481,"A lil light on flatts and scruggs lol. Missing a few things I like. Music quality is great. Much better than spotify",5,"female","La Paz, Bolivia","2025-08-24","positivo","a lil light on flatts and scruggs lol missing a few things i like music quality is great much better than spotify",5,"actually pay artists | spotify premium | less enjoyable | search find need | quality difference",0.025,0.0251,0.025,0.025,0.025,0.8249,0.025,0.025
13495,"This app getting undeserved hate. The devs put their heart into it and you can see it in the progress, with also lovely update notes. Few reasons why TIDAL is superior compared to other streaming platforms: A: Incomparably good sound quality B: Great royalties, especially supporting small upcoming artists C: Was (if still is not) one of first streaming platforms to discount and support customers with 'lower income' (e.g. students)",5,"female","São Paulo, Brazil","2025-05-16","positivo","this app getting undeserved hate the devs put their heart into it and you can see it in the progress with also lovely update notes few reasons why tidal is superior compared to other streaming platforms a incomparably good sound quality b great royalties especially supporting small upcoming artists c was if still is not one of first streaming platforms to discount and support customers with lower income e g students",6,"pay artists | audio quality | hi fi | worth money | spotify any day",0.025,0.025,0.025,0.425,0.025,0.025,0.425,0.025
13506,"Love the app, but it's been weird lately. Too many Bugs",5,"female","Brisbane, Australia","2025-10-16","positivo","love the app but it s been weird lately too many bugs",0,"high quality | streaming services | dolby atmos | using tidal | quality audio",0.125,0.125,0.125,0.125,0.125,0.125,0.125,0.125
13513,"Wow the songs actually sound better!",5,"female","Perth, Australia","2025-09-04","positivo","wow the songs actually sound better",0,"high quality | streaming services | dolby atmos | using tidal | quality audio",0.125,0.125,0.125,0.125,0.125,0.125,0.125,0.125
13516,"The next update, you should try to make it so you can request lyrics. All together love the app.",5,"female","Port Moresby, Papua New Guinea","2025-10-02","positivo","the next update you should try to make it so you can request lyrics all together love the app",0,"high quality | streaming services | dolby atmos | using tidal | quality audio",0.125,0.125,0.125,0.125,0.125,0.125,0.125,0.125
13517,"I love this app it has the best songs I love it 5 stars ⭐✨⭐",5,"female","Wellington, New Zealand","2025-10-07","positivo","i love this app it has the best songs i love it stars",0,"high quality | streaming services | dolby atmos | using tidal | quality audio",0.125,0.125,0.125,0.125,0.125,0.125,0.125,0.125
13525,"Excellent streaming service for hi res, extensive library and presentation. The daily finds for me are spot on to my tastes. Loving it!",5,"female","Melbourne, Australia","2025-11-13","positivo","excellent streaming service for hi res extensive library and presentation the daily finds for me are spot on to my tastes loving it",4,"go back | tidal connect | best streaming service | streaming service quality | quality streaming",0.0417,0.0417,0.0417,0.0417,0.375,0.0417,0.375,0.0417
13526,"Best music app I've ever used. Much better than YouTube music.",5,"female","Auckland, New Zealand","2025-10-10","positivo","best music app i ve ever used much better than youtube music",0,"high quality | streaming services | dolby atmos | using tidal | quality audio",0.5624,0.0625,0.0625,0.0626,0.0625,0.0625,0.0625,0.0625
13552,"I've been enjoying Tidal much more since I upgraded my subscription to the HIFI Plus. What a world of difference in the quality of the sound, the play, and the whole feeling of a track when it's played. In my business, that makes or breaks you. I'm grateful that I read onto enhance my subscription and it goes beyond saying it pairs well with my Dolby Atmos registered device. And, hanging a jammin set of headphones completes the sound that flow through my mind.... 🌸",5,"female","Denver, United States","2025-04-18","positivo","i ve been enjoying tidal much more since i upgraded my subscription to the hifi plus what a world of difference in the quality of the sound the play and the whole feeling of a track when it s played in my business that makes or breaks you i m grateful that i read onto enhance my subscription and it goes beyond saying it pairs well with my dolby atmos registered device and hanging a jammin set of headphones completes the sound that flow through my mind",0,"high quality | streaming services | dolby atmos | using tidal | quality audio",0.3524,0.0179,0.3036,0.0179,0.0179,0.0179,0.0179,0.2547
13556,"I have to say i love this app, the Loseless audio is the best and for ppl like me that doesn't use appl devices for appl music this is your best choice",5,"female","Adelaide, Australia","2025-09-09","positivo","i have to say i love this app the loseless audio is the best and for ppl like me that doesn t use appl devices for appl music this is your best choice",0,"high quality | streaming services | dolby atmos | using tidal | quality audio",0.125,0.125,0.125,0.125,0.125,0.125,0.125,0.125
13567,"I love the app. The UI is beautiful and I really like the recommendations that the app give me",5,"female","Fortaleza, Brazil","2025-08-25","positivo","i love the app the ui is beautiful and i really like the recommendations that the app give me",0,"high quality | streaming services | dolby atmos | using tidal | quality audio",0.125,0.125,0.125,0.125,0.125,0.125,0.125,0.125
13571,"I love the app. Easy to use a great quality of music.",5,"female","Valparaíso, Chile","2025-06-27","positivo","i love the app easy to use a great quality of music",3,"then made | spotify then | through day | spotify tidal | streaming platform",0.0625,0.0625,0.0625,0.5625,0.0625,0.0625,0.0625,0.0625
13581,"Tidal is the best streaming app, but it is desperately missing the little icon at the right side of the screen for QUICK scrolling thru your library that you can use on Spotify for example. It takes too long to swipe up over and over to move through your album library or playlists.",5,"female","Nadi, Fiji","2025-10-31","positivo","tidal is the best streaming app but it is desperately missing the little icon at the right side of the screen for quick scrolling thru your library that you can use on spotify for example it takes too long to swipe up over and over to move through your album library or playlists",4,"go back | tidal connect | best streaming service | streaming service quality | quality streaming",0.025,0.025,0.025,0.025,0.825,0.025,0.025,0.025
13593,"Well what can I say this app is one of the best music app I've come across, the sound quality and the All the New update is actually amazing this app is actually nice I'll give it all stars",5,"female","Monterrey, Mexico","2025-04-14","positivo","well what can i say this app is one of the best music app i ve come across the sound quality and the all the new update is actually amazing this app is actually nice i ll give it all stars",5,"actually pay artists | spotify premium | less enjoyable | search find need | quality difference",0.0417,0.0417,0.0417,0.0417,0.0417,0.7082,0.0417,0.0417
13604,"Great UI and high sound quality. Creating and accessing playlists should be much easier to do.",5,"female","Christchurch, New Zealand","2025-10-12","positivo","great ui and high sound quality creating and accessing playlists should be much easier to do",0,"high quality | streaming services | dolby atmos | using tidal | quality audio",0.5625,0.0625,0.0625,0.0625,0.0625,0.0625,0.0625,0.0625
13618,"The Tidal App is great and continues to get upgrades like lyrics and suggested similar tracks. The MQA over WiFi using my NAD Node to stream to my stereo is the best music quality I've ever heard at home. Thanks so much for supporting quality. I also like that $2 goes to the artist who I listen to the most each month. I hope you find other ways to support artists.",5,"female","Brisbane, Australia","2025-09-28","positivo","the tidal app is great and continues to get upgrades like lyrics and suggested similar tracks the mqa over wifi using my nad node to stream to my stereo is the best music quality i ve ever heard at home thanks so much for supporting quality i also like that goes to the artist who i listen to the most each month i hope you find other ways to support artists",7,"actually pay | slows things down | support artists | android auto | awesome selection",0.0313,0.0313,0.2812,0.0313,0.0313,0.0313,0.0313,0.5312
13619,"Back to tidal after a 12 month gap & it's much improved. Streaming from bubble upnp to a Cambridge Audio NP30 streamer - a year ago glitches & drop outs drove me to despair. Now, smooth as teflon coated ice-high resolution bliss.",5,"female","Gold Coast, Australia","2025-11-14","positivo","back to tidal after a month gap it s much improved streaming from bubble upnp to a cambridge audio np streamer a year ago glitches drop outs drove me to despair now smooth as teflon coated ice high resolution bliss",3,"then made | spotify then | through day | spotify tidal | streaming platform",0.0208,0.0208,0.0208,0.6875,0.0208,0.0208,0.1875,0.0208
13620,"Great sound quality and supports the artists you listen to the most.",5,"female","Nadi, Fiji","2025-12-21","positivo","great sound quality and supports the artists you listen to the most",0,"high quality | streaming services | dolby atmos | using tidal | quality audio",0.375,0.0417,0.0417,0.0417,0.0417,0.0417,0.0417,0.375
13622,"Best app so far, kills Apple music and Spotify",5,"female","Wellington, New Zealand","2025-10-18","positivo","best app so far kills apple music and spotify",3,"then made | spotify then | through day | spotify tidal | streaming platform",0.0417,0.375,0.0417,0.375,0.0417,0.0417,0.0417,0.0417
13624,"Fantastic app for all kind of music for me especially Jazz music amazing love it!",5,"female","Nadi, Fiji","2025-09-09","positivo","fantastic app for all kind of music for me especially jazz music amazing love it",0,"high quality | streaming services | dolby atmos | using tidal | quality audio",0.125,0.125,0.125,0.125,0.125,0.125,0.125,0.125
13628,"Great music App! , I believe it is among the best in the streaming industry. Tidal connect is amazing. Great Job Tidal.",5,"female","Brasília, Brazil","2025-07-31","positivo","great music app i believe it is among the best in the streaming industry tidal connect is amazing great job tidal",4,"go back | tidal connect | best streaming service | streaming service quality | quality streaming",0.0313,0.0313,0.0313,0.0313,0.5313,0.0313,0.2812,0.0313
13630,"For me, this app is phenomenal. It's honestly like I was listening to music the wrong way. The highest subscription is a bit expensive, but with a student discount, it was much cheaper. I'm still figuring out some things , but there seems to be a lot of options and various settings you can manage. Personally I would def reccomend!",5,"female","Caracas, Venezuela","2025-06-13","positivo","for me this app is phenomenal it s honestly like i was listening to music the wrong way the highest subscription is a bit expensive but with a student discount it was much cheaper i m still figuring out some things but there seems to be a lot of options and various settings you can manage personally i would def reccomend",3,"then made | spotify then | through day | spotify tidal | streaming platform",0.0417,0.375,0.0417,0.375,0.0417,0.0417,0.0417,0.0417
13654,"Superb quality of sound",5,"female","Rio de Janeiro, Brazil","2025-07-04","positivo","superb quality of sound",7,"actually pay | slows things down | support artists | android auto | awesome selection",0.0625,0.0625,0.0625,0.0625,0.0625,0.0625,0.0625,0.5625
13661,"I wish I could categorize my albums with custom categories. Right now I can only heart or not. How about 'listen to again ' or a que for albums I have yet to listen to. I favor an album before I listen mainly as a rudimentary book mark",5,"female","São Paulo, Brazil","2025-08-14","positivo","i wish i could categorize my albums with custom categories right now i can only heart or not how about listen to again or a que for albums i have yet to listen to i favor an album before i listen mainly as a rudimentary book mark",0,"high quality | streaming services | dolby atmos | using tidal | quality audio",0.125,0.125,0.125,0.125,0.125,0.125,0.125,0.125
13664,"It could be nice to have the option to upload your own flac music.",5,"female","Philadelphia, United States","2025-05-05","positivo","it could be nice to have the option to upload your own flac music",0,"high quality | streaming services | dolby atmos | using tidal | quality audio",0.125,0.125,0.125,0.125,0.125,0.125,0.125,0.125
13667,"Absolutely love Tidal. The variety of music, undiscovered artists, and the playlist built based on your interests makes this app the best. You can literally search for a song and let Tidal do the rest. It's perfect for music fans.",5,"female","New York, United States","2025-04-16","positivo","absolutely love tidal the variety of music undiscovered artists and the playlist built based on your interests makes this app the best you can literally search for a song and let tidal do the rest it s perfect for music fans",0,"high quality | streaming services | dolby atmos | using tidal | quality audio",0.125,0.125,0.125,0.125,0.125,0.125,0.125,0.125
13670,"Awesome music selection and they actually pay the artists something decent.",5,"female","Jacksonville, United States","2025-05-01","positivo","awesome music selection and they actually pay the artists something decent",7,"actually pay | slows things down | support artists | android auto | awesome selection",0.025,0.025,0.025,0.025,0.025,0.225,0.225,0.425
13690,"Musically and lyrically brilliant and resonates so deep my blood trembles.",5,"female","Salvador, Brazil","2025-05-21","positivo","musically and lyrically brilliant and resonates so deep my blood trembles",0,"high quality | streaming services | dolby atmos | using tidal | quality audio",0.125,0.125,0.125,0.125,0.125,0.125,0.125,0.125
13695,"This app is the best listen off line",5,"female","Montevideo, Uruguay","2025-08-29","positivo","this app is the best listen off line",7,"actually pay | slows things down | support artists | android auto | awesome selection",0.0625,0.0625,0.0625,0.0625,0.0625,0.0625,0.0625,0.5625
13701,"Absolutely fantastic choice for music. App logs me out a few times a month. It's not a huge dela except when it happens while driving. Overall A+ way to get your music fix.",5,"female","Perth, Australia","2025-10-03","positivo","absolutely fantastic choice for music app logs me out a few times a month it s not a huge dela except when it happens while driving overall a way to get your music fix",3,"then made | spotify then | through day | spotify tidal | streaming platform",0.0417,0.0417,0.0417,0.3751,0.0417,0.0417,0.0417,0.3749
13703,"best streaming service hands down. also the cheapest when you're a student. great for discovery. heed my words I love tidal",5,"female","Canberra, Australia","2025-10-13","positivo","best streaming service hands down also the cheapest when you re a student great for discovery heed my words i love tidal",4,"go back | tidal connect | best streaming service | streaming service quality | quality streaming",0.0156,0.0156,0.0156,0.0156,0.8906,0.0156,0.0156,0.0156
13721,"Does anyone know what I can do? Do the artists I follow uncheck themselves when I check their artist profiles? I don't know if it's just me, but I click ""follow"" on my favorite artists and the next day they appear as if they were no longer my favorites and it allows me to mark them again like that, no matter how many times it unmark them by itself From what I've read on forums like Reddit, it doesn't sync information between devices, but I'm only using one device!!!!!!",5,"female","Denver, United States","2025-04-14","positivo","does anyone know what i can do do the artists i follow uncheck themselves when i check their artist profiles i don t know if it s just me but i click follow on my favorite artists and the next day they appear as if they were no longer my favorites and it allows me to mark them again like that no matter how many times it unmark them by itself from what i ve read on forums like reddit it doesn t sync information between devices but i m only using one device",2,"best quality | tidal spotify | gets frustrating while | having same | switched spotify",0.2812,0.2813,0.2813,0.0313,0.0313,0.0313,0.0313,0.0313
13728,"Amazing, brilliant app, good quality downloads for offline listening. Great alrounder.",5,"female","Hobart, Australia","2025-10-15","positivo","amazing brilliant app good quality downloads for offline listening great alrounder",0,"high quality | streaming services | dolby atmos | using tidal | quality audio",0.5313,0.2812,0.0313,0.0313,0.0313,0.0313,0.0313,0.0313
13730,"Playlists are better than Spotify",5,"female","Port Moresby, Papua New Guinea","2025-09-19","positivo","playlists are better than spotify",1,"better spotify | master quality | about seconds | spotify where | back spotify",0.0625,0.5625,0.0625,0.0625,0.0625,0.0625,0.0625,0.0625
13739,"The app is very good.",5,"female","Buenos Aires, Argentina","2025-07-07","positivo","the app is very good",0,"high quality | streaming services | dolby atmos | using tidal | quality audio",0.125,0.125,0.125,0.125,0.125,0.125,0.125,0.125
13740,"From some point in time Windows tidal app, during startup, keeps asking to change audio output because it found some other MQA device and then made change to default audio output! After that i need to change preferences like it was before... Please, don't ask me no more to change it because i just want to turn on app and to listen music like as i did the day before!",5,"female","Nadi, Fiji","2025-09-23","positivo","from some point in time windows tidal app during startup keeps asking to change audio output because it found some other mqa device and then made change to default audio output after that i need to change preferences like it was before please don t ask me no more to change it because i just want to turn on app and to listen music like as i did the day before",3,"then made | spotify then | through day | spotify tidal | streaming platform",0.0417,0.0417,0.0417,0.7083,0.0417,0.0417,0.0417,0.0417
13743,"I just loved it.",5,"female","Perth, Australia","2025-10-29","positivo","i just loved it",0,"high quality | streaming services | dolby atmos | using tidal | quality audio",0.125,0.125,0.125,0.125,0.125,0.125,0.125,0.125
13750,"Some of us do love music, listen in this app and tell me you dont feel, hear and sense the differ in the sound. No matter what music is playing, this is the HD of sound era. Started at Tidal. Thnk u!",5,"female","São Paulo, Brazil","2025-08-19","positivo","some of us do love music listen in this app and tell me you dont feel hear and sense the differ in the sound no matter what music is playing this is the hd of sound era started at tidal thnk u",0,"high quality | streaming services | dolby atmos | using tidal | quality audio",0.125,0.125,0.125,0.125,0.125,0.125,0.125,0.125
13757,"Better quality for me and the artists",5,"female","Santa Cruz, Bolivia","2025-08-10","positivo","better quality for me and the artists",5,"actually pay artists | spotify premium | less enjoyable | search find need | quality difference",0.0417,0.0417,0.375,0.0417,0.0417,0.375,0.0417,0.0417
13758,"I'll never stop using TiDAL. 🎧🎶",5,"female","Santiago, Chile","2025-07-20","positivo","i ll never stop using tidal",0,"high quality | streaming services | dolby atmos | using tidal | quality audio",0.5625,0.0625,0.0625,0.0625,0.0625,0.0625,0.0625,0.0625
13761,"Best sound, true to the culture & pays the most to the Artist... Tidal's the best music streaming service in the game!!! ✔💯",5,"female","Fortaleza, Brazil","2025-06-17","positivo","best sound true to the culture pays the most to the artist tidal s the best music streaming service in the game",4,"go back | tidal connect | best streaming service | streaming service quality | quality streaming",0.0139,0.0139,0.0139,0.0139,0.9028,0.0139,0.0139,0.0139
13762,"Really easy to use and very large library, recommend this over other music streaming services.",5,"female","Bogotá, Colombia","2025-09-01","positivo","really easy to use and very large library recommend this over other music streaming services",0,"high quality | streaming services | dolby atmos | using tidal | quality audio",0.375,0.0417,0.0417,0.0417,0.375,0.0417,0.0417,0.0417
13772,"best music service put there",5,"female","Rio de Janeiro, Brazil","2025-05-19","positivo","best music service put there",5,"actually pay artists | spotify premium | less enjoyable | search find need | quality difference",0.0625,0.0625,0.0625,0.0625,0.0625,0.5625,0.0625,0.0625
13777,"Sounds great I listen with my boise earphones and Harmon Kardon bluetooth speakers. Master quality the best. HIFI and Master quality just pure crisp clean sound.",5,"female","Medellín, Colombia","2025-07-25","positivo","sounds great i listen with my boise earphones and harmon kardon bluetooth speakers master quality the best hifi and master quality just pure crisp clean sound",1,"better spotify | master quality | about seconds | spotify where | back spotify",0.0179,0.7322,0.0179,0.0179,0.1606,0.0179,0.0179,0.0179
13778,"The only thing I need is the Playstation app.",5,"female","La Paz, Bolivia","2025-08-05","positivo","the only thing i need is the playstation app",0,"high quality | streaming services | dolby atmos | using tidal | quality audio",0.125,0.125,0.125,0.125,0.125,0.125,0.125,0.125
13781,"User friendly App, great sound, good selection of music.",5,"female","Adelaide, Australia","2025-10-04","positivo","user friendly app great sound good selection of music",7,"actually pay | slows things down | support artists | android auto | awesome selection",0.0625,0.0625,0.0625,0.0625,0.0625,0.0625,0.0625,0.5625
13789,"Great musical listings, and I like that they pay the artist 3x more than Spotify. It'd be convenient if they had I heart media podcasts but that apps free so no problem really.",5,"female","Santa Cruz, Bolivia","2025-06-12","positivo","great musical listings and i like that they pay the artist x more than spotify it d be convenient if they had i heart media podcasts but that apps free so no problem really",7,"actually pay | slows things down | support artists | android auto | awesome selection",0.0625,0.0625,0.0625,0.0625,0.0625,0.0625,0.0625,0.5625
13793,"Great sounding music but its too expensive.",5,"female","Washington DC, United States","2025-04-21","positivo","great sounding music but its too expensive",0,"high quality | streaming services | dolby atmos | using tidal | quality audio",0.125,0.125,0.125,0.125,0.125,0.125,0.125,0.125
13794,"Great song selection loving it",5,"female","Dallas, United States","2025-04-09","positivo","great song selection loving it",0,"high quality | streaming services | dolby atmos | using tidal | quality audio",0.125,0.125,0.125,0.125,0.125,0.125,0.125,0.125
13797,"playlist keeps playing,no spinning!",5,"female","Brisbane, Australia","2025-10-02","positivo","playlist keeps playing no spinning",0,"high quality | streaming services | dolby atmos | using tidal | quality audio",0.125,0.125,0.125,0.125,0.125,0.125,0.125,0.125
13801,"best music app iv used love it, the quality is just better especially when using plex on hifi speakers. good job 👊",5,"female","Queenstown, New Zealand","2025-09-15","positivo","best music app iv used love it the quality is just better especially when using plex on hifi speakers good job",5,"actually pay artists | spotify premium | less enjoyable | search find need | quality difference",0.0625,0.0625,0.0625,0.0625,0.0625,0.5625,0.0625,0.0625
13805,"TIDAL AND THE CARTERS GET THE GOOD MUSIC ON MY SMARTPHONE",5,"female","Nadi, Fiji","2025-09-10","positivo","tidal and the carters get the good music on my smartphone",0,"high quality | streaming services | dolby atmos | using tidal | quality audio",0.125,0.125,0.125,0.125,0.125,0.125,0.125,0.125
13812,"Good stuff. And Fair to artists.",5,"female","Phoenix, United States","2025-04-07","positivo","good stuff and fair to artists",0,"high quality | streaming services | dolby atmos | using tidal | quality audio",0.125,0.125,0.125,0.125,0.125,0.125,0.125,0.125
13821,"Pretty much Spotify, but superior in every way, aside of the algorithm for new stuff. Still good, but something I have to admit. Audio quality and fairness towards artists is king in every way though.",5,"female","Guayaquil, Ecuador","2025-07-18","positivo","pretty much spotify but superior in every way aside of the algorithm for new stuff still good but something i have to admit audio quality and fairness towards artists is king in every way though",6,"pay artists | audio quality | hi fi | worth money | spotify any day",0.0625,0.0625,0.0625,0.0625,0.0625,0.0625,0.5625,0.0625
13833,"I listen to older music. The sound is awesome! On my headphones it's not just crystal clear. But I can hear other sounds and instruments. It's by far the best music app there is. I love it!",5,"female","Jacksonville, United States","2025-05-08","positivo","i listen to older music the sound is awesome on my headphones it s not just crystal clear but i can hear other sounds and instruments it s by far the best music app there is i love it",2,"best quality | tidal spotify | gets frustrating while | having same | switched spotify",0.0313,0.2812,0.5313,0.0313,0.0313,0.0313,0.0313,0.0313
13843,"Best thing since God invented the ford sledgehammer",5,"female","Queenstown, New Zealand","2025-10-27","positivo","best thing since god invented the ford sledgehammer",0,"high quality | streaming services | dolby atmos | using tidal | quality audio",0.125,0.125,0.125,0.125,0.125,0.125,0.125,0.125
13851,"Very good music app",5,"female","Adelaide, Australia","2025-11-26","positivo","very good music app",0,"high quality | streaming services | dolby atmos | using tidal | quality audio",0.125,0.125,0.125,0.125,0.125,0.125,0.125,0.125
13859,"Best music app if you want high sound quality. Tidal Connect will make it easier to use when you have a couple of streamers around. Lately there have been issues with certain MQA tracks,which have short interruption and noises when played back. 44khz/16bit material is OK though... ...Tidal Connect is there,issues solved ,so 5 stars",5,"female","Gold Coast, Australia","2025-09-14","positivo","best music app if you want high sound quality tidal connect will make it easier to use when you have a couple of streamers around lately there have been issues with certain mqa tracks which have short interruption and noises when played back khz bit material is ok though tidal connect is there issues solved so stars",4,"go back | tidal connect | best streaming service | streaming service quality | quality streaming",0.2133,0.0208,0.0208,0.0208,0.6617,0.0208,0.0208,0.0208
13864,"LOVE Best overall for music streaming: #1 Hifi definition audio also #1 Pays artists more fairly than the larger corporate platforms. Zero issues with the app or website (so far), *definitely* worth the monthly fee. I first tried a competitor who also paid artists more, but their app didn't work properly with my two (older Samsung) phones.",5,"female","Auckland, New Zealand","2025-10-06","positivo","love best overall for music streaming hifi definition audio also pays artists more fairly than the larger corporate platforms zero issues with the app or website so far definitely worth the monthly fee i first tried a competitor who also paid artists more but their app didn t work properly with my two older samsung phones",4,"go back | tidal connect | best streaming service | streaming service quality | quality streaming",0.1607,0.0179,0.0179,0.0179,0.4464,0.0179,0.3036,0.0179
13866,"Quality sound, fast response app",5,"female","Arequipa, Peru","2025-07-25","positivo","quality sound fast response app",0,"high quality | streaming services | dolby atmos | using tidal | quality audio",0.125,0.125,0.125,0.125,0.125,0.125,0.125,0.125
13870,"The best in town.....!!!!",5,"female","Montevideo, Uruguay","2025-06-21","positivo","the best in town",0,"high quality | streaming services | dolby atmos | using tidal | quality audio",0.125,0.125,0.125,0.125,0.125,0.125,0.125,0.125
13871,"Great quality not just for headphones but sound bars or sound systems as well.",5,"female","Queenstown, New Zealand","2025-11-04","positivo","great quality not just for headphones but sound bars or sound systems as well",0,"high quality | streaming services | dolby atmos | using tidal | quality audio",0.5625,0.0625,0.0625,0.0625,0.0625,0.0625,0.0625,0.0625
13887,"U don't have to use the monopoly google ( please notice,,,small g * l Not Sure...r my Answers! David Lee RV Guy... Today is Anti - Democracy InSurenction Day.* Please copy and paste and all your Communications! The New ReVot StartS To Day*",5,"female","San Diego, United States","2025-05-05","positivo","u don t have to use the monopoly google please notice small g l not sure r my answers david lee rv guy today is anti democracy insurenction day please copy and paste and all your communications the new revot starts to day",6,"pay artists | audio quality | hi fi | worth money | spotify any day",0.0625,0.0625,0.0625,0.0625,0.0625,0.0625,0.5625,0.0625
13892,"The best music streaming app out there.",5,"female","Perth, Australia","2025-10-14","positivo","the best music streaming app out there",4,"go back | tidal connect | best streaming service | streaming service quality | quality streaming",0.0625,0.0625,0.0625,0.0625,0.5625,0.0625,0.0625,0.0625
13896,"The Playlist are off the hook!!!",5,"female","Guayaquil, Ecuador","2025-08-06","positivo","the playlist are off the hook",0,"high quality | streaming services | dolby atmos | using tidal | quality audio",0.125,0.125,0.125,0.125,0.125,0.125,0.125,0.125
13902,"Tremendous experience but please expand library.",5,"female","Salvador, Brazil","2025-09-02","positivo","tremendous experience but please expand library",0,"high quality | streaming services | dolby atmos | using tidal | quality audio",0.125,0.125,0.125,0.125,0.125,0.125,0.125,0.125
13907,"Awesome for sure. That's why I keep paying for it!",5,"female","Rio de Janeiro, Brazil","2025-06-23","positivo","awesome for sure that s why i keep paying for it",0,"high quality | streaming services | dolby atmos | using tidal | quality audio",0.125,0.125,0.125,0.125,0.125,0.125,0.125,0.125
13921,"Always been the best music app for audiophiles.. However the others are finally acknowledging this selling point... Meanwhile at the same time Tidal took forever to finally provide us in-app lyrics... With apps now offering simular features, I have to say.. Tidals recommended music algorithm is UNDEFEATED, Tidal put me on to so much new heat, they've put me on to more new heat than anyone else could ever, fr the algorithm doesn't miss (DON'T F IT UP).. Also USB DAC passthrough features also 🔥",5,"female","Perth, Australia","2025-11-29","positivo","always been the best music app for audiophiles however the others are finally acknowledging this selling point meanwhile at the same time tidal took forever to finally provide us in app lyrics with apps now offering simular features i have to say tidals recommended music algorithm is undefeated tidal put me on to so much new heat they ve put me on to more new heat than anyone else could ever fr the algorithm doesn t miss don t f it up also usb dac passthrough features also",0,"high quality | streaming services | dolby atmos | using tidal | quality audio",0.3542,0.0208,0.1875,0.1875,0.0208,0.0208,0.1875,0.0208
13930,"I really enjoy using this app for music. The sound quality is fantastic. I suggest wired headphones, though, because that's how the sound comes through best. The app does take up a lot more space than I expected, but this could be reduced for lower quality sound if I needed it. I've never been unable to listen to a download with TIDAL. Often, with Spotify, I'd have no service, and suddenly, my downloaded Playlist wouldn't play. It's very nice to have high-quality music with a good, reliable UI.",5,"female","Auckland, New Zealand","2025-10-23","positivo","i really enjoy using this app for music the sound quality is fantastic i suggest wired headphones though because that s how the sound comes through best the app does take up a lot more space than i expected but this could be reduced for lower quality sound if i needed it i ve never been unable to listen to a download with tidal often with spotify i d have no service and suddenly my downloaded playlist wouldn t play it s very nice to have high quality music with a good reliable ui",0,"high quality | streaming services | dolby atmos | using tidal | quality audio",0.7236,0.0179,0.1692,0.0179,0.0179,0.0179,0.0179,0.0179
13932,"I'm very happy with Tidal and the app. It's very easy to use and it just works. I've experienced issues with Android Auto playback on other services, but never on Tidal. Well done and thank you.",5,"female","Brisbane, Australia","2025-09-29","positivo","i m very happy with tidal and the app it s very easy to use and it just works i ve experienced issues with android auto playback on other services but never on tidal well done and thank you",7,"actually pay | slows things down | support artists | android auto | awesome selection",0.0313,0.0313,0.0313,0.0313,0.0313,0.0313,0.0313,0.7812
13933,"I love Tidal. I don't have a lot of issues. It does randomly stop playin music sometimes but I just turn it back on...it could also be a connection issue...but I love it.",5,"female","Canberra, Australia","2025-11-01","positivo","i love tidal i don t have a lot of issues it does randomly stop playin music sometimes but i just turn it back on it could also be a connection issue but i love it",1,"better spotify | master quality | about seconds | spotify where | back spotify",0.0625,0.5625,0.0625,0.0625,0.0625,0.0625,0.0625,0.0625
13941,"It's great it's amazing the fact that we giving back artists what they, deserve and more, the experience. Continue this route and more shall come your way. ZULU 🇿🇦",5,"female","Port Moresby, Papua New Guinea","2025-10-01","positivo","it s great it s amazing the fact that we giving back artists what they deserve and more the experience continue this route and more shall come your way zulu",0,"high quality | streaming services | dolby atmos | using tidal | quality audio",0.125,0.125,0.125,0.125,0.125,0.125,0.125,0.125
13946,"Tidal is best for online music streaming, I love to use this app for listening music and sing along with Lyrics feature, Smooth UI and audio quality is very high.",5,"female","Melbourne, Australia","2025-12-02","positivo","tidal is best for online music streaming i love to use this app for listening music and sing along with lyrics feature smooth ui and audio quality is very high",0,"high quality | streaming services | dolby atmos | using tidal | quality audio",0.6249,0.025,0.025,0.025,0.225,0.025,0.0251,0.025
13965,"Absolutely amazing. The sound quality is top-tier if you have the equipment/sound for the audio to shine. Definitely worth the price. Especially if you can get the military discount",5,"female","Queenstown, New Zealand","2025-12-24","positivo","absolutely amazing the sound quality is top tier if you have the equipment sound for the audio to shine definitely worth the price especially if you can get the military discount",0,"high quality | streaming services | dolby atmos | using tidal | quality audio",0.5156,0.0156,0.0156,0.0156,0.1406,0.0156,0.2657,0.0156
13968,"I would say that I kinda prefer Tidal than Spotify, for sound quality",5,"female","Brisbane, Australia","2025-12-07","positivo","i would say that i kinda prefer tidal than spotify for sound quality",2,"best quality | tidal spotify | gets frustrating while | having same | switched spotify",0.025,0.025,0.6251,0.025,0.025,0.025,0.025,0.2249
13971,"Premium sound quality. Great selection",5,"female","Lima, Peru","2025-06-14","positivo","premium sound quality great selection",3,"then made | spotify then | through day | spotify tidal | streaming platform",0.0417,0.0417,0.0417,0.375,0.0417,0.0417,0.0417,0.3749
13972,"From Mumbai, India but nothing beats Tidal. Have subscriptions to all the music apps but Tidal is cutting edge. Just one request please mention the genre of music on every album. I saw it is visible on Roon but many of us still use the standalone app. I use mconnect on iPhone to get Tidal in India as the app is not available here. On Android it is easy to get the app when you have a VPN.",5,"female","Valparaíso, Chile","2025-08-18","positivo","from mumbai india but nothing beats tidal have subscriptions to all the music apps but tidal is cutting edge just one request please mention the genre of music on every album i saw it is visible on roon but many of us still use the standalone app i use mconnect on iphone to get tidal in india as the app is not available here on android it is easy to get the app when you have a vpn",7,"actually pay | slows things down | support artists | android auto | awesome selection",0.0625,0.0625,0.0625,0.0625,0.0625,0.0625,0.0625,0.5625
13980,"very good UI and no ads",5,"female","Hobart, Australia","2025-11-02","positivo","very good ui and no ads",0,"high quality | streaming services | dolby atmos | using tidal | quality audio",0.125,0.125,0.125,0.125,0.125,0.125,0.125,0.125
13981,"Switched to Tidal months ago after Spotify raised their prices. Tidal has the best algorithm I've come across.",5,"female","Gold Coast, Australia","2025-09-14","positivo","switched to tidal months ago after spotify raised their prices tidal has the best algorithm i ve come across",4,"go back | tidal connect | best streaming service | streaming service quality | quality streaming",0.2727,0.0179,0.0179,0.0179,0.4465,0.0179,0.0179,0.1915
13996,"An amazing app tbh. I find all the songs I want here and the quality is amazing.",5,"female","Valparaíso, Chile","2025-07-19","positivo","an amazing app tbh i find all the songs i want here and the quality is amazing",7,"actually pay | slows things down | support artists | android auto | awesome selection",0.0313,0.0313,0.0313,0.0313,0.2812,0.0313,0.2813,0.2813
14000,"Great sound. selection, in my opinion, is a little low , but excellent choice.",5,"female","Hobart, Australia","2025-10-17","positivo","great sound selection in my opinion is a little low but excellent choice",0,"high quality | streaming services | dolby atmos | using tidal | quality audio",0.125,0.125,0.125,0.125,0.125,0.125,0.125,0.125
14003,"Love the app and having daily discover playlist is awesome!",5,"female","Christchurch, New Zealand","2025-12-23","positivo","love the app and having daily discover playlist is awesome",0,"high quality | streaming services | dolby atmos | using tidal | quality audio",0.125,0.125,0.125,0.125,0.125,0.125,0.125,0.125
14006,"Excellent sound quality. App is very fully featured for music lovers. Only downside is the cost.",5,"female","Quito, Ecuador","2025-07-23","positivo","excellent sound quality app is very fully featured for music lovers only downside is the cost",0,"high quality | streaming services | dolby atmos | using tidal | quality audio",0.7082,0.0417,0.0417,0.0417,0.0417,0.0417,0.0417,0.0417
14008,"Sooo much better quality on hi-fi",5,"female","Rosario, Argentina","2025-08-24","positivo","sooo much better quality on hi fi",6,"pay artists | audio quality | hi fi | worth money | spotify any day",0.0313,0.0313,0.0313,0.0313,0.0313,0.2812,0.5313,0.0313
14013,"I recently switched from Spotify and can definitely hear the difference. However, you should use wired headphones; otherwise, the difference won’t be noticeable over Bluetooth. The shuffle algorithm could be improved, though it’s somewhat better than Spotify’s. One bug I’ve noticed is that I’m getting the same track twice a day, which is quite annoying—I have enough saved tracks for that not to happen. Another thing: shuffle mode should not be activated by default when playing albums. Best.",5,"female","Santa Cruz, Bolivia","2025-05-31","positivo","i recently switched from spotify and can definitely hear the difference however you should use wired headphones otherwise the difference won t be noticeable over bluetooth the shuffle algorithm could be improved though it s somewhat better than spotify s one bug i ve noticed is that i m getting the same track twice a day which is quite annoying i have enough saved tracks for that not to happen another thing shuffle mode should not be activated by default when playing albums best",2,"best quality | tidal spotify | gets frustrating while | having same | switched spotify",0.0139,0.1045,0.6744,0.0139,0.0139,0.1516,0.0139,0.0139
14018,"I've had Pandora for years. And enjoyed it all the way. That's until I discovered Tidal. Tidal gives me the total artist experience. And what I mean by that is, if I choose an artist to play, it plays that artists music and that artist only. Pandora would add in artist that were sometimes not even close to the artist I was playing. And I hate that. That throws me off. I like to keep the vibe going without a lot of skips. And Tidal is doing a damn good job so far. And with a price of $10/mo.",5,"female","Medellín, Colombia","2025-08-02","positivo","i ve had pandora for years and enjoyed it all the way that s until i discovered tidal tidal gives me the total artist experience and what i mean by that is if i choose an artist to play it plays that artists music and that artist only pandora would add in artist that were sometimes not even close to the artist i was playing and i hate that that throws me off i like to keep the vibe going without a lot of skips and tidal is doing a damn good job so far and with a price of mo",3,"then made | spotify then | through day | spotify tidal | streaming platform",0.225,0.025,0.025,0.2251,0.025,0.025,0.225,0.2249
14019,"Amazing platform. Way better than Spotify. (In terms of audio quality)",5,"female","Brisbane, Australia","2025-12-27","positivo","amazing platform way better than spotify in terms of audio quality",0,"high quality | streaming services | dolby atmos | using tidal | quality audio",0.5311,0.2813,0.0313,0.0313,0.0313,0.0313,0.0314,0.0313
14024,"I love the app. I never have an issue with it not functioning properly or anything like that. It's great.",5,"female","Cali, Colombia","2025-07-26","positivo","i love the app i never have an issue with it not functioning properly or anything like that it s great",0,"high quality | streaming services | dolby atmos | using tidal | quality audio",0.125,0.125,0.125,0.125,0.125,0.125,0.125,0.125
14040,"Tidal is one of the best music app ever. But there's one thing, I can't be able to play the music I've downloaded already when I am off line. I don't know why?",5,"female","Brasília, Brazil","2025-08-21","positivo","tidal is one of the best music app ever but there s one thing i can t be able to play the music i ve downloaded already when i am off line i don t know why",4,"go back | tidal connect | best streaming service | streaming service quality | quality streaming",0.0417,0.0417,0.0417,0.0417,0.375,0.0417,0.0417,0.375
14044,"With decent headphones/earbuds you really CAN hear the difference... Go on, treat yourself 🎧",5,"female","Montevideo, Uruguay","2025-06-18","positivo","with decent headphones earbuds you really can hear the difference go on treat yourself",5,"actually pay artists | spotify premium | less enjoyable | search find need | quality difference",0.375,0.0417,0.0417,0.0417,0.0417,0.375,0.0417,0.0417
14046,"Enjoy the HD plan. Great sound quality, easy casting.",5,"female","Wellington, New Zealand","2025-10-31","positivo","enjoy the hd plan great sound quality easy casting",6,"pay artists | audio quality | hi fi | worth money | spotify any day",0.0625,0.0625,0.0625,0.0625,0.0625,0.0625,0.5625,0.0625
14079,"Lots of great songs. Just search and enjoy!",5,"female","Asunción, Paraguay","2025-05-11","positivo","lots of great songs just search and enjoy",0,"high quality | streaming services | dolby atmos | using tidal | quality audio",0.125,0.125,0.125,0.125,0.125,0.125,0.125,0.125
14080,"They say music is the universal language. Tidal has a language for all. This is well organized and thought out. The best music app available in my opinion.",5,"female","Denver, United States","2025-04-16","positivo","they say music is the universal language tidal has a language for all this is well organized and thought out the best music app available in my opinion",0,"high quality | streaming services | dolby atmos | using tidal | quality audio",0.5625,0.0625,0.0625,0.0625,0.0625,0.0625,0.0625,0.0625
14082,"Music with no interruption",5,"female","Gold Coast, Australia","2025-12-16","positivo","music with no interruption",0,"high quality | streaming services | dolby atmos | using tidal | quality audio",0.125,0.125,0.125,0.125,0.125,0.125,0.125,0.125
14085,"The only music I listen to!",5,"female","Hobart, Australia","2025-12-22","positivo","the only music i listen to",0,"high quality | streaming services | dolby atmos | using tidal | quality audio",0.125,0.125,0.125,0.125,0.125,0.125,0.125,0.125
14086,"I'm very happy with the service, infrastructure, app and price. I bought a mixed streampro which has several streaming services. Tidal was my 3rd attempt to find a service that works properly. The delivery of content and searching is fast, easy to navigate and make playliats, great selection and price point. 10 out of 10, please don't change, it's perfect.",5,"female","Port Moresby, Papua New Guinea","2025-11-12","positivo","i m very happy with the service infrastructure app and price i bought a mixed streampro which has several streaming services tidal was my rd attempt to find a service that works properly the delivery of content and searching is fast easy to navigate and make playliats great selection and price point out of please don t change it s perfect",0,"high quality | streaming services | dolby atmos | using tidal | quality audio",0.8541,0.0208,0.0208,0.0208,0.0208,0.0209,0.0208,0.0208
14098,"Tidal is by far the best music app",5,"female","Hobart, Australia","2025-09-17","positivo","tidal is by far the best music app",2,"best quality | tidal spotify | gets frustrating while | having same | switched spotify",0.0417,0.0417,0.7083,0.0417,0.0417,0.0417,0.0417,0.0417
14110,"The sound quality using Sony's app for the MX4s is amazing",5,"female","Perth, Australia","2025-09-21","positivo","the sound quality using sony s app for the mxs is amazing",6,"pay artists | audio quality | hi fi | worth money | spotify any day",0.0625,0.0625,0.0625,0.0625,0.0626,0.0625,0.5624,0.0625
14112,"Serious audiophile quality music!",5,"female","Brisbane, Australia","2025-09-07","positivo","serious audiophile quality music",6,"pay artists | audio quality | hi fi | worth money | spotify any day",0.0625,0.0625,0.0625,0.0625,0.0625,0.0625,0.5625,0.0625
14122,"eh, selection isnt there and with +$300·⁰⁰ Earbuds (Sony WF-1000XM4 & Bose QuietComfort 2) the quality difference is unnoticed between this and YouTube Music. The free version is sub-YT Music quality.",5,"female","Suva, Fiji","2025-10-26","positivo","eh selection isnt there and with ⁰⁰ earbuds sony wf xm bose quietcomfort the quality difference is unnoticed between this and youtube music the free version is sub yt music quality",3,"then made | spotify then | through day | spotify tidal | streaming platform",0.025,0.025,0.025,0.625,0.025,0.225,0.025,0.025
14125,"I used to Apple Music and Spotify daily, I can confidently say that this service is better than all of them, the best user interface, the best quality, I hope it will always remain like this.",5,"female","Valparaíso, Chile","2025-05-21","positivo","i used to apple music and spotify daily i can confidently say that this service is better than all of them the best user interface the best quality i hope it will always remain like this",6,"pay artists | audio quality | hi fi | worth money | spotify any day",0.0156,0.0156,0.0157,0.1595,0.0156,0.0156,0.7467,0.0157
14132,"Love it, the dopest music app for the music people",5,"female","Fortaleza, Brazil","2025-05-12","positivo","love it the dopest music app for the music people",0,"high quality | streaming services | dolby atmos | using tidal | quality audio",0.125,0.125,0.125,0.125,0.125,0.125,0.125,0.125
14133,"I love it, Get Tidal",5,"female","Quito, Ecuador","2025-06-22","positivo","i love it get tidal",0,"high quality | streaming services | dolby atmos | using tidal | quality audio",0.125,0.125,0.125,0.125,0.125,0.125,0.125,0.125
14142,"I luv it and now it's in my car...even better",5,"female","Santiago, Chile","2025-07-29","positivo","i luv it and now it s in my car even better",0,"high quality | streaming services | dolby atmos | using tidal | quality audio",0.125,0.125,0.125,0.125,0.125,0.125,0.125,0.125
14143,"High quality sound. Competes with Spotify in a lot of wayam",5,"female","Los Angeles, United States","2025-04-20","positivo","high quality sound competes with spotify in a lot of wayam",0,"high quality | streaming services | dolby atmos | using tidal | quality audio",0.5625,0.0625,0.0625,0.0625,0.0625,0.0625,0.0625,0.0625
14144,"The highest quality music streaming application over ANY other application. Outstanding quality and a very practical user interface. Definitely recommended to music lovers/producers/artists.",5,"female","Quito, Ecuador","2025-06-14","positivo","the highest quality music streaming application over any other application outstanding quality and a very practical user interface definitely recommended to music lovers producers artists",4,"go back | tidal connect | best streaming service | streaming service quality | quality streaming",0.025,0.225,0.025,0.025,0.425,0.025,0.025,0.2249
14146,"Love the app! Easy to use and quality sound. Can't wait for you too add more artist!!",5,"female","Montevideo, Uruguay","2025-07-28","positivo","love the app easy to use and quality sound can t wait for you too add more artist",3,"then made | spotify then | through day | spotify tidal | streaming platform",0.0417,0.0417,0.0417,0.7083,0.0417,0.0417,0.0417,0.0417
14147,"everything is great,but for me theres only one missing major feature that is ability to control the music app on windows or mac os using phones...please make this possible,im almost (ALMOST) wanted to leave spotify because of how great and beautiful the quality is, please add this feature im sure a lot of people would find this helpful! thank you! After 4 months of using this, im more into tidal often then spotify i mean tidal is the only music platform that has DOLBY ATMOS, wow, im so impress!",5,"female","Fortaleza, Brazil","2025-05-27","positivo","everything is great but for me theres only one missing major feature that is ability to control the music app on windows or mac os using phones please make this possible im almost almost wanted to leave spotify because of how great and beautiful the quality is please add this feature im sure a lot of people would find this helpful thank you after months of using this im more into tidal often then spotify i mean tidal is the only music platform that has dolby atmos wow im so impress",4,"go back | tidal connect | best streaming service | streaming service quality | quality streaming",0.2361,0.125,0.2318,0.0139,0.2361,0.0139,0.1293,0.0139
14157,"Tidal is the best the sound quality is mind blowing sounds incredible on my surround sound system the tidal connect is the best feature gives best sound quality using tidal connect simply the best music streaming app just wanna say tidal I LOVE YOU ❤️",5,"female","Hobart, Australia","2025-12-16","positivo","tidal is the best the sound quality is mind blowing sounds incredible on my surround sound system the tidal connect is the best feature gives best sound quality using tidal connect simply the best music streaming app just wanna say tidal i love you",2,"best quality | tidal spotify | gets frustrating while | having same | switched spotify",0.0723,0.1953,0.3808,0.0078,0.3203,0.0078,0.0078,0.0078
14162,"Best music ap by far. Tried Spotify among others and nothing compares to the perfect mix created by Tidal for you when you pick a song to start. I haven't needed to use anything else in years and was even able to find artists I wasn't sure would be available.",5,"female","Perth, Australia","2025-10-27","positivo","best music ap by far tried spotify among others and nothing compares to the perfect mix created by tidal for you when you pick a song to start i haven t needed to use anything else in years and was even able to find artists i wasn t sure would be available",7,"actually pay | slows things down | support artists | android auto | awesome selection",0.025,0.025,0.025,0.025,0.225,0.025,0.025,0.625
14163,"It has a lot of songs and it's easy to use.",5,"female","Auckland, New Zealand","2025-09-29","positivo","it has a lot of songs and it s easy to use",0,"high quality | streaming services | dolby atmos | using tidal | quality audio",0.125,0.125,0.125,0.125,0.125,0.125,0.125,0.125
14180,"In the process of switching from spotify to this. Works fantastically with the Sony 360 audio and with decent headphones, you can get the most out of the master quality audio streaming",5,"female","Quito, Ecuador","2025-05-13","positivo","in the process of switching from spotify to this works fantastically with the sony audio and with decent headphones you can get the most out of the master quality audio streaming",2,"best quality | tidal spotify | gets frustrating while | having same | switched spotify",0.2656,0.0157,0.3906,0.0156,0.0156,0.2656,0.0156,0.0156
14183,"Best music experience. Tidal masters and atmos plus 3d sound make you feel the music in a way no other app can. Combined with tye best equipment, there is no better way to listen. Family accounts add up to 6 people to listen at the same time for a fraction the cost. 10/10 would recommend. Slight downside the auto playlists created with a single search could be better.",5,"female","Buenos Aires, Argentina","2025-07-01","positivo","best music experience tidal masters and atmos plus d sound make you feel the music in a way no other app can combined with tye best equipment there is no better way to listen family accounts add up to people to listen at the same time for a fraction the cost would recommend slight downside the auto playlists created with a single search could be better",3,"then made | spotify then | through day | spotify tidal | streaming platform",0.2812,0.0313,0.0313,0.2813,0.0313,0.0313,0.2813,0.0313
14184,"Has a lot pf music choices. My kind of music app!",5,"female","Caracas, Venezuela","2025-08-01","positivo","has a lot pf music choices my kind of music app",0,"high quality | streaming services | dolby atmos | using tidal | quality audio",0.125,0.125,0.125,0.125,0.125,0.125,0.125,0.125
14205,"Great quality music and appreciate the military discount.",5,"female","Bogotá, Colombia","2025-08-21","positivo","great quality music and appreciate the military discount",0,"high quality | streaming services | dolby atmos | using tidal | quality audio",0.5625,0.0625,0.0625,0.0625,0.0625,0.0625,0.0625,0.0625
14206,"To be honest not that bad :)",5,"female","Suva, Fiji","2025-12-22","positivo","to be honest not that bad",0,"high quality | streaming services | dolby atmos | using tidal | quality audio",0.125,0.125,0.125,0.125,0.125,0.125,0.125,0.125
14208,"go to app for music, old and new",5,"female","Santiago, Chile","2025-06-08","positivo","go to app for music old and new",0,"high quality | streaming services | dolby atmos | using tidal | quality audio",0.125,0.125,0.125,0.125,0.125,0.125,0.125,0.125
14212,"I love this app.",5,"female","Rio de Janeiro, Brazil","2025-06-05","positivo","i love this app",0,"high quality | streaming services | dolby atmos | using tidal | quality audio",0.125,0.125,0.125,0.125,0.125,0.125,0.125,0.125
14222,"Being a dj I need access to a full library of music from the classics to new releases Tidal is my go to! I've tried a number of streaming services and imo Tidal is the best hands down no questions!",5,"female","Dallas, United States","2025-04-19","positivo","being a dj i need access to a full library of music from the classics to new releases tidal is my go to i ve tried a number of streaming services and imo tidal is the best hands down no questions",7,"actually pay | slows things down | support artists | android auto | awesome selection",0.2656,0.0156,0.0156,0.0156,0.1705,0.0156,0.0157,0.4858
14223,"Love Tidal. I just need to figure out why my subscription went from $9.99 to $19.99 per month. I haven't even checked my settings or anything. Just noticed Tidal on my bank statement and that the charge was different than normal. I'll update once I figure it out. :)",5,"female","Lima, Peru","2025-08-22","positivo","love tidal i just need to figure out why my subscription went from to per month i haven t even checked my settings or anything just noticed tidal on my bank statement and that the charge was different than normal i ll update once i figure it out",2,"best quality | tidal spotify | gets frustrating while | having same | switched spotify",0.0417,0.0417,0.7083,0.0417,0.0417,0.0417,0.0417,0.0417
14226,"Awesome! Quality of sound.",5,"female","Quito, Ecuador","2025-08-01","positivo","awesome quality of sound",7,"actually pay | slows things down | support artists | android auto | awesome selection",0.0625,0.0625,0.0625,0.0625,0.0625,0.0625,0.0625,0.5625
14233,"I love this app so much",5,"female","Asunción, Paraguay","2025-05-28","positivo","i love this app so much",0,"high quality | streaming services | dolby atmos | using tidal | quality audio",0.125,0.125,0.125,0.125,0.125,0.125,0.125,0.125
14236,"Great software, but lacks compatibility. Only on PC and phone, not gaming console, not watch store. PC cannot control music on phone. Software is great, it feels very boujee. More music than spotify. Music experience is elevated with 360 audio on my xm4 and buds2 pro, Dolby goes crazy. I await improvements in the future, but I enjoy the app as it is now.",5,"female","Arequipa, Peru","2025-08-05","positivo","great software but lacks compatibility only on pc and phone not gaming console not watch store pc cannot control music on phone software is great it feels very boujee more music than spotify music experience is elevated with audio on my xm and buds pro dolby goes crazy i await improvements in the future but i enjoy the app as it is now",0,"high quality | streaming services | dolby atmos | using tidal | quality audio",0.125,0.125,0.125,0.125,0.125,0.125,0.125,0.125
14237,"The app keeps shopping/ crashing; thanks, Tidal. I just had to fix my battery settings.",5,"female","Auckland, New Zealand","2025-12-05","positivo","the app keeps shopping crashing thanks tidal i just had to fix my battery settings",2,"best quality | tidal spotify | gets frustrating while | having same | switched spotify",0.0625,0.0625,0.5625,0.0625,0.0625,0.0625,0.0625,0.0625
14248,"Have been using tidal for years...app is user friendly, navigation is easy. Love it.",5,"female","Port Moresby, Papua New Guinea","2025-10-17","positivo","have been using tidal for years app is user friendly navigation is easy love it",0,"high quality | streaming services | dolby atmos | using tidal | quality audio",0.625,0.025,0.025,0.025,0.025,0.025,0.025,0.225
14253,"La diferencia en la claridad de sonido se nota.",5,"female","Christchurch, New Zealand","2025-09-26","positivo","la diferencia en la claridad de sonido se nota",7,"actually pay | slows things down | support artists | android auto | awesome selection",0.0625,0.0625,0.0625,0.0625,0.0625,0.0625,0.0625,0.5625
14261,"Had a sign in issue.. something about my sim card..just hop on a WiFi network .remove your sim card for about a minute, then sign in to your acct, then pop your sim back in...works!!!",5,"female","Nadi, Fiji","2025-12-10","positivo","had a sign in issue something about my sim card just hop on a wifi network remove your sim card for about a minute then sign in to your acct then pop your sim back in works",0,"high quality | streaming services | dolby atmos | using tidal | quality audio",0.8542,0.0208,0.0208,0.0208,0.0208,0.0208,0.0208,0.0208
14263,"Pays more to artists, left MQA for Flac, and have great social functions(:",5,"female","Quito, Ecuador","2025-06-13","positivo","pays more to artists left mqa for flac and have great social functions",0,"high quality | streaming services | dolby atmos | using tidal | quality audio",0.5625,0.0625,0.0625,0.0625,0.0625,0.0625,0.0625,0.0625
14270,"Real high quality sound",5,"female","Medellín, Colombia","2025-06-24","positivo","real high quality sound",0,"high quality | streaming services | dolby atmos | using tidal | quality audio",0.5625,0.0625,0.0625,0.0625,0.0625,0.0625,0.0625,0.0625
14275,"Best music app I've ever used",5,"female","Gold Coast, Australia","2025-09-12","positivo","best music app i ve ever used",0,"high quality | streaming services | dolby atmos | using tidal | quality audio",0.5624,0.0625,0.0625,0.0626,0.0625,0.0625,0.0625,0.0625
14276,"Its an amazing app",5,"female","Medellín, Colombia","2025-08-12","positivo","its an amazing app",0,"high quality | streaming services | dolby atmos | using tidal | quality audio",0.125,0.125,0.125,0.125,0.125,0.125,0.125,0.125
14280,"its a good app just dont have the old school house from the 80s other than that is a good for begenners",5,"female","São Paulo, Brazil","2025-06-22","positivo","its a good app just dont have the old school house from the s other than that is a good for begenners",5,"actually pay artists | spotify premium | less enjoyable | search find need | quality difference",0.0625,0.0625,0.0625,0.0625,0.0625,0.5625,0.0625,0.0625
14290,"Was working good now can't log in and I went to tidal support and it still doesn't work",5,"female","Buenos Aires, Argentina","2025-05-27","positivo","was working good now can t log in and i went to tidal support and it still doesn t work",7,"actually pay | slows things down | support artists | android auto | awesome selection",0.0625,0.0625,0.0625,0.0625,0.0625,0.0625,0.0625,0.5625
14293,"I am overwhelmed by the sound quality provided by Tidal... I would not even consider using anything else.",5,"female","Port Moresby, Papua New Guinea","2025-09-30","positivo","i am overwhelmed by the sound quality provided by tidal i would not even consider using anything else",4,"go back | tidal connect | best streaming service | streaming service quality | quality streaming",0.0625,0.0625,0.0625,0.0625,0.5625,0.0625,0.0625,0.0625
14297,"Use dictionary code sorry apple",5,"female","Hobart, Australia","2025-10-03","positivo","use dictionary code sorry apple",0,"high quality | streaming services | dolby atmos | using tidal | quality audio",0.125,0.125,0.125,0.125,0.125,0.125,0.125,0.125
14308,"I am so glad that they lowered their prices finally. It also is so much better to use tidal for streaming since they pay artists more than other platforms. I wish there was a native way to transfer your library, but its fine with third party software. Its so stupid you have to like each individual songs and not all them being saved when liking the album, unlike spotify.",5,"female","Bogotá, Colombia","2025-06-14","positivo","i am so glad that they lowered their prices finally it also is so much better to use tidal for streaming since they pay artists more than other platforms i wish there was a native way to transfer your library but its fine with third party software its so stupid you have to like each individual songs and not all them being saved when liking the album unlike spotify",6,"pay artists | audio quality | hi fi | worth money | spotify any day",0.0208,0.1875,0.0208,0.1875,0.0208,0.1875,0.1876,0.1874
14310,"It's funny how people don't even realize what kind of quality the music is produced in and how low the streaming quality is on other services like Spotify this platform is amazing with providing the quality music is originally produced in and especially on pc it's crazy with my hifiman sundara's I do wish that this was on playstation. Also no ads.",5,"female","Lima, Peru","2025-07-27","positivo","it s funny how people don t even realize what kind of quality the music is produced in and how low the streaming quality is on other services like spotify this platform is amazing with providing the quality music is originally produced in and especially on pc it s crazy with my hifiman sundara s i do wish that this was on playstation also no ads",4,"go back | tidal connect | best streaming service | streaming service quality | quality streaming",0.0625,0.0625,0.0625,0.0625,0.5625,0.0625,0.0625,0.0625
14315,"Great app. Just a bit too expensive",5,"female","Port Moresby, Papua New Guinea","2025-12-27","positivo","great app just a bit too expensive",1,"better spotify | master quality | about seconds | spotify where | back spotify",0.0625,0.5625,0.0625,0.0625,0.0625,0.0625,0.0625,0.0625
14328,"Amazing app/quality 🫶 Yet i see many ways to improve... Best of luck to the Dev Team 🍀🎶🤟 Extra stars for a good luck 🤞😋 Improvement idea: *Search - various filters, customisable flexible. *Some name fields should be selectable to be able to copy name/album for a convenience and further use in a search etc. *... Bug: *Often when using search for a first time i see limited or no results and only after re-entering search field (often several times) to get the different/full search results.",5,"female","Port Moresby, Papua New Guinea","2025-12-15","positivo","amazing app quality yet i see many ways to improve best of luck to the dev team extra stars for a good luck improvement idea search various filters customisable flexible some name fields should be selectable to be able to copy name album for a convenience and further use in a search etc bug often when using search for a first time i see limited or no results and only after re entering search field often several times to get the different full search results",6,"pay artists | audio quality | hi fi | worth money | spotify any day",0.0417,0.0417,0.0417,0.0417,0.0417,0.0417,0.3751,0.3749
14337,"Just changed my review as the issue I was facing was something very easily fixable. This app is really nice to use and the sound quality is unvrivalled at the highest levels.",5,"female","Quito, Ecuador","2025-07-05","positivo","just changed my review as the issue i was facing was something very easily fixable this app is really nice to use and the sound quality is unvrivalled at the highest levels",0,"high quality | streaming services | dolby atmos | using tidal | quality audio",0.125,0.125,0.125,0.125,0.125,0.125,0.125,0.125
14339,"Music quality is amazing. Been using pandora premium for years so I went on a limb checking this out and I'm super impressed with the layout and the songs it auto picks. 10/10 would reccomend",5,"female","Bogotá, Colombia","2025-08-28","positivo","music quality is amazing been using pandora premium for years so i went on a limb checking this out and i m super impressed with the layout and the songs it auto picks would reccomend",7,"actually pay | slows things down | support artists | android auto | awesome selection",0.0417,0.0417,0.0417,0.0417,0.0417,0.375,0.0417,0.375
14341,"Amazing audio quality!! 🔥 The 360 sound is just mind blowing with a decent pair of headphones...definitely found the new favourite music app! Easy transfer of songs from another platform to another!! 💪🏽",5,"female","Austin, United States","2025-04-17","positivo","amazing audio quality the sound is just mind blowing with a decent pair of headphones definitely found the new favourite music app easy transfer of songs from another platform to another",2,"best quality | tidal spotify | gets frustrating while | having same | switched spotify",0.0139,0.0139,0.5694,0.0139,0.0139,0.0139,0.3472,0.0139
14349,"App keeps stopping. Fix",5,"female","Valparaíso, Chile","2025-08-08","positivo","app keeps stopping fix",0,"high quality | streaming services | dolby atmos | using tidal | quality audio",0.125,0.125,0.125,0.125,0.125,0.125,0.125,0.125
14350,"I heard the sound quality was better, but I've been shocked. It's a really significant difference. The downside, people said, was that not all the bands you want were on it, well, I have fairly obscure taste, and almost every band I look for is here. Maybe not 100%, but easily 99% of the bands I go looking for. And like I said, I have fairly obscure tastes. I mean, Mr. Sterile Assembly is here! Local acts, small acts, you're fine. And like I said, the sound can't be beat. 10/10, would recommend.",5,"female","Hobart, Australia","2025-09-23","positivo","i heard the sound quality was better but i ve been shocked it s a really significant difference the downside people said was that not all the bands you want were on it well i have fairly obscure taste and almost every band i look for is here maybe not but easily of the bands i go looking for and like i said i have fairly obscure tastes i mean mr sterile assembly is here local acts small acts you re fine and like i said the sound can t be beat would recommend",5,"actually pay artists | spotify premium | less enjoyable | search find need | quality difference",0.0417,0.0417,0.0417,0.0417,0.0417,0.7083,0.0417,0.0417
14353,"Thank you. The quality of sound superp",5,"female","Queenstown, New Zealand","2025-10-23","positivo","thank you the quality of sound superp",0,"high quality | streaming services | dolby atmos | using tidal | quality audio",0.125,0.125,0.125,0.125,0.125,0.125,0.125,0.125
14354,"I canceled in September and your company still charged me 19.99 twice once in October once in November",5,"female","Brisbane, Australia","2025-12-18","positivo","i canceled in september and your company still charged me twice once in october once in november",0,"high quality | streaming services | dolby atmos | using tidal | quality audio",0.125,0.125,0.125,0.125,0.125,0.125,0.125,0.125
14367,"Awesome for all metal and indie rock",5,"female","Auckland, New Zealand","2025-12-04","positivo","awesome for all metal and indie rock",0,"high quality | streaming services | dolby atmos | using tidal | quality audio",0.125,0.125,0.125,0.125,0.125,0.125,0.125,0.125
14372,"Excelent app, if you are maniatic of the music, you fall in love with this app.",5,"female","Wellington, New Zealand","2025-09-12","positivo","excelent app if you are maniatic of the music you fall in love with this app",0,"high quality | streaming services | dolby atmos | using tidal | quality audio",0.125,0.125,0.125,0.125,0.125,0.125,0.125,0.125
14381,"I wish I'd never tried it. The noticeably higher quality of the music is going to make it very difficult to ever go back to Spotify. There's no issues with the bugs other people have reported. It's missing some music but it's getting better all the time. If you love high-quality, clearer, crisper music give TIDAL a go, it puts the Hi-Fi back into Hi-Fi!",5,"female","Chicago, United States","2025-05-04","positivo","i wish i d never tried it the noticeably higher quality of the music is going to make it very difficult to ever go back to spotify there s no issues with the bugs other people have reported it s missing some music but it s getting better all the time if you love high quality clearer crisper music give tidal a go it puts the hi fi back into hi fi",6,"pay artists | audio quality | hi fi | worth money | spotify any day",0.0903,0.1635,0.0096,0.0096,0.0096,0.0865,0.6212,0.0096
14385,"Keeps stopping . This last week it's garbage on the app front. But I think I've sussed it ! Allowing the battery to let background apps function. I had it checked originally but I must have inadvertently unchecked it. Now it seems good again. Good selection of music.",5,"female","Melbourne, Australia","2025-12-07","positivo","keeps stopping this last week it s garbage on the app front but i think i ve sussed it allowing the battery to let background apps function i had it checked originally but i must have inadvertently unchecked it now it seems good again good selection of music",3,"then made | spotify then | through day | spotify tidal | streaming platform",0.0417,0.0417,0.0417,0.375,0.0417,0.0417,0.375,0.0417
14400,"Love it has eveything u can think of non stop music only thing is I can't get the mix fade I'm not understanding that part🔥🔥💯💯",5,"female","Toronto, Canada","2025-04-08","positivo","love it has eveything u can think of non stop music only thing is i can t get the mix fade i m not understanding that part",0,"high quality | streaming services | dolby atmos | using tidal | quality audio",0.125,0.125,0.125,0.125,0.125,0.125,0.125,0.125
14404,"Perfect Platform for DJs !!",5,"female","Salvador, Brazil","2025-06-02","positivo","perfect platform for djs",0,"high quality | streaming services | dolby atmos | using tidal | quality audio",0.125,0.125,0.125,0.125,0.125,0.125,0.125,0.125
14405,"Best music streaming app I have used to date. Absolute near perfection, some updates I'm really hoping for is to add a feature where you can share the lyrics on socials such as instagram, just like you can do so on spotify. Other than that, no complaints.",5,"female","Adelaide, Australia","2025-10-02","positivo","best music streaming app i have used to date absolute near perfection some updates i m really hoping for is to add a feature where you can share the lyrics on socials such as instagram just like you can do so on spotify other than that no complaints",4,"go back | tidal connect | best streaming service | streaming service quality | quality streaming",0.0179,0.0179,0.0179,0.0179,0.875,0.0179,0.0179,0.0179
14410,"Excelente app para perderse horas escuchando música, satisfecho con la calidad de audio.",5,"female","Brasília, Brazil","2025-06-29","positivo","excelente app para perderse horas escuchando música satisfecho con la calidad de audio",6,"pay artists | audio quality | hi fi | worth money | spotify any day",0.0417,0.0417,0.375,0.0417,0.0417,0.0417,0.375,0.0417
14412,"The best sound. Period.",5,"female","Medellín, Colombia","2025-07-20","positivo","the best sound period",0,"high quality | streaming services | dolby atmos | using tidal | quality audio",0.125,0.125,0.125,0.125,0.125,0.125,0.125,0.125
14413,"I love the music",5,"female","Brisbane, Australia","2025-12-01","positivo","i love the music",0,"high quality | streaming services | dolby atmos | using tidal | quality audio",0.125,0.125,0.125,0.125,0.125,0.125,0.125,0.125
14416,"Great app. It has all the music I like!",5,"female","Canberra, Australia","2025-12-07","positivo","great app it has all the music i like",0,"high quality | streaming services | dolby atmos | using tidal | quality audio",0.125,0.125,0.125,0.125,0.125,0.125,0.125,0.125
14418,"Great music however it TURNS ON at random times on a DAILY BASIS!",5,"female","Valparaíso, Chile","2025-08-05","positivo","great music however it turns on at random times on a daily basis",0,"high quality | streaming services | dolby atmos | using tidal | quality audio",0.125,0.125,0.125,0.125,0.125,0.125,0.125,0.125
14433,"For about a month, even downloaded songs buffer frequently.",5,"female","Valparaíso, Chile","2025-09-01","positivo","for about a month even downloaded songs buffer frequently",4,"go back | tidal connect | best streaming service | streaming service quality | quality streaming",0.3749,0.0417,0.0417,0.0417,0.3751,0.0417,0.0417,0.0417
14439,"If I pause a song, I have about 5 seconds to get back and press play or the app closes and I have to open the app again and press play. Very frustrating since I'm paying for the HiFi version. Update: customer support couldn't help fix it. Thanks to Reddit for helping me and getting it to play properly.",5,"female","Hobart, Australia","2025-09-14","positivo","if i pause a song i have about seconds to get back and press play or the app closes and i have to open the app again and press play very frustrating since i m paying for the hifi version update customer support couldn t help fix it thanks to reddit for helping me and getting it to play properly",1,"better spotify | master quality | about seconds | spotify where | back spotify",0.0313,0.7812,0.0313,0.0313,0.0313,0.0313,0.0313,0.0313
14442,"This app is easy to use and great quality audio. I've got all my favourite artists and albums added to my collection, and it's great to go looking for those long, lost albums I listened to years ago. I also enjoy the daily playlists it puts together for me.",5,"female","Hobart, Australia","2025-09-09","positivo","this app is easy to use and great quality audio i ve got all my favourite artists and albums added to my collection and it s great to go looking for those long lost albums i listened to years ago i also enjoy the daily playlists it puts together for me",3,"then made | spotify then | through day | spotify tidal | streaming platform",0.236,0.0139,0.0139,0.6806,0.0139,0.0139,0.0139,0.0139
14443,"Enjoying Tidal 100% glad I came across it",5,"female","Gold Coast, Australia","2025-12-30","positivo","enjoying tidal glad i came across it",2,"best quality | tidal spotify | gets frustrating while | having same | switched spotify",0.0417,0.0417,0.375,0.0417,0.0417,0.0417,0.0417,0.375
14445,"Great selection and quality.",5,"female","Salvador, Brazil","2025-07-10","positivo","great selection and quality",3,"then made | spotify then | through day | spotify tidal | streaming platform",0.0625,0.0625,0.0625,0.5625,0.0625,0.0625,0.0625,0.0625
14455,"Far better than Spotify that's for sure, especially the masters in 24 bit. Spotify can't even do HIFI let alone master quality. My only gripe is the 360 audio thing is garbage, everything either sounds horribly compressed and/or muffled, I think I'll stick to Hifi and Master from now on lmao",5,"female","Canberra, Australia","2025-11-17","positivo","far better than spotify that s for sure especially the masters in bit spotify can t even do hifi let alone master quality my only gripe is the audio thing is garbage everything either sounds horribly compressed and or muffled i think i ll stick to hifi and master from now on lmao",1,"better spotify | master quality | about seconds | spotify where | back spotify",0.0156,0.8906,0.0156,0.0156,0.0156,0.0156,0.0156,0.0156
14459,"If streaming apps were dogs, Tidal would be a Husky, not without faults, but a strong and proud breed. Spotify would be a Pug, nuff said.",5,"female","Fortaleza, Brazil","2025-08-28","positivo","if streaming apps were dogs tidal would be a husky not without faults but a strong and proud breed spotify would be a pug nuff said",1,"better spotify | master quality | about seconds | spotify where | back spotify",0.0625,0.5624,0.0625,0.0625,0.0625,0.0625,0.0625,0.0625
14466,"way better then spotify, impressed with the design and quality. got music recommendations, good mixes, less junk than other apps",5,"female","Guayaquil, Ecuador","2025-07-02","positivo","way better then spotify impressed with the design and quality got music recommendations good mixes less junk than other apps",2,"best quality | tidal spotify | gets frustrating while | having same | switched spotify",0.0417,0.0417,0.7083,0.0417,0.0417,0.0417,0.0417,0.0417
14491,"Great transition from Apple Music - similar UI experience, maybe a little cleaner, better sound quality with HiFi or Master setting even on BT headphones. I've never used Spotify but coming from Apple Music for several years it's easy to navigate.",5,"female","Wellington, New Zealand","2025-09-03","positivo","great transition from apple music similar ui experience maybe a little cleaner better sound quality with hifi or master setting even on bt headphones i ve never used spotify but coming from apple music for several years it s easy to navigate",5,"actually pay artists | spotify premium | less enjoyable | search find need | quality difference",0.0179,0.1607,0.3035,0.0179,0.0179,0.4465,0.0179,0.0179
14499,"Good music app so far",5,"female","Montevideo, Uruguay","2025-07-13","positivo","good music app so far",0,"high quality | streaming services | dolby atmos | using tidal | quality audio",0.125,0.125,0.125,0.125,0.125,0.125,0.125,0.125
14507,"It works great, has good variety, and I love the continuous playback. I do wish more tracks had lyrics and that they could have a backstory of the song or artist, like Amazon X-Ray.",5,"female","Suva, Fiji","2025-12-22","positivo","it works great has good variety and i love the continuous playback i do wish more tracks had lyrics and that they could have a backstory of the song or artist like amazon x ray",0,"high quality | streaming services | dolby atmos | using tidal | quality audio",0.5625,0.0625,0.0625,0.0625,0.0625,0.0625,0.0625,0.0625
14515,"Good quiality, wish it had more Master songs though",5,"female","Suva, Fiji","2025-12-11","positivo","good quiality wish it had more master songs though",0,"high quality | streaming services | dolby atmos | using tidal | quality audio",0.125,0.125,0.125,0.125,0.125,0.125,0.125,0.125
14520,"I have been using TIDAL for about a week and absolutely love it. Its interface is very nice, clean, and easy to navigate. The quality of the music in the highest-quality settings is superb. I have just cancelled my Spotify and Amazon Music subscriptions, as they cannot compete with TIDAL. Please don't make this application cluttered and unnecessarily complicated in the future; honestly, it's perfect as it is. Great work!",5,"female","Brasília, Brazil","2025-08-22","positivo","i have been using tidal for about a week and absolutely love it its interface is very nice clean and easy to navigate the quality of the music in the highest quality settings is superb i have just cancelled my spotify and amazon music subscriptions as they cannot compete with tidal please don t make this application cluttered and unnecessarily complicated in the future honestly it s perfect as it is great work",2,"best quality | tidal spotify | gets frustrating while | having same | switched spotify",0.1518,0.1406,0.3906,0.0156,0.0156,0.2544,0.0156,0.0156
14521,"I love use it all the time good music with some amazing sound qualities",5,"female","Salvador, Brazil","2025-08-11","positivo","i love use it all the time good music with some amazing sound qualities",0,"high quality | streaming services | dolby atmos | using tidal | quality audio",0.125,0.125,0.125,0.125,0.125,0.125,0.125,0.125
14522,"Best Bob Marley music that I can find and the grateful Dead so hey you're on time you should be able to share so if my wife goes to work she can use her phone if there's a way please let me know",5,"female","Caracas, Venezuela","2025-09-01","positivo","best bob marley music that i can find and the grateful dead so hey you re on time you should be able to share so if my wife goes to work she can use her phone if there s a way please let me know",4,"go back | tidal connect | best streaming service | streaming service quality | quality streaming",0.0313,0.0313,0.0313,0.0313,0.7812,0.0313,0.0313,0.0313
14526,"So far, this is the best online service there is for music. UPDATE 5/23 Currently experiencing some crashing with this app I did send feedback hope it's resolved soon.",5,"female","Suva, Fiji","2025-12-27","positivo","so far this is the best online service there is for music update currently experiencing some crashing with this app i did send feedback hope it s resolved soon",2,"best quality | tidal spotify | gets frustrating while | having same | switched spotify",0.3749,0.0417,0.3751,0.0417,0.0417,0.0417,0.0417,0.0417
14533,"excellent app and service, and it seems simple to navigate.",5,"female","Montevideo, Uruguay","2025-08-03","positivo","excellent app and service and it seems simple to navigate",2,"best quality | tidal spotify | gets frustrating while | having same | switched spotify",0.0417,0.0417,0.375,0.0417,0.0417,0.375,0.0417,0.0417
14534,"Much better than Spotify. The high quality streaming is really noticeable. The recommendations are really good and the user interface is clean and nice to use. I do wish it would do ""Connect"" properly. As in, being able to control the music from one Tidal app (e.g. laptop) with another (e.g. my phone).",5,"female","Gold Coast, Australia","2025-09-12","positivo","much better than spotify the high quality streaming is really noticeable the recommendations are really good and the user interface is clean and nice to use i do wish it would do connect properly as in being able to control the music from one tidal app e g laptop with another e g my phone",0,"high quality | streaming services | dolby atmos | using tidal | quality audio",0.5155,0.1406,0.0156,0.0156,0.2656,0.0156,0.0156,0.0157
14545,"User Friendly. Has all the new releases. Great way to stay in the now for music",5,"female","Austin, United States","2025-04-12","positivo","user friendly has all the new releases great way to stay in the now for music",7,"actually pay | slows things down | support artists | android auto | awesome selection",0.0625,0.0625,0.0625,0.0625,0.0625,0.0625,0.0625,0.5625
14551,"Love this! I've come through Spotify and Deezer! One of few things I think it can be improved. On the ADD TO PLAYLIST, it woukd be really nice if I could add a song on multiple playlist at same time instead of go back and do same thing over and over again. Also a song or a playlist be able to be pinned and sits on very top of the home page for easy playback besides the Recentry played. Keep up good work, TIDAL!!",5,"female","Seattle, United States","2025-04-27","positivo","love this i ve come through spotify and deezer one of few things i think it can be improved on the add to playlist it woukd be really nice if i could add a song on multiple playlist at same time instead of go back and do same thing over and over again also a song or a playlist be able to be pinned and sits on very top of the home page for easy playback besides the recentry played keep up good work tidal",3,"then made | spotify then | through day | spotify tidal | streaming platform",0.025,0.025,0.025,0.4251,0.225,0.2249,0.025,0.025
14553,"I love this app it helps me stay in my groove",5,"female","Perth, Australia","2025-10-08","positivo","i love this app it helps me stay in my groove",0,"high quality | streaming services | dolby atmos | using tidal | quality audio",0.125,0.125,0.125,0.125,0.125,0.125,0.125,0.125
14557,"So far so good! Switched after Apple locked my music account without a reason why..the quality of music and streaming choice rates is astounding...",5,"female","Asunción, Paraguay","2025-08-21","positivo","so far so good switched after apple locked my music account without a reason why the quality of music and streaming choice rates is astounding",4,"go back | tidal connect | best streaming service | streaming service quality | quality streaming",0.3749,0.0417,0.0417,0.0417,0.3751,0.0417,0.0417,0.0417
14558,"Itz a great platform for videos and music 🎵",5,"female","Fortaleza, Brazil","2025-05-17","positivo","itz a great platform for videos and music",0,"high quality | streaming services | dolby atmos | using tidal | quality audio",0.125,0.125,0.125,0.125,0.125,0.125,0.125,0.125
14559,"Works well. If you get the free version just know that ads pop up occasionally.",5,"female","Perth, Australia","2025-12-17","positivo","works well if you get the free version just know that ads pop up occasionally",0,"high quality | streaming services | dolby atmos | using tidal | quality audio",0.125,0.125,0.125,0.125,0.125,0.125,0.125,0.125
14567,"LOVE this app! $2 of my subscription goes to my MOST listened to artist and get damn near CD/LP quality sound with my premium subscription! Everyone should switch from Spotify and whatever other BS app you're using! Real talk! 💯",5,"female","Arequipa, Peru","2025-07-24","positivo","love this app of my subscription goes to my most listened to artist and get damn near cd lp quality sound with my premium subscription everyone should switch from spotify and whatever other bs app you re using real talk",0,"high quality | streaming services | dolby atmos | using tidal | quality audio",0.4251,0.025,0.025,0.025,0.025,0.025,0.225,0.225
14571,"Thanks it's a great app and easy to uninstall.",5,"female","Cancun, Mexico","2025-04-24","positivo","thanks it s a great app and easy to uninstall",0,"high quality | streaming services | dolby atmos | using tidal | quality audio",0.125,0.125,0.125,0.125,0.125,0.125,0.125,0.125
14578,"Best ever music stream",5,"female","Rosario, Argentina","2025-05-09","positivo","best ever music stream",0,"high quality | streaming services | dolby atmos | using tidal | quality audio",0.125,0.125,0.125,0.125,0.125,0.125,0.125,0.125
14579,"O melhor aplicativo de música de longe",5,"female","Auckland, New Zealand","2025-09-20","positivo","o melhor aplicativo de música de longe",0,"high quality | streaming services | dolby atmos | using tidal | quality audio",0.125,0.125,0.125,0.125,0.125,0.125,0.125,0.125
14581,"Enjoy all music of your choice just type it in 💯",5,"female","Salvador, Brazil","2025-05-23","positivo","enjoy all music of your choice just type it in",0,"high quality | streaming services | dolby atmos | using tidal | quality audio",0.125,0.125,0.125,0.125,0.125,0.125,0.125,0.125
14585,"Now that Tidal Connect works properly again I give you 5 stars for the sound quality. Hopefully you won't break it again with new update! 🤞",5,"female","Brisbane, Australia","2025-12-23","positivo","now that tidal connect works properly again i give you stars for the sound quality hopefully you won t break it again with new update",4,"go back | tidal connect | best streaming service | streaming service quality | quality streaming",0.2812,0.0313,0.0313,0.2813,0.2813,0.0313,0.0313,0.0313
14587,"Now I can't turn it off when I'm done using it . It keeps running in the background on my Note 20 I have to force it to stop . Update I found the problem it's a android Issue . After the os Update they decided to allow certain apps to continue to run in the background even after the recent apps have been closed . It will show in the top left corner 1 app is still running . That's vary odd . However Tidal works the way it should .",5,"female","Perth, Australia","2025-11-25","positivo","now i can t turn it off when i m done using it it keeps running in the background on my note i have to force it to stop update i found the problem it s a android issue after the os update they decided to allow certain apps to continue to run in the background even after the recent apps have been closed it will show in the top left corner app is still running that s vary odd however tidal works the way it should",1,"better spotify | master quality | about seconds | spotify where | back spotify",0.0208,0.8542,0.0208,0.0208,0.0208,0.0208,0.0208,0.0208
14591,"So far it has been good most artist I listen to are available. Yes you need a subscription to use but for music lovers it is a great choice",5,"female","Quebec City, Canada","2025-04-24","positivo","so far it has been good most artist i listen to are available yes you need a subscription to use but for music lovers it is a great choice",4,"go back | tidal connect | best streaming service | streaming service quality | quality streaming",0.0625,0.0625,0.0625,0.0625,0.5625,0.0625,0.0625,0.0625
14592,"this app is better than Spotify.",5,"female","Rosario, Argentina","2025-06-29","positivo","this app is better than spotify",1,"better spotify | master quality | about seconds | spotify where | back spotify",0.0625,0.5625,0.0625,0.0625,0.0625,0.0625,0.0625,0.0625
14599,"I love my music and have a varied taste in it. I am also an self confessed audiophile and so the quality is very important. Tidal has in my opinion the best quality of the streaming services with MQA. On top of this is a very intuitive interface and as I listen to a lot of my music in the evening/night the black background makes it less stressful on the eyes.",5,"female","Sydney, Australia","2025-10-28","positivo","i love my music and have a varied taste in it i am also an self confessed audiophile and so the quality is very important tidal has in my opinion the best quality of the streaming services with mqa on top of this is a very intuitive interface and as i listen to a lot of my music in the evening night the black background makes it less stressful on the eyes",6,"pay artists | audio quality | hi fi | worth money | spotify any day",0.1875,0.0208,0.0209,0.0208,0.1875,0.0208,0.5208,0.0208
14603,"Less than 3 weeks after updated messed up ongoing notification, it's fixed. Excellent job developers.",5,"female","Hobart, Australia","2025-10-11","positivo","less than weeks after updated messed up ongoing notification it s fixed excellent job developers",0,"high quality | streaming services | dolby atmos | using tidal | quality audio",0.125,0.125,0.125,0.125,0.125,0.125,0.125,0.125
14612,"Other streaming services should be ashamed of the quality they offer compared to this",5,"female","Guayaquil, Ecuador","2025-07-12","positivo","other streaming services should be ashamed of the quality they offer compared to this",0,"high quality | streaming services | dolby atmos | using tidal | quality audio",0.375,0.0417,0.375,0.0417,0.0417,0.0417,0.0417,0.0417
14618,"Best music application for listening and downloading you favorite albums, incredible music quality and database of metal music",5,"female","Canberra, Australia","2025-10-06","positivo","best music application for listening and downloading you favorite albums incredible music quality and database of metal music",3,"then made | spotify then | through day | spotify tidal | streaming platform",0.0625,0.0625,0.0625,0.5625,0.0625,0.0625,0.0625,0.0625
14629,"I love HiFi so Tidal is a must",5,"female","Valparaíso, Chile","2025-07-17","positivo","i love hifi so tidal is a must",2,"best quality | tidal spotify | gets frustrating while | having same | switched spotify",0.0625,0.0625,0.5625,0.0625,0.0625,0.0625,0.0625,0.0625
14633,"Great music app with exceptional quality, selection and more equitable artist compensation.",5,"female","Wellington, New Zealand","2025-12-14","positivo","great music app with exceptional quality selection and more equitable artist compensation",3,"then made | spotify then | through day | spotify tidal | streaming platform",0.2811,0.0313,0.0313,0.5314,0.0313,0.0313,0.0313,0.0313
14634,"I haven't exactly mastered this app and how to set it up as far as my library goes and it typically keeps what I like at least handy on the front page so I don't have to dig. I typically use youtube music since it has a very large library especially hard to find music but I use tidal a decent amount for sound quality. I had a problem clearing the notification that persisted until I force closed the app but that seems to have been fixed. No other issues I've encountered so I'm happy with Tidal.",5,"female","Austin, United States","2025-04-18","positivo","i haven t exactly mastered this app and how to set it up as far as my library goes and it typically keeps what i like at least handy on the front page so i don t have to dig i typically use youtube music since it has a very large library especially hard to find music but i use tidal a decent amount for sound quality i had a problem clearing the notification that persisted until i force closed the app but that seems to have been fixed no other issues i ve encountered so i m happy with tidal",4,"go back | tidal connect | best streaming service | streaming service quality | quality streaming",0.025,0.025,0.025,0.225,0.4251,0.025,0.025,0.225
14642,"I honestly have loved every aspect of it!",5,"female","La Paz, Bolivia","2025-06-01","positivo","i honestly have loved every aspect of it",0,"high quality | streaming services | dolby atmos | using tidal | quality audio",0.125,0.125,0.125,0.125,0.125,0.125,0.125,0.125
14655,"I love the app. this is my music app, but it lacks wearOS presence. Please make it available for wear OS.",5,"female","Bogotá, Colombia","2025-06-27","positivo","i love the app this is my music app but it lacks wearos presence please make it available for wear os",2,"best quality | tidal spotify | gets frustrating while | having same | switched spotify",0.0625,0.0625,0.5625,0.0625,0.0625,0.0625,0.0625,0.0625
14660,"As a Spotify user of 4 years, OH MY GOD! Sound quality is just beyond good. I didn't even touch any eq settings or anything. (If you love music use with wired headphones) from classical music to emo trap. You got it. Get a good set of wired headphones. This app made me fall in love with music again. Listening to anna lapwood and aurora in royal Albert hall with (Dolby digital and hifi) I was in tears. Spotify sounds like mud. Why isn't this app more popular.",5,"female","Hobart, Australia","2025-12-08","positivo","as a spotify user of years oh my god sound quality is just beyond good i didn t even touch any eq settings or anything if you love music use with wired headphones from classical music to emo trap you got it get a good set of wired headphones this app made me fall in love with music again listening to anna lapwood and aurora in royal albert hall with dolby digital and hifi i was in tears spotify sounds like mud why isn t this app more popular",0,"high quality | streaming services | dolby atmos | using tidal | quality audio",0.6875,0.0208,0.0209,0.1875,0.0208,0.0208,0.0208,0.0208
14663,"If you really want to listen to music the way artists meant it to be, and support them properly in the process, Tidal is the place.",5,"female","Wellington, New Zealand","2025-11-21","positivo","if you really want to listen to music the way artists meant it to be and support them properly in the process tidal is the place",0,"high quality | streaming services | dolby atmos | using tidal | quality audio",0.125,0.125,0.125,0.125,0.125,0.125,0.125,0.125
14670,"Loving the new features! I'm able to view lyrics now.",5,"female","Melbourne, Australia","2025-12-28","positivo","loving the new features i m able to view lyrics now",0,"high quality | streaming services | dolby atmos | using tidal | quality audio",0.125,0.125,0.125,0.125,0.125,0.125,0.125,0.125
14672,"Listen daily at work! Glitch yesterday on phone but was fixed overnight!! Thank you. Love Tidal!!",5,"female","Fortaleza, Brazil","2025-08-16","positivo","listen daily at work glitch yesterday on phone but was fixed overnight thank you love tidal",4,"go back | tidal connect | best streaming service | streaming service quality | quality streaming",0.0625,0.0625,0.0625,0.0625,0.5625,0.0625,0.0625,0.0625
14674,"its good if you pay for the premium version of the app! but not really for the free version.. ✨",5,"female","Sydney, Australia","2025-11-07","positivo","its good if you pay for the premium version of the app but not really for the free version",0,"high quality | streaming services | dolby atmos | using tidal | quality audio",0.125,0.125,0.125,0.125,0.125,0.125,0.125,0.125
14677,"Makes finding unique tracks to DJ fun. TY!",5,"female","Auckland, New Zealand","2025-10-17","positivo","makes finding unique tracks to dj fun ty",0,"high quality | streaming services | dolby atmos | using tidal | quality audio",0.125,0.125,0.125,0.125,0.125,0.125,0.125,0.125
14690,"it's so easy to get started 🤩🥇👍 we love it you can to!!!",5,"female","Port Moresby, Papua New Guinea","2025-09-14","positivo","it s so easy to get started we love it you can to",0,"high quality | streaming services | dolby atmos | using tidal | quality audio",0.125,0.125,0.125,0.125,0.125,0.125,0.125,0.125
14691,"Great sound much better than Apple music.",5,"female","Melbourne, Australia","2025-10-16","positivo","great sound much better than apple music",0,"high quality | streaming services | dolby atmos | using tidal | quality audio",0.125,0.125,0.125,0.125,0.125,0.125,0.125,0.125
14692,"Love tidal its the best app out there 🙌 😌",5,"female","Gold Coast, Australia","2025-12-03","positivo","love tidal its the best app out there",4,"go back | tidal connect | best streaming service | streaming service quality | quality streaming",0.0625,0.0625,0.0625,0.0625,0.5625,0.0625,0.0625,0.0625
14699,"I got an error I cannot get my playlist back. Please help.",5,"female","Quito, Ecuador","2025-06-09","positivo","i got an error i cannot get my playlist back please help",5,"actually pay artists | spotify premium | less enjoyable | search find need | quality difference",0.0625,0.0625,0.0625,0.0625,0.0625,0.5625,0.0625,0.0625
14701,"Best of the best Spotify ain't it",5,"female","Auckland, New Zealand","2025-10-07","positivo","best of the best spotify ain t it",2,"best quality | tidal spotify | gets frustrating while | having same | switched spotify",0.0625,0.0625,0.5625,0.0625,0.0625,0.0625,0.0625,0.0625
14707,"App is not letting me sign in. Uninstalled restalled now wont download.",5,"female","Córdoba, Argentina","2025-06-22","positivo","app is not letting me sign in uninstalled restalled now wont download",0,"high quality | streaming services | dolby atmos | using tidal | quality audio",0.125,0.125,0.125,0.125,0.125,0.125,0.125,0.125
14710,"Best Music Application for ever <3 Love the Quality. But Please, Please, Please.. can you make possible to like songs when you're offline ? I download albums a lot and listen to them offline. But i can't like a song offline. And make it possible to listen all the tracks of a Recordlabel ? It would help a Dj a lot <3 Thanks for the great Job, keep on going ! PS: Please get the album Numbers in order. To find the next sherlock holmes album is a nightmare.",5,"female","Hobart, Australia","2025-09-07","positivo","best music application for ever love the quality but please please please can you make possible to like songs when you re offline i download albums a lot and listen to them offline but i can t like a song offline and make it possible to listen all the tracks of a recordlabel it would help a dj a lot thanks for the great job keep on going ps please get the album numbers in order to find the next sherlock holmes album is a nightmare",3,"then made | spotify then | through day | spotify tidal | streaming platform",0.025,0.025,0.025,0.6251,0.025,0.025,0.025,0.2248
14714,"So far the best quality steaming service I've used. Missing some features from Spotify but more than made up by sound quality. Update 31/03/21: LastFM scrobbling has been removed. Not ideal but there are workarounds",5,"female","Perth, Australia","2025-12-16","positivo","so far the best quality steaming service i ve used missing some features from spotify but more than made up by sound quality update lastfm scrobbling has been removed not ideal but there are workarounds",2,"best quality | tidal spotify | gets frustrating while | having same | switched spotify",0.0179,0.0179,0.875,0.0179,0.0179,0.0179,0.0179,0.0179
14715,"Probably the best Sound from all streaming service, tho the catalog for none English character songs may be an nightmare",5,"female","Melbourne, Australia","2025-09-25","positivo","probably the best sound from all streaming service tho the catalog for none english character songs may be an nightmare",4,"go back | tidal connect | best streaming service | streaming service quality | quality streaming",0.025,0.025,0.025,0.025,0.825,0.025,0.025,0.025
14716,"Love it! Superb sound quality. Thank you guys",5,"female","Asunción, Paraguay","2025-08-13","positivo","love it superb sound quality thank you guys",7,"actually pay | slows things down | support artists | android auto | awesome selection",0.0417,0.0417,0.0417,0.0417,0.0417,0.0417,0.0417,0.7083
14721,"Espero que este proyecto dure muchos años. Es mi aplicación de streaming favorita. Catálogo amplio. Excelente diseño. Excelente experiencia de uso desde hace 5 años.",5,"female","Guadalajara, Mexico","2025-05-06","positivo","espero que este proyecto dure muchos años es mi aplicación de streaming favorita catálogo amplio excelente diseño excelente experiencia de uso desde hace años",0,"high quality | streaming services | dolby atmos | using tidal | quality audio",0.125,0.125,0.125,0.125,0.125,0.125,0.125,0.125
14725,"This app always has the music I'm looking for. However, I do wish they would incorporate some other display color options where the buttons aren't white on black, because I now permanently have the pause button, skip arrows, and the little bar that shows song duration burned onto my phone screen. Other than that, pretty good.",5,"female","Adelaide, Australia","2025-12-18","positivo","this app always has the music i m looking for however i do wish they would incorporate some other display color options where the buttons aren t white on black because i now permanently have the pause button skip arrows and the little bar that shows song duration burned onto my phone screen other than that pretty good",6,"pay artists | audio quality | hi fi | worth money | spotify any day",0.0625,0.0625,0.0625,0.0625,0.0625,0.0625,0.5625,0.0625
14735,"I love tidal to me it is the best music app hands down",5,"female","Seattle, United States","2025-03-30","positivo","i love tidal to me it is the best music app hands down",7,"actually pay | slows things down | support artists | android auto | awesome selection",0.0208,0.0208,0.0208,0.0208,0.2274,0.0208,0.0208,0.6476
14752,"12/7/2021: I don't know what's going on with the app but it won't allow me in. I keep getting an error page. I've tried restarting my phone, updating the app and even uninstalled and reinstalled and still nada! What happened? This is my go to for music all day everyday!",5,"female","Adelaide, Australia","2025-12-15","positivo","i don t know what s going on with the app but it won t allow me in i keep getting an error page i ve tried restarting my phone updating the app and even uninstalled and reinstalled and still nada what happened this is my go to for music all day everyday",2,"best quality | tidal spotify | gets frustrating while | having same | switched spotify",0.0417,0.0417,0.375,0.0417,0.0417,0.375,0.0417,0.0417
14757,"switched from Spotify to Tidal after Spotify's terrible update and I'm very glad I did",5,"female","Christchurch, New Zealand","2025-12-10","positivo","switched from spotify to tidal after spotify s terrible update and i m very glad i did",2,"best quality | tidal spotify | gets frustrating while | having same | switched spotify",0.025,0.025,0.625,0.225,0.025,0.025,0.025,0.025
14760,"Easy to use. Wotks like a treat.",5,"female","Buenos Aires, Argentina","2025-07-12","positivo","easy to use wotks like a treat",0,"high quality | streaming services | dolby atmos | using tidal | quality audio",0.125,0.125,0.125,0.125,0.125,0.125,0.125,0.125
14765,"Tidal is pretty amazing, I can connect my account to my Denon Prime 4, all my playlists I make while out and about listening to tunes are there for me to use DJing. Never had any issues streaming and downloading songs to play. I glad you partnered up with Denon, spotify messed up not also going this route",5,"female","Montevideo, Uruguay","2025-08-09","positivo","tidal is pretty amazing i can connect my account to my denon prime all my playlists i make while out and about listening to tunes are there for me to use djing never had any issues streaming and downloading songs to play i glad you partnered up with denon spotify messed up not also going this route",0,"high quality | streaming services | dolby atmos | using tidal | quality audio",0.375,0.0417,0.0417,0.0417,0.0417,0.0417,0.0417,0.375
14767,"Really is a good app. I've been a subscriber pretty much since the beginning as I have spent WAY too much money on my system so I went for the best sound quality as possible. The app has come a long way and I look forward to be changes. I just picked up the NAD M10 V2 and got rid of my separates. Tidal with the BluOS built in and the power of that thing makes incredible music. It's so easy with both the Tidal and BluOS app. Tidal, NAD with Salk speakers is a dream. Keep up the good work guys",5,"female","Rosario, Argentina","2025-08-05","positivo","really is a good app i ve been a subscriber pretty much since the beginning as i have spent way too much money on my system so i went for the best sound quality as possible the app has come a long way and i look forward to be changes i just picked up the nad m v and got rid of my separates tidal with the bluos built in and the power of that thing makes incredible music it s so easy with both the tidal and bluos app tidal nad with salk speakers is a dream keep up the good work guys",2,"best quality | tidal spotify | gets frustrating while | having same | switched spotify",0.0313,0.0313,0.7812,0.0313,0.0313,0.0313,0.0313,0.0313
14771,"Great App and has all the songs!",5,"female","San Francisco, United States","2025-05-03","positivo","great app and has all the songs",0,"high quality | streaming services | dolby atmos | using tidal | quality audio",0.125,0.125,0.125,0.125,0.125,0.125,0.125,0.125
14778,"I have used spotify since 6 years ago. I made the switch and im so glad i did. I believe spotifys interface is a bit friendlier but i might just be used to it. Any song on hifi or higher quality sounds so much better its not even close the quality is so much better. Never going back.",5,"female","Suva, Fiji","2025-12-26","positivo","i have used spotify since years ago i made the switch and im so glad i did i believe spotifys interface is a bit friendlier but i might just be used to it any song on hifi or higher quality sounds so much better its not even close the quality is so much better never going back",7,"actually pay | slows things down | support artists | android auto | awesome selection",0.0157,0.1406,0.0156,0.1406,0.0156,0.2878,0.0156,0.3684
14786,"Loved it from trial period.",5,"female","Christchurch, New Zealand","2025-11-11","positivo","loved it from trial period",2,"best quality | tidal spotify | gets frustrating while | having same | switched spotify",0.0625,0.0625,0.5625,0.0625,0.0625,0.0625,0.0625,0.0625
14790,"Love the quality of the music!",5,"female","Guayaquil, Ecuador","2025-06-24","positivo","love the quality of the music",0,"high quality | streaming services | dolby atmos | using tidal | quality audio",0.125,0.125,0.125,0.125,0.125,0.125,0.125,0.125
14799,"It logged me out and I am unable to log back in. It's been 30 minutes . It's telling me to contact customer support if problem persists... Where's customer support? Problem was fixed ASAP... been back to 5*'s",5,"female","Arequipa, Peru","2025-09-02","positivo","it logged me out and i am unable to log back in it s been minutes it s telling me to contact customer support if problem persists where s customer support problem was fixed asap been back to s",5,"actually pay artists | spotify premium | less enjoyable | search find need | quality difference",0.0313,0.0313,0.0313,0.0313,0.0313,0.7812,0.0313,0.0313
14803,"Master quality is a bit better than Amazon Ultra HD with the right headphones. The Amazon Prime Music app is easier to navigate and browse.",5,"female","Arequipa, Peru","2025-07-11","positivo","master quality is a bit better than amazon ultra hd with the right headphones the amazon prime music app is easier to navigate and browse",1,"better spotify | master quality | about seconds | spotify where | back spotify",0.0417,0.375,0.0417,0.0417,0.3749,0.0417,0.0417,0.0417
14812,"stan OnlyOneOf 4 better life 🤹",5,"female","Guayaquil, Ecuador","2025-09-01","positivo","stan onlyoneof better life",0,"high quality | streaming services | dolby atmos | using tidal | quality audio",0.125,0.125,0.125,0.125,0.125,0.125,0.125,0.125
14813,"My favorite music streaming service. Great quality.",5,"female","Ottawa, Canada","2025-05-06","positivo","my favorite music streaming service great quality",4,"go back | tidal connect | best streaming service | streaming service quality | quality streaming",0.025,0.025,0.025,0.025,0.6251,0.025,0.025,0.2249
14826,"I love that you lead the way in high quality sound, TOOL never sounded better 😎😁",5,"female","Asunción, Paraguay","2025-08-18","positivo","i love that you lead the way in high quality sound tool never sounded better",0,"high quality | streaming services | dolby atmos | using tidal | quality audio",0.5625,0.0625,0.0625,0.0625,0.0625,0.0625,0.0625,0.0625
14827,"Came from Spotify, this is way better.. Sound quality is better, software is better. Only downside compared to Spotify is the amount of music available, but i hope / guess this will be better in the future.",5,"female","Hobart, Australia","2025-11-22","positivo","came from spotify this is way better sound quality is better software is better only downside compared to spotify is the amount of music available but i hope guess this will be better in the future",5,"actually pay artists | spotify premium | less enjoyable | search find need | quality difference",0.0156,0.0156,0.0156,0.0156,0.0156,0.8906,0.0156,0.0156
14847,"Gat all kinds of music. 5star",5,"female","Valparaíso, Chile","2025-06-15","positivo","gat all kinds of music star",0,"high quality | streaming services | dolby atmos | using tidal | quality audio",0.125,0.125,0.125,0.125,0.125,0.125,0.125,0.125
14854,"Ease of use, intuitive interface. The best, deepest collection of music I've seen/heard. Love Tidal!",5,"female","Port Moresby, Papua New Guinea","2025-10-15","positivo","ease of use intuitive interface the best deepest collection of music i ve seen heard love tidal",6,"pay artists | audio quality | hi fi | worth money | spotify any day",0.0417,0.0417,0.0417,0.0417,0.0417,0.0417,0.7083,0.0417
14869,"TIDAL has literally blown my mind. It has a next level otherworldly AI algorithm to determine my tastes. I GOT TIDAL for the ability to use it across many dj performance platforms, but after much use, I've determined TIDAL is the most advanced and feature rich streaming platform on the planet. I.h3ArT.u.tidAL. ~SpiRiTdAnXeR~",5,"female","Canberra, Australia","2025-12-27","positivo","tidal has literally blown my mind it has a next level otherworldly ai algorithm to determine my tastes i got tidal for the ability to use it across many dj performance platforms but after much use i ve determined tidal is the most advanced and feature rich streaming platform on the planet i hart u tidal spiritdanxer",3,"then made | spotify then | through day | spotify tidal | streaming platform",0.025,0.025,0.025,0.4251,0.4249,0.025,0.025,0.025
14871,"Best for audiophiles. They also listen to their users. Lots of people were complaining about a feature and they provided a way to disable it.",5,"female","Sydney, Australia","2025-12-17","positivo","best for audiophiles they also listen to their users lots of people were complaining about a feature and they provided a way to disable it",6,"pay artists | audio quality | hi fi | worth money | spotify any day",0.0625,0.0625,0.0625,0.0625,0.0625,0.0625,0.5625,0.0625
14874,"I like TIDAL a lot",5,"female","Asunción, Paraguay","2025-08-09","positivo","i like tidal a lot",0,"high quality | streaming services | dolby atmos | using tidal | quality audio",0.125,0.125,0.125,0.125,0.125,0.125,0.125,0.125
14886,"Just started & enjoying it a lot.",5,"female","La Paz, Bolivia","2025-07-07","positivo","just started enjoying it a lot",0,"high quality | streaming services | dolby atmos | using tidal | quality audio",0.125,0.125,0.125,0.125,0.125,0.125,0.125,0.125
14887,"Amazing, the best of the best ...",5,"female","Guadalajara, Mexico","2025-04-08","positivo","amazing the best of the best",2,"best quality | tidal spotify | gets frustrating while | having same | switched spotify",0.0625,0.0625,0.5625,0.0625,0.0625,0.0625,0.0625,0.0625
14892,"Thank you Worth Every Penny. Zero Ads experience the absolute best quality Audio Ever, No Ads Thank you Thank you. 😭😭😭😭😭 I have 32Bit at 384Kb/s Beyerdynamics Custom Pro 7Hz-47Khz Absolutely Unbelievable Audio Quality. Thank you.",5,"female","Melbourne, Australia","2025-11-28","positivo","thank you worth every penny zero ads experience the absolute best quality audio ever no ads thank you thank you i have bit at kb s beyerdynamics custom pro hz khz absolutely unbelievable audio quality thank you",6,"pay artists | audio quality | hi fi | worth money | spotify any day",0.0209,0.0208,0.0209,0.0208,0.0208,0.0208,0.8541,0.0208
14894,"great sound, uo could be better, remote play would be nice, but I'd take tidal over Spotify any day",5,"female","Santiago, Chile","2025-05-09","positivo","great sound uo could be better remote play would be nice but i d take tidal over spotify any day",6,"pay artists | audio quality | hi fi | worth money | spotify any day",0.025,0.025,0.225,0.025,0.025,0.025,0.625,0.025
14899,"Super amazing sounds qualities that I've yet to find in other music platforms. Simple to use.",5,"female","Gold Coast, Australia","2025-09-27","positivo","super amazing sounds qualities that i ve yet to find in other music platforms simple to use",6,"pay artists | audio quality | hi fi | worth money | spotify any day",0.0625,0.0625,0.0625,0.0625,0.0625,0.0625,0.5625,0.0625
14900,"Super easy to use and fast playlist transfers Definitely gonna keep using this I was planning on switching to Spotify but then they made hifi $15/mo and added the live monthly activity feature and I'm hooked all over again!",5,"female","Brisbane, Australia","2025-11-20","positivo","super easy to use and fast playlist transfers definitely gonna keep using this i was planning on switching to spotify but then they made hifi mo and added the live monthly activity feature and i m hooked all over again",3,"then made | spotify then | through day | spotify tidal | streaming platform",0.0313,0.0313,0.0313,0.5313,0.0313,0.2812,0.0313,0.0313
14907,"Will never be able to go back to another music streaming service... The sound quality of Master audio is INSANE",5,"female","Chicago, United States","2025-04-29","positivo","will never be able to go back to another music streaming service the sound quality of master audio is insane",4,"go back | tidal connect | best streaming service | streaming service quality | quality streaming",0.0179,0.0179,0.0179,0.0179,0.875,0.0179,0.0179,0.0179
14911,"Good deal for military veterans. Easy to use and enjoy the music videos.",5,"female","Queenstown, New Zealand","2025-10-10","positivo","good deal for military veterans easy to use and enjoy the music videos",5,"actually pay artists | spotify premium | less enjoyable | search find need | quality difference",0.0625,0.0625,0.0625,0.0625,0.0625,0.5625,0.0625,0.0625
14912,"This app is excellent, great sound. No lag in the software or on the server side with government issued phone service. Nice lean file size and surprisingly it doesn't bloat in the system cache, we're talking in the kilobytes. Great programming. Keep it up ;)",5,"female","Nadi, Fiji","2025-09-07","positivo","this app is excellent great sound no lag in the software or on the server side with government issued phone service nice lean file size and surprisingly it doesn t bloat in the system cache we re talking in the kilobytes great programming keep it up",0,"high quality | streaming services | dolby atmos | using tidal | quality audio",0.125,0.125,0.125,0.125,0.125,0.125,0.125,0.125
14914,"Great tool for DJs💯",5,"female","Adelaide, Australia","2025-09-12","positivo","great tool for djs",0,"high quality | streaming services | dolby atmos | using tidal | quality audio",0.125,0.125,0.125,0.125,0.125,0.125,0.125,0.125
14930,"Beautiful UI. Noticeably better than spotify off my pc through my schitt stack.",5,"female","Asunción, Paraguay","2025-05-22","positivo","beautiful ui noticeably better than spotify off my pc through my schitt stack",1,"better spotify | master quality | about seconds | spotify where | back spotify",0.375,0.375,0.0417,0.0417,0.0417,0.0417,0.0417,0.0417
14938,"Update.... i may have fixed it. Not sure which setting that i changed that fixed it? My music keeps stopping after about 30 seconds to a minute. See another review below having the same issue.",5,"female","Wellington, New Zealand","2025-12-02","positivo","update i may have fixed it not sure which setting that i changed that fixed it my music keeps stopping after about seconds to a minute see another review below having the same issue",1,"better spotify | master quality | about seconds | spotify where | back spotify",0.0417,0.375,0.375,0.0417,0.0417,0.0417,0.0417,0.0417
14949,"Songs are playing completely through",5,"female","Melbourne, Australia","2025-11-03","positivo","songs are playing completely through",7,"actually pay | slows things down | support artists | android auto | awesome selection",0.0313,0.0313,0.0313,0.0313,0.0313,0.0313,0.0313,0.7812
14951,"The app has no issues. However I paid for a different audio app several years before called USB Audio Player PRO. I can sign into my Tidal account in that app. For some reason the sound seems better overall, and it's louder. I believe the vocals in music are louder and seem more pronounced.",5,"female","Montevideo, Uruguay","2025-05-25","positivo","the app has no issues however i paid for a different audio app several years before called usb audio player pro i can sign into my tidal account in that app for some reason the sound seems better overall and it s louder i believe the vocals in music are louder and seem more pronounced",2,"best quality | tidal spotify | gets frustrating while | having same | switched spotify",0.0208,0.0208,0.8542,0.0208,0.0208,0.0208,0.0208,0.0208
14958,"Just awesome. Great sound and selection, works seamlessly on phone and home HiFi.",5,"female","New York, United States","2025-04-17","positivo","just awesome great sound and selection works seamlessly on phone and home hifi",7,"actually pay | slows things down | support artists | android auto | awesome selection",0.375,0.0417,0.0417,0.0417,0.0417,0.0417,0.0417,0.375
14961,"I love this app...i got a sub. For it because i was over YouTube's ads...it's worth the money if you are the kind of person that requires music to get through your day. I sure do.",5,"female","San Francisco, United States","2025-03-25","positivo","i love this app i got a sub for it because i was over youtube s ads it s worth the money if you are the kind of person that requires music to get through your day i sure do",3,"then made | spotify then | through day | spotify tidal | streaming platform",0.0417,0.0417,0.0417,0.375,0.0417,0.0417,0.375,0.0417
14963,"THEY ACTUALLY PAY THE ARTISTS YOU LISTEN TO. Quality is night and day compared to Spotify. Interface leaves some things to be desired. They can learn a lot from Spotify in that regard but qualitywise, they have them beat by a long shot. Plus, they actually pay the artists who you listen to. That's huge. Once Tidal releases a more competitive interface, they'll have totally outpaced Spotify. That said, I'm no longer a Spotify premium member.",5,"female","Guadalajara, Mexico","2025-04-12","positivo","they actually pay the artists you listen to quality is night and day compared to spotify interface leaves some things to be desired they can learn a lot from spotify in that regard but qualitywise they have them beat by a long shot plus they actually pay the artists who you listen to that s huge once tidal releases a more competitive interface they ll have totally outpaced spotify that said i m no longer a spotify premium member",5,"actually pay artists | spotify premium | less enjoyable | search find need | quality difference",0.0096,0.0096,0.0096,0.0096,0.0096,0.625,0.1635,0.1635
14975,"It's a simplified Spotify where the money actually goes to the artists. support artists!",5,"female","Montevideo, Uruguay","2025-07-15","positivo","it s a simplified spotify where the money actually goes to the artists support artists",1,"better spotify | master quality | about seconds | spotify where | back spotify",0.2812,0.2813,0.0313,0.0313,0.0313,0.0313,0.0313,0.2813
14978,"Wonderful app and love what Tidal is doing for music streaming services! My only complaint is I wish users could choose track quality for downloads on a perr-playlist basis.",5,"female","Caracas, Venezuela","2025-05-15","positivo","wonderful app and love what tidal is doing for music streaming services my only complaint is i wish users could choose track quality for downloads on a perr playlist basis",0,"high quality | streaming services | dolby atmos | using tidal | quality audio",0.875,0.0179,0.0179,0.0179,0.0179,0.0179,0.0179,0.0179
14980,"it does what a music streaming service should do, and very well. it's refreshing to interface with an app that isn't trying to be tiktok, unlike the predatory cesspool that spotify has become. this, to me, as someone that just wants a simple essential experience when listening to songs, is all i need. plus, it has finally added gapless playback.",5,"female","Auckland, New Zealand","2025-09-07","positivo","it does what a music streaming service should do and very well it s refreshing to interface with an app that isn t trying to be tiktok unlike the predatory cesspool that spotify has become this to me as someone that just wants a simple essential experience when listening to songs is all i need plus it has finally added gapless playback",6,"pay artists | audio quality | hi fi | worth money | spotify any day",0.025,0.025,0.025,0.025,0.225,0.225,0.425,0.025
14984,"Tidal's for people who care about the quality 🤩",5,"female","Rio de Janeiro, Brazil","2025-07-07","positivo","tidal s for people who care about the quality",0,"high quality | streaming services | dolby atmos | using tidal | quality audio",0.7083,0.0417,0.0417,0.0417,0.0417,0.0417,0.0417,0.0417
14989,"I only have Amazon HD to compare to. Its close, but I think Tidal sounds better. Others may say that isnt possible, but that is my observation. No regrets with the switch.",5,"female","Caracas, Venezuela","2025-07-08","positivo","i only have amazon hd to compare to its close but i think tidal sounds better others may say that isnt possible but that is my observation no regrets with the switch",0,"high quality | streaming services | dolby atmos | using tidal | quality audio",0.825,0.025,0.025,0.025,0.025,0.025,0.025,0.025
62,"Tidal purchase ridiculous! I want my money back I deleted the app because I can't even delete my account neither cancel my membership. This app is totally useless.",1,"female","Queenstown, New Zealand","2018-01-15","negativo","tidal purchase ridiculous i want my money back i deleted the app because i can t even delete my account neither cancel my membership this app is totally useless",1,"adding songs | tidal connect | carrier hub | works fine | years ago",0.0406,0.8392,0.04,0.0402,0.04,0.0,0.0,0.0
64,"Needs mqa DAC for best sound quality , and qobus is now available in Canada and doesn't need mqa ,and sound so much better , there is no comparison, qobus sounds amazing,I'm running it on Hugo chord and it's better than anything I've ever heard ,sorry tidal ,this mqa thing is going to do you in ! Antonio",1,"female","Gold Coast, Australia","2018-03-04","negativo","needs mqa dac for best sound quality and qobus is now available in canada and doesn t need mqa and sound so much better there is no comparison qobus sounds amazing i m running it on hugo chord and it s better than anything i ve ever heard sorry tidal this mqa thing is going to do you in antonio",2,"restart phone | social features | slows things down | try again later | come back",0.0667,0.0667,0.7333,0.0667,0.0667,0.0,0.0,0.0
89,"Why should I subcribe? I just want to listen to music.",1,"female","Perth, Australia","2018-01-15","negativo","why should i subcribe i just want to listen to music",0,"dolby atmos | high quality | download carrier hub | shuffle button | incredibly annoying",0.2,0.2,0.2,0.2,0.2,0.0,0.0,0.0
90,"I'm not reaching out to them. They should reach out to me. I'm a potential new customer. Does that even mean anything anymore?",1,"female","Hobart, Australia","2017-12-27","negativo","i m not reaching out to them they should reach out to me i m a potential new customer does that even mean anything anymore",1,"adding songs | tidal connect | carrier hub | works fine | years ago",0.1,0.6,0.1,0.1,0.1,0.0,0.0,0.0
123,"So bad apps.No latest music.There is ads that creator know everyone hate it.",1,"female","Adelaide, Australia","2018-03-01","negativo","so bad apps no latest music there is ads that creator know everyone hate it",0,"dolby atmos | high quality | download carrier hub | shuffle button | incredibly annoying",0.2,0.2,0.2,0.2,0.2,0.0,0.0,0.0
132,"Tidal is the worst streaming platform out here, I switched to Amazon music and it's so much better. There are no streaming issues as with Tidal, everything is an issue. Thanks for the horrible experience and stealing my money without upgrading or updating your streaming service. I wish you the worst. :)",1,"female","Queenstown, New Zealand","2018-01-02","negativo","tidal is the worst streaming platform out here i switched to amazon music and it s so much better there are no streaming issues as with tidal everything is an issue thanks for the horrible experience and stealing my money without upgrading or updating your streaming service i wish you the worst",4,"go back | downloaded albums | used fine | went wrong | force stop",0.0286,0.0297,0.0287,0.0286,0.8845,0.0,0.0,0.0
150,"There isnt android tablet version. It looks exactly as a phone one, so I cant really use it in my car multimedia system. Probably will have to return to Spotty 😔",1,"female","Port Moresby, Papua New Guinea","2018-02-05","negativo","there isnt android tablet version it looks exactly as a phone one so i cant really use it in my car multimedia system probably will have to return to spotty",0,"dolby atmos | high quality | download carrier hub | shuffle button | incredibly annoying",0.5999,0.1,0.1,0.1,0.1,0.0,0.0,0.0
190,"I have been using tidal for almost a month now. I cancelled my subscription which ends in 14 days. As soon as i cancel the app logs me out and says a carrier hub is required but it doesnt support my phone. And i cant get in contact with anyone to get the rest of my money back. Definitely not using tidal anymore",1,"female","Queenstown, New Zealand","2018-02-10","negativo","i have been using tidal for almost a month now i cancelled my subscription which ends in days as soon as i cancel the app logs me out and says a carrier hub is required but it doesnt support my phone and i cant get in contact with anyone to get the rest of my money back definitely not using tidal anymore",0,"dolby atmos | high quality | download carrier hub | shuffle button | incredibly annoying",0.933,0.0169,0.0167,0.0168,0.0167,0.0,0.0,0.0
205,"App has been working fine until today. It keeps telling me there is an error every time I try to log in. Please fix this app.",1,"female","Melbourne, Australia","2018-01-19","negativo","app has been working fine until today it keeps telling me there is an error every time i try to log in please fix this app",2,"restart phone | social features | slows things down | try again later | come back",0.0667,0.0667,0.7324,0.0675,0.0667,0.0,0.0,0.0
246,"Edit: The App keeps crashing. It has been crashing for two months, and whatecer IT is doing is apparantly causing it to crash for more people. A fantastic app that continues to improve it's selection and features.",1,"female","Canberra, Australia","2018-03-01","negativo","edit the app keeps crashing it has been crashing for two months and whatecer it is doing is apparantly causing it to crash for more people a fantastic app that continues to improve it s selection and features",0,"dolby atmos | high quality | download carrier hub | shuffle button | incredibly annoying",0.2,0.2,0.2,0.2,0.2,0.0,0.0,0.0
285,"Warning! This app Tidal scammed me out of $25! The reciept said I paid for a subscription but I ended that mo the ago! I will be disputing and reporting this to BBB this weekend, which has received dozens of similar complaints as this one! Don't use Tidal! There are many other apps that have better music and less cost! As well as they don't scam you!",1,"female","Brisbane, Australia","2018-01-08","negativo","warning this app tidal scammed me out of the reciept said i paid for a subscription but i ended that mo the ago i will be disputing and reporting this to bbb this weekend which has received dozens of similar complaints as this one don t use tidal there are many other apps that have better music and less cost as well as they don t scam you",0,"dolby atmos | high quality | download carrier hub | shuffle button | incredibly annoying",0.5999,0.1,0.1,0.1,0.1,0.0,0.0,0.0
287,"Give us a free trial to listen rather than sub to a plan first . You 🤑 me🤬.",1,"female","Wellington, New Zealand","2017-12-27","negativo","give us a free trial to listen rather than sub to a plan first you me",0,"dolby atmos | high quality | download carrier hub | shuffle button | incredibly annoying",0.2,0.2,0.2,0.2,0.2,0.0,0.0,0.0
366,"I can't use my account facebook why",1,"female","Sydney, Australia","2017-12-29","negativo","i can t use my account facebook why",0,"dolby atmos | high quality | download carrier hub | shuffle button | incredibly annoying",0.2,0.2,0.2,0.2,0.2,0.0,0.0,0.0
369,"waiting for trial to end and I'll never ever use this service. constantly having problems connecting to network when every other app and website works just fine, and every other streaming service works just fine. I will never miss this, can't listen to song cycles because tidal will always not connect to my between for whatever reason.",1,"female","Hobart, Australia","2018-02-06","negativo","waiting for trial to end and i ll never ever use this service constantly having problems connecting to network when every other app and website works just fine and every other streaming service works just fine i will never miss this can t listen to song cycles because tidal will always not connect to my between for whatever reason",1,"adding songs | tidal connect | carrier hub | works fine | years ago",0.0333,0.8664,0.0335,0.0334,0.0334,0.0,0.0,0.0
400,"Absolute lie, all you can do is select your favorite artists, thats all.",1,"female","Canberra, Australia","2018-01-22","negativo","absolute lie all you can do is select your favorite artists thats all",0,"dolby atmos | high quality | download carrier hub | shuffle button | incredibly annoying",0.5981,0.1019,0.1,0.1,0.1,0.0,0.0,0.0
401,"Account deletion process looks like an insult. There is no option for account delete, you must chat with a bot, provide your email, paypal payment info to help them to ""locate"" your account. Incredible.",1,"female","Suva, Fiji","2018-01-13","negativo","account deletion process looks like an insult there is no option for account delete you must chat with a bot provide your email paypal payment info to help them to locate your account incredible",1,"adding songs | tidal connect | carrier hub | works fine | years ago",0.1,0.6,0.1,0.1,0.1,0.0,0.0,0.0
407,"- Kill app (or close using back button) means loosing the currently playing state. Even when playing my custom playlist. - Unable to automatically skip ""invalid content"", it always stops playing - big trouble. - Problematic sync of downloaded content - re-sync needs re-think! - Long way to create play queue adding some songs and albums.",1,"female","Adelaide, Australia","2017-12-30","negativo","kill app or close using back button means loosing the currently playing state even when playing my custom playlist unable to automatically skip invalid content it always stops playing big trouble problematic sync of downloaded content re sync needs re think long way to create play queue adding some songs and albums",1,"adding songs | tidal connect | carrier hub | works fine | years ago",0.0404,0.8392,0.0401,0.0402,0.04,0.0,0.0,0.0
415,"Would not except my Facebook login details so absolute rubbish",1,"female","Sydney, Australia","2018-03-01","negativo","would not except my facebook login details so absolute rubbish",2,"restart phone | social features | slows things down | try again later | come back",0.1,0.1,0.6,0.1,0.1,0.0,0.0,0.0
457,"It want let me do nun with out it wanting 💰😒",1,"female","Gold Coast, Australia","2018-01-13","negativo","it want let me do nun with out it wanting",0,"dolby atmos | high quality | download carrier hub | shuffle button | incredibly annoying",0.2,0.2,0.2,0.2,0.2,0.0,0.0,0.0
490,"traah not paying 10$ to listen to music that i can for free honestpy hope you guys shut down like thw greedy traah you are",1,"female","Port Moresby, Papua New Guinea","2018-02-26","negativo","traah not paying to listen to music that i can for free honestpy hope you guys shut down like thw greedy traah you are",1,"adding songs | tidal connect | carrier hub | works fine | years ago",0.1014,0.5986,0.1,0.1,0.1,0.0,0.0,0.0
492,"Can't login ask to read state of phone and I click ok and goes into message loop",1,"female","Queenstown, New Zealand","2018-02-14","negativo","can t login ask to read state of phone and i click ok and goes into message loop",0,"dolby atmos | high quality | download carrier hub | shuffle button | incredibly annoying",0.2,0.2,0.2,0.2,0.2,0.0,0.0,0.0
502,"I am unable to login, either through email or Facebook. Entering email goes back to the login screen and Facebook login gives an error.",1,"female","Suva, Fiji","2018-02-02","negativo","i am unable to login either through email or facebook entering email goes back to the login screen and facebook login gives an error",2,"restart phone | social features | slows things down | try again later | come back",0.0333,0.0333,0.8662,0.0338,0.0333,0.0,0.0,0.0
531,"Can't log in on the phone",1,"female","Melbourne, Australia","2018-01-07","negativo","can t log in on the phone",0,"dolby atmos | high quality | download carrier hub | shuffle button | incredibly annoying",0.2,0.2,0.2,0.2,0.2,0.0,0.0,0.0
558,"Dude, this just genuinely sucks. I mean I've went on free trial and it was great but I can't even play my music after my free trial! An app that requires you to pay inorder to listen to just music? I'm not paying for a concert. Unbelievable for a music app.",1,"female","Suva, Fiji","2018-01-19","negativo","dude this just genuinely sucks i mean i ve went on free trial and it was great but i can t even play my music after my free trial an app that requires you to pay inorder to listen to just music i m not paying for a concert unbelievable for a music app",0,"dolby atmos | high quality | download carrier hub | shuffle button | incredibly annoying",0.2,0.2,0.2,0.2,0.2,0.0,0.0,0.0
607,"Not understanding why this app takes up so much space, with NO ability to move it to external storage. This app takes up THEE most space on my phone, at over 20GB of space. I might need to uninstall this app and stop paying for it. Nearly 10yrs with this app and it still has so many flaws.",1,"female","Wellington, New Zealand","2018-01-01","negativo","not understanding why this app takes up so much space with no ability to move it to external storage this app takes up thee most space on my phone at over gb of space i might need to uninstall this app and stop paying for it nearly yrs with this app and it still has so many flaws",3,"audio quality | android auto | cancel subscription | internet connection | customer support",0.1,0.1,0.1,0.5999,0.1,0.0,0.0,0.0
633,"I want to like this app so bad, but the constant buffering and errors saying that a song is not available despite being downloaded is just getting on my nerves. I like the higher quality music, and the library isn't bad (a little sparser in some areas), but the app is really bad.",1,"female","Port Moresby, Papua New Guinea","2018-02-09","negativo","i want to like this app so bad but the constant buffering and errors saying that a song is not available despite being downloaded is just getting on my nerves i like the higher quality music and the library isn t bad a little sparser in some areas but the app is really bad",1,"adding songs | tidal connect | carrier hub | works fine | years ago",0.05,0.7994,0.05,0.0501,0.0505,0.0,0.0,0.0
634,"Doesn't work properly on Android auto after latest update it was perfect Contacted customer support no resolution big post on reddit with many others with the same problem",1,"female","Adelaide, Australia","2018-01-29","negativo","doesn t work properly on android auto after latest update it was perfect contacted customer support no resolution big post on reddit with many others with the same problem",3,"audio quality | android auto | cancel subscription | internet connection | customer support",0.0667,0.0667,0.0667,0.7333,0.0667,0.0,0.0,0.0
641,"Despite being closed, the app is still running in the background on a Samsung smartphone. I did not buy a high-end phone to experience childhood problems with applications. You can't write an app, make baby bottles. Less blonde hair dye for Beyonce and less diamond earrings for Jay-Z, then you'll have a budget to develop the app.",1,"female","Canberra, Australia","2018-01-31","negativo","despite being closed the app is still running in the background on a samsung smartphone i did not buy a high end phone to experience childhood problems with applications you can t write an app make baby bottles less blonde hair dye for beyonce and less diamond earrings for jay z then you ll have a budget to develop the app",4,"go back | downloaded albums | used fine | went wrong | force stop",0.0667,0.0677,0.0667,0.0667,0.7322,0.0,0.0,0.0
646,"My Experience Is Bad Because I Can't Download To Play Offline And Also App Doesn't Allow Me To Connect To Facebook. Please Look Into The Matter.",1,"female","Melbourne, Australia","2018-01-02","negativo","my experience is bad because i can t download to play offline and also app doesn t allow me to connect to facebook please look into the matter",4,"go back | downloaded albums | used fine | went wrong | force stop",0.1,0.1,0.1,0.1,0.6,0.0,0.0,0.0
658,"Android Auto broken since last update, just says getting your selection. Other reviews say the same. Will give it another week then unsubscribe as this is my main way to listen and fed up with app developers breaking basic functions without testing. And the reply really helps the situation!!",1,"female","Wellington, New Zealand","2018-01-31","negativo","android auto broken since last update just says getting your selection other reviews say the same will give it another week then unsubscribe as this is my main way to listen and fed up with app developers breaking basic functions without testing and the reply really helps the situation",3,"audio quality | android auto | cancel subscription | internet connection | customer support",0.1,0.1,0.1,0.6,0.1,0.0,0.0,0.0
660,"Why us tidal constantly passing my PAID tidal account and yelling me its pausing because I am on an android device@ this just started happening like a month or 2 ago. Fix or I'm canceling my subscription",1,"female","Hobart, Australia","2018-02-21","negativo","why us tidal constantly passing my paid tidal account and yelling me its pausing because i am on an android device this just started happening like a month or ago fix or i m canceling my subscription",4,"go back | downloaded albums | used fine | went wrong | force stop",0.04,0.0403,0.04,0.04,0.8397,0.0,0.0,0.0
665,"The app itself is great. Unfortunately it doesn't match with Yamaha AV systems, which create a really bad experience. EDIT: I have already contacted your support. I want you to work with Yamaha and provide seemless experience, not a useless asnwer.",1,"female","Sydney, Australia","2018-01-21","negativo","the app itself is great unfortunately it doesn t match with yamaha av systems which create a really bad experience edit i have already contacted your support i want you to work with yamaha and provide seemless experience not a useless asnwer",2,"restart phone | social features | slows things down | try again later | come back",0.1,0.1,0.6,0.1,0.1,0.0,0.0,0.0
676,"The notification on the bar cannot be dismissed on Samsung Galaxy S12 Ultra.",1,"female","Nadi, Fiji","2018-02-08","negativo","the notification on the bar cannot be dismissed on samsung galaxy s ultra",0,"dolby atmos | high quality | download carrier hub | shuffle button | incredibly annoying",0.8391,0.0409,0.04,0.04,0.04,0.0,0.0,0.0
679,"App permanently plants itself in my notification bar and I can't swipe it away. I have to force close the app. Insanely annoying. Reached out to support. Was told there would be an update to fix soon. Still waiting.",1,"female","Sydney, Australia","2018-01-27","negativo","app permanently plants itself in my notification bar and i can t swipe it away i have to force close the app insanely annoying reached out to support was told there would be an update to fix soon still waiting",1,"adding songs | tidal connect | carrier hub | works fine | years ago",0.1013,0.5987,0.1,0.1,0.1,0.0,0.0,0.0
686,"Download another app to run this app? Not going to happen.",1,"female","Sydney, Australia","2018-02-07","negativo","download another app to run this app not going to happen",0,"dolby atmos | high quality | download carrier hub | shuffle button | incredibly annoying",0.2,0.2,0.2,0.2,0.2,0.0,0.0,0.0
699,"Chromecast and Android Auto playback broken in the last couple of weeks. Plays wrong track on Chromecast and albums don't play at all on Auto. That's 90% of my use of the app :( Will we get a refund for the period it was broken?",1,"female","Wellington, New Zealand","2018-02-27","negativo","chromecast and android auto playback broken in the last couple of weeks plays wrong track on chromecast and albums don t play at all on auto that s of my use of the app will we get a refund for the period it was broken",3,"audio quality | android auto | cancel subscription | internet connection | customer support",0.1,0.1,0.1,0.6,0.1,0.0,0.0,0.0
717,"Pathetic and useless couldn't even establish singin it crashed",1,"female","Perth, Australia","2017-12-15","negativo","pathetic and useless couldn t even establish singin it crashed",0,"dolby atmos | high quality | download carrier hub | shuffle button | incredibly annoying",0.2,0.2,0.2,0.2,0.2,0.0,0.0,0.0
720,"Terrible lately! Keeps cutting every 2 seconds!",1,"female","Queenstown, New Zealand","2017-12-30","negativo","terrible lately keeps cutting every seconds",0,"dolby atmos | high quality | download carrier hub | shuffle button | incredibly annoying",0.2,0.2,0.2,0.2,0.2,0.0,0.0,0.0
739,"The app is incredibly annoying. It regularly logs me out, just to force me to waste my time logging in again. I didn't have this problem with Spotify, so I will probably switch back.",1,"female","Wellington, New Zealand","2018-01-10","negativo","the app is incredibly annoying it regularly logs me out just to force me to waste my time logging in again i didn t have this problem with spotify so i will probably switch back",0,"dolby atmos | high quality | download carrier hub | shuffle button | incredibly annoying",0.7333,0.0667,0.0667,0.0667,0.0667,0.0,0.0,0.0
766,"Playback always pauses because I'm on a android it sucks happens all time can't play music without interrupting!!!! Fix this plz or I'm bouncing !!!!!! Still reoccurring after I spoke with support I'm done with this app it's below par!!!!!!",1,"female","Canberra, Australia","2018-02-25","negativo","playback always pauses because i m on a android it sucks happens all time can t play music without interrupting fix this plz or i m bouncing still reoccurring after i spoke with support i m done with this app it s below par",0,"dolby atmos | high quality | download carrier hub | shuffle button | incredibly annoying",0.2,0.2,0.2,0.2,0.2,0.0,0.0,0.0
778,"Less songs and more crashes for the same price... The quality is the only redeeming feature of this service, but can't say it's worth",1,"female","Auckland, New Zealand","2018-01-31","negativo","less songs and more crashes for the same price the quality is the only redeeming feature of this service but can t say it s worth",0,"dolby atmos | high quality | download carrier hub | shuffle button | incredibly annoying",0.2,0.2,0.2,0.2,0.2,0.0,0.0,0.0
782,"This app is a total rubbish",1,"female","Brisbane, Australia","2018-02-04","negativo","this app is a total rubbish",0,"dolby atmos | high quality | download carrier hub | shuffle button | incredibly annoying",0.2,0.2,0.2,0.2,0.2,0.0,0.0,0.0
789,"The ""playing now"" notification never dismisses. Very annoying. I have to restart my phone to get rid of it.",1,"female","Perth, Australia","2018-02-09","negativo","the playing now notification never dismisses very annoying i have to restart my phone to get rid of it",2,"restart phone | social features | slows things down | try again later | come back",0.1,0.1,0.6,0.1,0.1,0.0,0.0,0.0
812,"What's the point of downloading an album when I'm on a plane and can't listen to it unless i ""tap to refresh""?",1,"female","Adelaide, Australia","2018-02-24","negativo","what s the point of downloading an album when i m on a plane and can t listen to it unless i tap to refresh",0,"dolby atmos | high quality | download carrier hub | shuffle button | incredibly annoying",0.2,0.2,0.2,0.2,0.2,0.0,0.0,0.0
834,"How on earth has Tidal not touched their app since NOVEMBER. Are months without updates going to be the new norm?",1,"female","Christchurch, New Zealand","2017-12-17","negativo","how on earth has tidal not touched their app since november are months without updates going to be the new norm",0,"dolby atmos | high quality | download carrier hub | shuffle button | incredibly annoying",0.2,0.2,0.2,0.2,0.2,0.0,0.0,0.0
835,"This app is horrible. you can't even play music or do anything without paying a subscription. id rather just go back to spotofy as it has more music recommendations and isn't as greedy as TIDAL",1,"female","Adelaide, Australia","2018-02-27","negativo","this app is horrible you can t even play music or do anything without paying a subscription id rather just go back to spotofy as it has more music recommendations and isn t as greedy as tidal",1,"adding songs | tidal connect | carrier hub | works fine | years ago",0.0667,0.7301,0.0671,0.0674,0.0687,0.0,0.0,0.0
859,"this app doesn't play downloaded music offline it requires data for everything",1,"female","Auckland, New Zealand","2018-01-08","negativo","this app doesn t play downloaded music offline it requires data for everything",3,"audio quality | android auto | cancel subscription | internet connection | customer support",0.1009,0.1,0.1,0.599,0.1,0.0,0.0,0.0
868,"UPDATE: The canned responses to reviews don't make users feel heard. They just emphasize that the developers are oblivious and lazy. Uninstalled. This is the only app that still tosses global music in a bucket. I searched for Kurdish music. All of my ""suggestions"" and search results are just any random foreign music. ""Global"" music should not even be a category in 2023, when virtually any ethnic group has its own huge catalog on every other music app. Also, the app doesn't work well.",1,"female","Christchurch, New Zealand","2018-01-15","negativo","update the canned responses to reviews don t make users feel heard they just emphasize that the developers are oblivious and lazy uninstalled this is the only app that still tosses global music in a bucket i searched for kurdish music all of my suggestions and search results are just any random foreign music global music should not even be a category in when virtually any ethnic group has its own huge catalog on every other music app also the app doesn t work well",0,"dolby atmos | high quality | download carrier hub | shuffle button | incredibly annoying",0.2,0.2,0.2,0.2,0.2,0.0,0.0,0.0
908,"Doesn't work at all. Tells me I need T-Mobile Carrier Hub, but I don't even have T-Mobile. Can't use.",1,"female","Queenstown, New Zealand","2017-12-27","negativo","doesn t work at all tells me i need t mobile carrier hub but i don t even have t mobile can t use",1,"adding songs | tidal connect | carrier hub | works fine | years ago",0.0511,0.7989,0.05,0.05,0.05,0.0,0.0,0.0
931,"Bought a 3 month subscription that I can't even use because of this stupid app!! Keeps giving me a log in error when I click on login instead of continue with Facebook",1,"female","Hobart, Australia","2018-01-18","negativo","bought a month subscription that i can t even use because of this stupid app keeps giving me a log in error when i click on login instead of continue with facebook",0,"dolby atmos | high quality | download carrier hub | shuffle button | incredibly annoying",0.2,0.2,0.2,0.2,0.2,0.0,0.0,0.0
965,"Created an account to try this service for the HiFi features and each time I tried to log in to the app on my Pixel 7, the app just takes me back to the login screen. I verified my email and everything. Couldn't even get started with Tidal. Back to Spotify, I guess",1,"female","Nadi, Fiji","2018-01-15","negativo","created an account to try this service for the hifi features and each time i tried to log in to the app on my pixel the app just takes me back to the login screen i verified my email and everything couldn t even get started with tidal back to spotify i guess",3,"audio quality | android auto | cancel subscription | internet connection | customer support",0.04,0.04,0.0413,0.8379,0.0408,0.0,0.0,0.0
999,"I wanted to like it, but some songs I want aren’t available on TIDAL. It ends up feeling limited.",1,"female","Brisbane, Australia","2018-02-15","negativo","i wanted to like it but some songs i want aren t available on tidal it ends up feeling limited",2,"restart phone | social features | slows things down | try again later | come back",0.0286,0.0286,0.8857,0.0286,0.0286,0.0,0.0,0.0
1001,"So far, recommendations are not very accurate. It gets frustrating after a while.",1,"female","Port Moresby, Papua New Guinea","2018-01-16","negativo","so far recommendations are not very accurate it gets frustrating after a while",2,"restart phone | social features | slows things down | try again later | come back",0.04,0.04,0.84,0.04,0.04,0.0,0.0,0.0
1006,"I’d say the user interface can feel unintuitive. That part could definitely be improved.",1,"female","Adelaide, Australia","2018-01-05","negativo","i d say the user interface can feel unintuitive that part could definitely be improved",3,"audio quality | android auto | cancel subscription | internet connection | customer support",0.04,0.04,0.0402,0.8392,0.0407,0.0,0.0,0.0
1015,"So far, search doesn’t always find what I need. That part could definitely be improved.",1,"female","Queenstown, New Zealand","2018-01-05","negativo","so far search doesn t always find what i need that part could definitely be improved",4,"go back | downloaded albums | used fine | went wrong | force stop",0.04,0.04,0.0401,0.0401,0.8398,0.0,0.0,0.0
1040,"So far, the subscription feels expensive. It ends up feeling limited.",1,"female","Auckland, New Zealand","2018-02-28","negativo","so far the subscription feels expensive it ends up feeling limited",2,"restart phone | social features | slows things down | try again later | come back",0.04,0.0403,0.8397,0.04,0.04,0.0,0.0,0.0
1082,"One issue is that it doesn’t have many social features. It gets frustrating after a while.",1,"female","Sydney, Australia","2018-02-11","negativo","one issue is that it doesn t have many social features it gets frustrating after a while",2,"restart phone | social features | slows things down | try again later | come back",0.04,0.0401,0.8399,0.04,0.04,0.0,0.0,0.0
1108,"Honestly, i don’t always notice the audio quality difference. That part could definitely be improved.",1,"female","Nadi, Fiji","2018-02-27","negativo","honestly i don t always notice the audio quality difference that part could definitely be improved",3,"audio quality | android auto | cancel subscription | internet connection | customer support",0.0286,0.0286,0.0286,0.8853,0.0289,0.0,0.0,0.0
1117,"I’d say not many people I know use it. It gets frustrating after a while.",1,"female","Auckland, New Zealand","2017-12-17","negativo","i d say not many people i know use it it gets frustrating after a while",2,"restart phone | social features | slows things down | try again later | come back",0.05,0.05,0.8,0.05,0.05,0.0,0.0,0.0
1141,"What bothers me is that recommendations are not very accurate. It slows things down.",1,"female","Wellington, New Zealand","2018-02-27","negativo","what bothers me is that recommendations are not very accurate it slows things down",2,"restart phone | social features | slows things down | try again later | come back",0.04,0.04,0.84,0.04,0.04,0.0,0.0,0.0
1143,"In my experience, playback can be slow or buffer sometimes. It makes the experience less enjoyable.",1,"female","Canberra, Australia","2018-03-01","negativo","in my experience playback can be slow or buffer sometimes it makes the experience less enjoyable",4,"go back | downloaded albums | used fine | went wrong | force stop",0.0286,0.0286,0.0286,0.0286,0.8857,0.0,0.0,0.0
1152,"In my experience, it doesn’t have many social features. It makes it harder to justify using it.",1,"female","Adelaide, Australia","2018-01-29","negativo","in my experience it doesn t have many social features it makes it harder to justify using it",1,"adding songs | tidal connect | carrier hub | works fine | years ago",0.04,0.8379,0.0417,0.04,0.0404,0.0,0.0,0.0
1172,"Personally, it doesn’t have many social features. It slows things down.",1,"female","Wellington, New Zealand","2018-01-24","negativo","personally it doesn t have many social features it slows things down",2,"restart phone | social features | slows things down | try again later | come back",0.04,0.0401,0.8399,0.04,0.04,0.0,0.0,0.0
1176,"In my experience, the user interface can feel unintuitive. It makes the app less appealing.",1,"female","Perth, Australia","2017-12-30","negativo","in my experience the user interface can feel unintuitive it makes the app less appealing",3,"audio quality | android auto | cancel subscription | internet connection | customer support",0.05,0.05,0.05,0.8,0.05,0.0,0.0,0.0
1184,"For me, the app can feel sluggish occasionally. It makes the experience less enjoyable.",1,"female","Queenstown, New Zealand","2017-12-21","negativo","for me the app can feel sluggish occasionally it makes the experience less enjoyable",4,"go back | downloaded albums | used fine | went wrong | force stop",0.1,0.1,0.1015,0.1,0.5985,0.0,0.0,0.0
1202,"Honestly, it doesn’t have many social features.",1,"female","Hobart, Australia","2017-12-31","negativo","honestly it doesn t have many social features",2,"restart phone | social features | slows things down | try again later | come back",0.1,0.1007,0.5993,0.1,0.1,0.0,0.0,0.0
1203,"One issue is that playback can be slow or buffer sometimes. It makes it harder to justify using it.",1,"female","Christchurch, New Zealand","2017-12-22","negativo","one issue is that playback can be slow or buffer sometimes it makes it harder to justify using it",4,"go back | downloaded albums | used fine | went wrong | force stop",0.0222,0.0228,0.0222,0.0222,0.9105,0.0,0.0,0.0
1207,"For me, not many people I know use it. That part could definitely be improved.",1,"female","Port Moresby, Papua New Guinea","2018-01-03","negativo","for me not many people i know use it that part could definitely be improved",4,"go back | downloaded albums | used fine | went wrong | force stop",0.1,0.1,0.1009,0.1017,0.5974,0.0,0.0,0.0
1218,"For me, i don’t always notice the audio quality difference.",1,"female","Canberra, Australia","2018-02-18","negativo","for me i don t always notice the audio quality difference",3,"audio quality | android auto | cancel subscription | internet connection | customer support",0.0333,0.0333,0.0333,0.8667,0.0333,0.0,0.0,0.0
1222,"In my experience, it doesn’t have many social features. It makes the experience less enjoyable.",1,"female","Port Moresby, Papua New Guinea","2017-12-25","negativo","in my experience it doesn t have many social features it makes the experience less enjoyable",2,"restart phone | social features | slows things down | try again later | come back",0.0667,0.0669,0.73,0.0667,0.0698,0.0,0.0,0.0
1228,"In my experience, i don’t always notice the audio quality difference.",1,"female","Hobart, Australia","2017-12-09","negativo","in my experience i don t always notice the audio quality difference",3,"audio quality | android auto | cancel subscription | internet connection | customer support",0.0333,0.0333,0.0333,0.8667,0.0333,0.0,0.0,0.0
1233,"Honestly, playback can be slow or buffer sometimes. That part could definitely be improved.",1,"female","Wellington, New Zealand","2018-02-07","negativo","honestly playback can be slow or buffer sometimes that part could definitely be improved",4,"go back | downloaded albums | used fine | went wrong | force stop",0.0286,0.0286,0.0286,0.0286,0.8856,0.0,0.0,0.0
1247,"I wanted to like it, but not many people I know use it.",1,"female","Wellington, New Zealand","2018-01-03","negativo","i wanted to like it but not many people i know use it",0,"dolby atmos | high quality | download carrier hub | shuffle button | incredibly annoying",0.2,0.2,0.2,0.2,0.2,0.0,0.0,0.0
1255,"In my experience, search doesn’t always find what I need. It slows things down.",1,"female","Gold Coast, Australia","2018-01-23","negativo","in my experience search doesn t always find what i need it slows things down",2,"restart phone | social features | slows things down | try again later | come back",0.0286,0.0286,0.4574,0.0286,0.4569,0.0,0.0,0.0
1260,"I wanted to like it, but the subscription feels expensive. It makes it harder to justify using it.",1,"female","Hobart, Australia","2017-12-09","negativo","i wanted to like it but the subscription feels expensive it makes it harder to justify using it",1,"adding songs | tidal connect | carrier hub | works fine | years ago",0.04,0.8393,0.0403,0.04,0.0404,0.0,0.0,0.0
1266,"So far, the user interface can feel unintuitive. It slows things down.",1,"female","Queenstown, New Zealand","2018-02-07","negativo","so far the user interface can feel unintuitive it slows things down",2,"restart phone | social features | slows things down | try again later | come back",0.0286,0.0286,0.4577,0.4566,0.0286,0.0,0.0,0.0
1289,"For me, some songs I want aren’t available on TIDAL. That part could definitely be improved.",1,"female","Christchurch, New Zealand","2017-12-13","negativo","for me some songs i want aren t available on tidal that part could definitely be improved",2,"restart phone | social features | slows things down | try again later | come back",0.04,0.04,0.8382,0.0405,0.0413,0.0,0.0,0.0
1318,"Go round in circles when unsuccessfully trying to install",1,"female","Port Moresby, Papua New Guinea","2018-02-12","negativo","go round in circles when unsuccessfully trying to install",0,"dolby atmos | high quality | download carrier hub | shuffle button | incredibly annoying",0.2,0.2,0.2,0.2,0.2,0.0,0.0,0.0
1332,"buggy, sometimes music freezes and jumps. i have come across the issue of not having songs that were available on Spotify, which was really frustrating. also i get the sense that during these playback bugs the song is slightly sped up briefly. it really is quite annoying, so i hope you iron these out because i can't return to Spotify due to their mistreatment of artists. the app is sort of slow aswell.",1,"female","Gold Coast, Australia","2018-03-01","negativo","buggy sometimes music freezes and jumps i have come across the issue of not having songs that were available on spotify which was really frustrating also i get the sense that during these playback bugs the song is slightly sped up briefly it really is quite annoying so i hope you iron these out because i can t return to spotify due to their mistreatment of artists the app is sort of slow aswell",2,"restart phone | social features | slows things down | try again later | come back",0.1,0.1,0.6,0.1,0.1,0.0,0.0,0.0
1338,"Often dont works with my m17,even with the update,the message says that is a network problem but everything works flawless in m17,deezer,youtube etc",1,"female","Wellington, New Zealand","2018-01-19","negativo","often dont works with my m even with the update the message says that is a network problem but everything works flawless in m deezer youtube etc",0,"dolby atmos | high quality | download carrier hub | shuffle button | incredibly annoying",0.2,0.2,0.2,0.2,0.2,0.0,0.0,0.0
1345,"Horrible, waste of time. Does not work",1,"female","Sydney, Australia","2017-12-16","negativo","horrible waste of time does not work",0,"dolby atmos | high quality | download carrier hub | shuffle button | incredibly annoying",0.2,0.2,0.2,0.2,0.2,0.0,0.0,0.0
1355,"Won't allow me to login on more than 1 device and it's a hassle to work with tech support.",1,"female","Queenstown, New Zealand","2018-02-28","negativo","won t allow me to login on more than device and it s a hassle to work with tech support",0,"dolby atmos | high quality | download carrier hub | shuffle button | incredibly annoying",0.2,0.2,0.2,0.2,0.2,0.0,0.0,0.0
1359,"App won't download to my Android S23 phone.",1,"female","Gold Coast, Australia","2018-01-04","negativo","app won t download to my android s phone",4,"go back | downloaded albums | used fine | went wrong | force stop",0.1,0.1,0.1,0.1,0.6,0.0,0.0,0.0
1366,"Issues with DAC. Does not work well with FiiO Btr5-2021.",1,"female","Perth, Australia","2017-12-23","negativo","issues with dac does not work well with fiio btr",0,"dolby atmos | high quality | download carrier hub | shuffle button | incredibly annoying",0.2,0.2,0.2,0.2,0.2,0.0,0.0,0.0
1388,"All I got is the request to download the t-mobile hub. Not doing that. Read a review that made me think thus would be a great option to Spotify. It's not if I can't run it on its own.",1,"female","Perth, Australia","2017-12-06","negativo","all i got is the request to download the t mobile hub not doing that read a review that made me think thus would be a great option to spotify it s not if i can t run it on its own",0,"dolby atmos | high quality | download carrier hub | shuffle button | incredibly annoying",0.2,0.2,0.2,0.2,0.2,0.0,0.0,0.0
1397,"That stupid app, does not work in the flight mode",1,"female","Queenstown, New Zealand","2018-02-15","negativo","that stupid app does not work in the flight mode",0,"dolby atmos | high quality | download carrier hub | shuffle button | incredibly annoying",0.2,0.2,0.2,0.2,0.2,0.0,0.0,0.0
1427,"title on the Google interface has no features whatsoever. it is impossible to select the music you would like to listen to without sorting through your entire collection. this is the worst UX I have seen.",1,"female","Wellington, New Zealand","2018-02-19","negativo","title on the google interface has no features whatsoever it is impossible to select the music you would like to listen to without sorting through your entire collection this is the worst ux i have seen",0,"dolby atmos | high quality | download carrier hub | shuffle button | incredibly annoying",0.5999,0.1,0.1,0.1,0.1,0.0,0.0,0.0
1450,"Every morning have to restart phone to get to work...this has been going on for a month now",1,"female","Hobart, Australia","2018-01-20","negativo","every morning have to restart phone to get to work this has been going on for a month now",2,"restart phone | social features | slows things down | try again later | come back",0.1,0.1,0.6,0.1,0.1,0.0,0.0,0.0
1457,"Requires installation of a separate thing that the store says I can't install, so I can't actually use the Tidal app at all.",1,"female","Canberra, Australia","2017-12-04","negativo","requires installation of a separate thing that the store says i can t install so i can t actually use the tidal app at all",0,"dolby atmos | high quality | download carrier hub | shuffle button | incredibly annoying",0.2,0.2,0.2,0.2,0.2,0.0,0.0,0.0
1481,"CRASHES AND UNEXPECTEDLY CLOSES ENTIRELY TOO MUCH. LIKE 4 5 TIMES IN A DAY. ITS EXTREMELY AGGRAVATING. BUT OUTSIDE OF THAT ITS A GREAT APP WHEN IT WORKS LIKE ITS SUPPOSE TO.",1,"female","Christchurch, New Zealand","2018-01-08","negativo","crashes and unexpectedly closes entirely too much like times in a day its extremely aggravating but outside of that its a great app when it works like its suppose to",0,"dolby atmos | high quality | download carrier hub | shuffle button | incredibly annoying",0.2,0.2,0.2,0.2,0.2,0.0,0.0,0.0
1484,"Gave up and canceled my subscription It won't quit stopping my music. I can't get through 1 song Don't even waste your time it has gotten worse and worse before it was if I used my phone now, it's constantly I've had this app for like 8 years +",1,"female","Auckland, New Zealand","2018-02-02","negativo","gave up and canceled my subscription it won t quit stopping my music i can t get through song don t even waste your time it has gotten worse and worse before it was if i used my phone now it s constantly i ve had this app for like years",2,"restart phone | social features | slows things down | try again later | come back",0.0511,0.05,0.7985,0.0504,0.05,0.0,0.0,0.0
1505,"Worstest app have ever see..I was asked to used phone number to register and I was asked to login with email that they don't ask me to register with...",1,"female","Adelaide, Australia","2018-01-27","negativo","worstest app have ever see i was asked to used phone number to register and i was asked to login with email that they don t ask me to register with",2,"restart phone | social features | slows things down | try again later | come back",0.1,0.1,0.6,0.1,0.1,0.0,0.0,0.0
1506,"What the hell happened? I'm getting a pop up on EVERY SONG telling me to upgrade to get better quality. It shows up when using other apps, too, making me have to choose between music or using my phone. I just switched from Spotify and was enjoying your app, but this is absolute garbage.",1,"female","Wellington, New Zealand","2018-02-02","negativo","what the hell happened i m getting a pop up on every song telling me to upgrade to get better quality it shows up when using other apps too making me have to choose between music or using my phone i just switched from spotify and was enjoying your app but this is absolute garbage",2,"restart phone | social features | slows things down | try again later | come back",0.0333,0.0338,0.866,0.0335,0.0333,0.0,0.0,0.0
1526,"Paid premium service for the app via purchase of Sony headphones, songs literally stop playing after a few seconds up to a minute of playback for no reason. When I resume playback the song either restarts or reverts to wherever I manually set the track to be at per where it previously stopped. Figured it was some permissions issue but I've enabled any kind of background use settings to no avail. Definitely not worth proceeding beyond trial period provided by the headphones purchased for sure.",1,"female","Suva, Fiji","2017-12-04","negativo","paid premium service for the app via purchase of sony headphones songs literally stop playing after a few seconds up to a minute of playback for no reason when i resume playback the song either restarts or reverts to wherever i manually set the track to be at per where it previously stopped figured it was some permissions issue but i ve enabled any kind of background use settings to no avail definitely not worth proceeding beyond trial period provided by the headphones purchased for sure",2,"restart phone | social features | slows things down | try again later | come back",0.0286,0.0291,0.8849,0.0288,0.0286,0.0,0.0,0.0
1530,"Bugs bugs bugs and they keep increasing the rate. The android app will not even play a full song without stopping. Forceclose, Uninstall, reinstall... nothing works. Calling and canceling for a refund.",1,"female","Port Moresby, Papua New Guinea","2018-02-01","negativo","bugs bugs bugs and they keep increasing the rate the android app will not even play a full song without stopping forceclose uninstall reinstall nothing works calling and canceling for a refund",0,"dolby atmos | high quality | download carrier hub | shuffle button | incredibly annoying",0.2,0.2,0.2,0.2,0.2,0.0,0.0,0.0
1549,"I purchased 300$ headphones and trying to test 360 audio not available for free trial how do I know I want to drop 20$ monthly if I can't try it",1,"female","Port Moresby, Papua New Guinea","2018-01-23","negativo","i purchased headphones and trying to test audio not available for free trial how do i know i want to drop monthly if i can t try it",0,"dolby atmos | high quality | download carrier hub | shuffle button | incredibly annoying",0.2,0.2,0.2,0.2,0.2,0.0,0.0,0.0
1551,"Was working great until a couple of days ago. Now the app always freezes. Please fix! Can only listen to on desktop 😕",1,"female","Nadi, Fiji","2018-02-09","negativo","was working great until a couple of days ago now the app always freezes please fix can only listen to on desktop",3,"audio quality | android auto | cancel subscription | internet connection | customer support",0.0333,0.0333,0.0333,0.8667,0.0333,0.0,0.0,0.0
1560,"Long time user, but here recently, the app is constantly crashing after about 3 songs. I have done everything but un-subscribe. I really hope they get this fixed soon as I'm not the only one having issues. I may be taking my streaming elsewhere.",1,"female","Perth, Australia","2017-12-07","negativo","long time user but here recently the app is constantly crashing after about songs i have done everything but un subscribe i really hope they get this fixed soon as i m not the only one having issues i may be taking my streaming elsewhere",2,"restart phone | social features | slows things down | try again later | come back",0.0504,0.05,0.7993,0.05,0.0502,0.0,0.0,0.0
1569,"Too many player issues (Android) Like Amazon Music, Tidal has committed the unforgivable sin of countless technical issues, playback failing, downloads not working, and offline playback issues, why does it take 5 seconds to start playing an offline track, if it even plays at all past 5 seconds without crashing the app? Why does my AUTHORIZED device not show up to restore downloaded content? I've had enough. I'm done with this. Good riddance! I was a paying subscriber for a year, HiFi Family.",1,"female","Hobart, Australia","2017-12-09","negativo","too many player issues android like amazon music tidal has committed the unforgivable sin of countless technical issues playback failing downloads not working and offline playback issues why does it take seconds to start playing an offline track if it even plays at all past seconds without crashing the app why does my authorized device not show up to restore downloaded content i ve had enough i m done with this good riddance i was a paying subscriber for a year hifi family",0,"dolby atmos | high quality | download carrier hub | shuffle button | incredibly annoying",0.9104,0.0227,0.0222,0.0223,0.0223,0.0,0.0,0.0
1580,"Borderline unusable app. Crashes incessantly. Clear the cache, still crashes. It's been almost unplayable for a few months now.",1,"female","Suva, Fiji","2018-02-12","negativo","borderline unusable app crashes incessantly clear the cache still crashes it s been almost unplayable for a few months now",4,"go back | downloaded albums | used fine | went wrong | force stop",0.1,0.1,0.1,0.1,0.6,0.0,0.0,0.0
1583,"Offline mode doesn't work. The only reason I signed up for premium was for offline mode. Have tried everything to get it to work Might be worth moving back to Spotify. As everything just works. No point having a premium service that barely works.",1,"female","Gold Coast, Australia","2018-01-13","negativo","offline mode doesn t work the only reason i signed up for premium was for offline mode have tried everything to get it to work might be worth moving back to spotify as everything just works no point having a premium service that barely works",3,"audio quality | android auto | cancel subscription | internet connection | customer support",0.0286,0.0291,0.0287,0.8847,0.0289,0.0,0.0,0.0
1589,"Donwliaded music still requires internet connection! The sound is cool but the fact that I still need to be connected to the internet bugs me big time! Spotify is cheaper and yet offers the offline service! When will this ger fixed? Or else I will be reconsider my membership!",1,"female","Perth, Australia","2018-02-17","negativo","donwliaded music still requires internet connection the sound is cool but the fact that i still need to be connected to the internet bugs me big time spotify is cheaper and yet offers the offline service when will this ger fixed or else i will be reconsider my membership",3,"audio quality | android auto | cancel subscription | internet connection | customer support",0.1,0.1,0.1,0.6,0.1,0.0,0.0,0.0
1632,"I wish this app will available in the Philippines right now I been waiting this app for 2 years but now its still not available pls there are no bugs",1,"female","Gold Coast, Australia","2017-12-31","negativo","i wish this app will available in the philippines right now i been waiting this app for years but now its still not available pls there are no bugs",0,"dolby atmos | high quality | download carrier hub | shuffle button | incredibly annoying",0.2,0.2,0.2,0.2,0.2,0.0,0.0,0.0
1659,"I want songs to download and listen offline or listen offline. So this isn't the app that I was looking for... UNINSTALLING",1,"female","Canberra, Australia","2017-12-16","negativo","i want songs to download and listen offline or listen offline so this isn t the app that i was looking for uninstalling",4,"go back | downloaded albums | used fine | went wrong | force stop",0.1,0.1,0.1,0.1,0.6,0.0,0.0,0.0
1664,"Worst music streaming app, avoid!!! Spotify is much better, louder better podcasts and has pretty much the same catalog of music. This app has technical glitches that results in your music being paused every 10 seconds. Worst experience with any app I've come across and the support is nonexistent.",1,"female","Auckland, New Zealand","2018-02-15","negativo","worst music streaming app avoid spotify is much better louder better podcasts and has pretty much the same catalog of music this app has technical glitches that results in your music being paused every seconds worst experience with any app i ve come across and the support is nonexistent",2,"restart phone | social features | slows things down | try again later | come back",0.05,0.05,0.7993,0.0502,0.0505,0.0,0.0,0.0
1676,"It says unavaliable for my country even though i am in the u.s. or if i try to login with facebook it then says an error occured.",1,"female","Gold Coast, Australia","2018-02-18","negativo","it says unavaliable for my country even though i am in the u s or if i try to login with facebook it then says an error occured",0,"dolby atmos | high quality | download carrier hub | shuffle button | incredibly annoying",0.2,0.2,0.2,0.2,0.2,0.0,0.0,0.0
1700,"If you like to listen to anything outside of rap, this ain't your app. When I put on any older song it plays the same 15 or so songs over again. As far as HiFi I'm also not convinced....all mids and highs on a JBL and 2 12s on a Wolfram....I didn't notice a difference in SQ.",1,"female","Nadi, Fiji","2017-12-15","negativo","if you like to listen to anything outside of rap this ain t your app when i put on any older song it plays the same or so songs over again as far as hifi i m also not convinced all mids and highs on a jbl and s on a wolfram i didn t notice a difference in sq",3,"audio quality | android auto | cancel subscription | internet connection | customer support",0.1,0.1,0.1,0.6,0.1,0.0,0.0,0.0
1723,"I installed it but can't use it. Keeps asking me to subscribe to some exelternal service. Error keeps popping up. Not recommended, uninstalling.",1,"female","Gold Coast, Australia","2018-02-16","negativo","i installed it but can t use it keeps asking me to subscribe to some exelternal service error keeps popping up not recommended uninstalling",0,"dolby atmos | high quality | download carrier hub | shuffle button | incredibly annoying",0.2,0.2,0.2,0.2,0.2,0.0,0.0,0.0
1745,"can't delete account. can't delete credit card. can't skip favorite artists pop up",1,"female","Sydney, Australia","2018-02-08","negativo","can t delete account can t delete credit card can t skip favorite artists pop up",1,"adding songs | tidal connect | carrier hub | works fine | years ago",0.0406,0.8394,0.04,0.04,0.04,0.0,0.0,0.0
1775,"when I make a playlist on my phone, my TV doesn't recognize it and forces out of the app",1,"female","Perth, Australia","2017-12-19","negativo","when i make a playlist on my phone my tv doesn t recognize it and forces out of the app",0,"dolby atmos | high quality | download carrier hub | shuffle button | incredibly annoying",0.2,0.2,0.2,0.2,0.2,0.0,0.0,0.0
1780,"Horrible! Won't even open on my Android. So over seeing the message..."" An error occurred opening app."" Eerrrrr!",1,"female","Perth, Australia","2018-02-11","negativo","horrible won t even open on my android so over seeing the message an error occurred opening app eerrrrr",0,"dolby atmos | high quality | download carrier hub | shuffle button | incredibly annoying",0.2,0.2,0.2,0.2,0.2,0.0,0.0,0.0
1799,"I love Tidal in terms of who it's from, what it represents and the content available on it BUT the app sucks!!!! It's always crashing and is unreliable in that nature.",1,"female","Christchurch, New Zealand","2018-01-04","negativo","i love tidal in terms of who it s from what it represents and the content available on it but the app sucks it s always crashing and is unreliable in that nature",0,"dolby atmos | high quality | download carrier hub | shuffle button | incredibly annoying",0.2,0.2,0.2,0.2,0.2,0.0,0.0,0.0
1819,"just doesn't work. whenever I try to sign up, I get a push notification saying ""carrier hub required,"" but nothing else happens. when I tap the notification, it takes me to Play store, but that app isn't available for my carrier. never had this happen with an app before.",1,"female","Adelaide, Australia","2018-02-13","negativo","just doesn t work whenever i try to sign up i get a push notification saying carrier hub required but nothing else happens when i tap the notification it takes me to play store but that app isn t available for my carrier never had this happen with an app before",0,"dolby atmos | high quality | download carrier hub | shuffle button | incredibly annoying",0.7998,0.0502,0.05,0.05,0.05,0.0,0.0,0.0
1820,"Don't know what exactly happened to this app. I pay monthly for this service yet every song pauses saying playback pause because your playing on Android.",1,"female","Canberra, Australia","2018-01-26","negativo","don t know what exactly happened to this app i pay monthly for this service yet every song pauses saying playback pause because your playing on android",4,"go back | downloaded albums | used fine | went wrong | force stop",0.0667,0.0667,0.0667,0.0667,0.7333,0.0,0.0,0.0
1826,"Give back the option to search by Track, Album and Artist, individually. Too hard to find something when there's no filter(s).",1,"female","Wellington, New Zealand","2018-02-03","negativo","give back the option to search by track album and artist individually too hard to find something when there s no filter s",2,"restart phone | social features | slows things down | try again later | come back",0.1,0.1,0.6,0.1,0.1,0.0,0.0,0.0
1831,"Latest update broke the app for me, the change to the UI has made it so I can't open my collection offline. Extra frustrating as I switched over from Spotify since they wouldn't stop arbitrarily changing their UI",1,"female","Nadi, Fiji","2018-02-16","negativo","latest update broke the app for me the change to the ui has made it so i can t open my collection offline extra frustrating as i switched over from spotify since they wouldn t stop arbitrarily changing their ui",1,"adding songs | tidal connect | carrier hub | works fine | years ago",0.1,0.5985,0.1015,0.1,0.1,0.0,0.0,0.0
1838,"Requires TMobile Magenta App. Lost me as a potential customer.",1,"female","Nadi, Fiji","2018-03-03","negativo","requires tmobile magenta app lost me as a potential customer",1,"adding songs | tidal connect | carrier hub | works fine | years ago",0.1,0.6,0.1,0.1,0.1,0.0,0.0,0.0
1860,"Unusable, using with a Sonata HD external DAC and a Xiaomi 11. Even at the lowest volume setting it just about burst my eardrums with my OEM's.Sonata HD V cannot directly listen to MQA songs on the Tidal app, because the TIDAL app on Android mobile devices uses the universal driver on the mobile phone and cannot directly recognize MQA songs, and the output is ordinary PCM songs. You can use music APPs that support MQA. Such as HiByMusic app, with built-in TIDAL and a dedicated driver, which ca",1,"female","Canberra, Australia","2018-01-16","negativo","unusable using with a sonata hd external dac and a xiaomi even at the lowest volume setting it just about burst my eardrums with my oem s sonata hd v cannot directly listen to mqa songs on the tidal app because the tidal app on android mobile devices uses the universal driver on the mobile phone and cannot directly recognize mqa songs and the output is ordinary pcm songs you can use music apps that support mqa such as hibymusic app with built in tidal and a dedicated driver which ca",2,"restart phone | social features | slows things down | try again later | come back",0.1,0.1,0.6,0.1,0.1,0.0,0.0,0.0
1875,"This app does not work. I subscribed and still cannot use the app at all. The support team isn't helping.",1,"female","Adelaide, Australia","2018-03-04","negativo","this app does not work i subscribed and still cannot use the app at all the support team isn t helping",4,"go back | downloaded albums | used fine | went wrong | force stop",0.1,0.1,0.1,0.1,0.6,0.0,0.0,0.0
1886,"Unable to log in. ""Carrier hub required"" but I don't have T-Mobile, I use Fi and do not have permission to download the Carrier Hub Magenta app.",1,"female","Nadi, Fiji","2017-12-29","negativo","unable to log in carrier hub required but i don t have t mobile i use fi and do not have permission to download the carrier hub magenta app",0,"dolby atmos | high quality | download carrier hub | shuffle button | incredibly annoying",0.8999,0.0251,0.025,0.025,0.025,0.0,0.0,0.0
1891,"app no ​​longer works on samsung tv :( and you have 1 star because your playlist is terrible. Regarding sound quality, you have a lot to learn from spotify. I regret that I subscribed for a whole year and I can't use it on samsung tv",1,"female","Perth, Australia","2017-12-08","negativo","app no longer works on samsung tv and you have star because your playlist is terrible regarding sound quality you have a lot to learn from spotify i regret that i subscribed for a whole year and i can t use it on samsung tv",0,"dolby atmos | high quality | download carrier hub | shuffle button | incredibly annoying",0.2,0.2,0.2,0.2,0.2,0.0,0.0,0.0
1898,"Can't even sign up because I can't download the carrier hub app because I'm not a sprint customer. What worthless human being thought this was a good idea? This has apparently been a problem for a year and it still isn't fixed.",1,"female","Perth, Australia","2017-12-17","negativo","can t even sign up because i can t download the carrier hub app because i m not a sprint customer what worthless human being thought this was a good idea this has apparently been a problem for a year and it still isn t fixed",0,"dolby atmos | high quality | download carrier hub | shuffle button | incredibly annoying",0.7998,0.0502,0.05,0.05,0.05,0.0,0.0,0.0
1921,"Patiently waiting for Spotify to have HiFi streaming. The amount of times I need to delete the app and redownload it for music to play and not be stuck loading is ridiculous. Definitely the best music quality but the app is trash.",1,"female","Christchurch, New Zealand","2017-12-10","negativo","patiently waiting for spotify to have hifi streaming the amount of times i need to delete the app and redownload it for music to play and not be stuck loading is ridiculous definitely the best music quality but the app is trash",2,"restart phone | social features | slows things down | try again later | come back",0.1,0.1,0.6,0.1,0.1,0.0,0.0,0.0
1925,"This is one of those companies that likes to try to bill you a day before your bill comes due (my bill is due on 8/12 yet they tried to bill on 8/11)",1,"female","Wellington, New Zealand","2018-01-05","negativo","this is one of those companies that likes to try to bill you a day before your bill comes due my bill is due on yet they tried to bill on",0,"dolby atmos | high quality | download carrier hub | shuffle button | incredibly annoying",0.2,0.2,0.2,0.2,0.2,0.0,0.0,0.0
1927,"Am having problem with the app it refused to open saying that there is a robot operating on the app i don't know if any one could help me i will be grateful.",1,"female","Queenstown, New Zealand","2018-02-25","negativo","am having problem with the app it refused to open saying that there is a robot operating on the app i don t know if any one could help me i will be grateful",0,"dolby atmos | high quality | download carrier hub | shuffle button | incredibly annoying",0.2,0.2,0.2,0.2,0.2,0.0,0.0,0.0
1934,"after some time app stops workingit stops loading the songs and the playlists I have to re-log in and also reinstall the app to to work againI'm using Nvidia Shield Pro and this is the reason I stopped using tidal and I cancel my premium subscription",1,"female","Auckland, New Zealand","2018-02-07","negativo","after some time app stops workingit stops loading the songs and the playlists i have to re log in and also reinstall the app to to work againi m using nvidia shield pro and this is the reason i stopped using tidal and i cancel my premium subscription",3,"audio quality | android auto | cancel subscription | internet connection | customer support",0.0341,0.0337,0.0333,0.8655,0.0333,0.0,0.0,0.0
1946,"The app sucks, used to be great, price hikes, and rarely if ever works in my car. None of the song info loads, constant network errors, heaven forbid I want to change songs because then the app freezes, or will just play the same song 3 times in a row. Guess I'm going back to spotify.",1,"female","Perth, Australia","2017-11-28","negativo","the app sucks used to be great price hikes and rarely if ever works in my car none of the song info loads constant network errors heaven forbid i want to change songs because then the app freezes or will just play the same song times in a row guess i m going back to spotify",4,"go back | downloaded albums | used fine | went wrong | force stop",0.0333,0.0333,0.0333,0.0334,0.8666,0.0,0.0,0.0
1954,"I don't have this app canceled subscription it still charges me I want my money back",1,"female","Perth, Australia","2017-12-20","negativo","i don t have this app canceled subscription it still charges me i want my money back",0,"dolby atmos | high quality | download carrier hub | shuffle button | incredibly annoying",0.7323,0.0672,0.0672,0.0667,0.0667,0.0,0.0,0.0
1955,"Carrier hub required??! won't give title another look or thought.",1,"female","Port Moresby, Papua New Guinea","2017-12-09","negativo","carrier hub required won t give title another look or thought",0,"dolby atmos | high quality | download carrier hub | shuffle button | incredibly annoying",0.7998,0.0502,0.05,0.05,0.05,0.0,0.0,0.0
1965,"Can't play downloaded music unless completely disconnected, why?",1,"female","Adelaide, Australia","2017-12-22","negativo","can t play downloaded music unless completely disconnected why",0,"dolby atmos | high quality | download carrier hub | shuffle button | incredibly annoying",0.2,0.2,0.2,0.2,0.2,0.0,0.0,0.0
1976,"have the hifi plus just to listening to Dolby Atmos contents, but it's impossible to select the version of the content you want to listen and the pre selection of the streaming and download version just do not have the Atmos option (there is only hifi and master). migrating from apple music is an unpleasant experience.",1,"female","Perth, Australia","2018-02-05","negativo","have the hifi plus just to listening to dolby atmos contents but it s impossible to select the version of the content you want to listen and the pre selection of the streaming and download version just do not have the atmos option there is only hifi and master migrating from apple music is an unpleasant experience",0,"dolby atmos | high quality | download carrier hub | shuffle button | incredibly annoying",0.7999,0.05,0.05,0.0501,0.05,0.0,0.0,0.0
1994,"Been with Tidal for a few years. Just let my subscription go.",1,"female","Port Moresby, Papua New Guinea","2018-02-28","negativo","been with tidal for a few years just let my subscription go",4,"go back | downloaded albums | used fine | went wrong | force stop",0.1,0.1,0.1,0.1,0.6,0.0,0.0,0.0
2025,"Awful app so buggy It constantly crashes, won't play liked songs for more than two songs before crashing. I'm going back to Spotify the app is just unusable at the moment. It's a shame because the sound quality is superb.",1,"female","Christchurch, New Zealand","2017-12-07","negativo","awful app so buggy it constantly crashes won t play liked songs for more than two songs before crashing i m going back to spotify the app is just unusable at the moment it s a shame because the sound quality is superb",4,"go back | downloaded albums | used fine | went wrong | force stop",0.0412,0.04,0.04,0.0401,0.8387,0.0,0.0,0.0
2029,"Big fail: no search in Android Auto. 1) voice Assistant is not supported. 2) search icon is just ""explore"" requiring scrolling what you aren't looking for",1,"female","Suva, Fiji","2018-01-04","negativo","big fail no search in android auto voice assistant is not supported search icon is just explore requiring scrolling what you aren t looking for",3,"audio quality | android auto | cancel subscription | internet connection | customer support",0.0667,0.0667,0.0667,0.7333,0.0667,0.0,0.0,0.0
2050,"False advertising!!! don't download!!!I repeat DO NOT DOWNLOAD!!!",1,"female","Perth, Australia","2018-02-12","negativo","false advertising don t download i repeat do not download",0,"dolby atmos | high quality | download carrier hub | shuffle button | incredibly annoying",0.2,0.2,0.2,0.2,0.2,0.0,0.0,0.0
2051,"Bunch or thieves. Did unauthorised payment",1,"female","Queenstown, New Zealand","2018-01-30","negativo","bunch or thieves did unauthorised payment",0,"dolby atmos | high quality | download carrier hub | shuffle button | incredibly annoying",0.2,0.2,0.2,0.2,0.2,0.0,0.0,0.0
2073,"Decided to give tidal a try since it pays the artist better and the higher quality sound. Added a few artists but can't get their albums to play past the 1st shuffle song if it'll even do that. Can't pick a specific song or even get the album to show all the songs. Just a horrible user interface all together. Back to Spotify I go...",1,"female","Canberra, Australia","2017-11-28","negativo","decided to give tidal a try since it pays the artist better and the higher quality sound added a few artists but can t get their albums to play past the st shuffle song if it ll even do that can t pick a specific song or even get the album to show all the songs just a horrible user interface all together back to spotify i go",3,"audio quality | android auto | cancel subscription | internet connection | customer support",0.04,0.0426,0.04,0.8367,0.0408,0.0,0.0,0.0
2079,"You literally have to pay to listen to music.. What💀",1,"female","Port Moresby, Papua New Guinea","2017-12-24","negativo","you literally have to pay to listen to music what",0,"dolby atmos | high quality | download carrier hub | shuffle button | incredibly annoying",0.2,0.2,0.2,0.2,0.2,0.0,0.0,0.0
2091,"My app isn't responding. Online it says clear cache and make sure you have a good Internet connection, I have tried all this and still can't get past the startup screen it says tidal isnt responding, I have deleted and reinstalled the app with no joy. I'm not happy that this is a service I'm paying for.",1,"female","Sydney, Australia","2018-02-28","negativo","my app isn t responding online it says clear cache and make sure you have a good internet connection i have tried all this and still can t get past the startup screen it says tidal isnt responding i have deleted and reinstalled the app with no joy i m not happy that this is a service i m paying for",4,"go back | downloaded albums | used fine | went wrong | force stop",0.05,0.05,0.05,0.2997,0.5503,0.0,0.0,0.0
2093,"I cannot listen to my download content, I get a 1:8:2000 error. What is the point of having downloaded content if I cannot listen to it. I have never considered using another streaming platform, tidal has a great UI and the beta version is good.",1,"female","Queenstown, New Zealand","2017-12-22","negativo","i cannot listen to my download content i get a error what is the point of having downloaded content if i cannot listen to it i have never considered using another streaming platform tidal has a great ui and the beta version is good",1,"adding songs | tidal connect | carrier hub | works fine | years ago",0.0286,0.8854,0.0286,0.0286,0.0288,0.0,0.0,0.0
2107,"Fubk ypu eiw.a Me Die in same as distro",1,"female","Melbourne, Australia","2018-02-10","negativo","fubk ypu eiw a me die in same as distro",0,"dolby atmos | high quality | download carrier hub | shuffle button | incredibly annoying",0.2,0.2,0.2,0.2,0.2,0.0,0.0,0.0
2115,"I don't know if its an up date but it keep ask me to allow usb c access i was using thos app for year and now its something knew going on i can't play my music",1,"female","Suva, Fiji","2017-12-18","negativo","i don t know if its an up date but it keep ask me to allow usb c access i was using thos app for year and now its something knew going on i can t play my music",0,"dolby atmos | high quality | download carrier hub | shuffle button | incredibly annoying",0.2,0.2,0.2,0.2,0.2,0.0,0.0,0.0
2140,"So...many... bugs. Worst Bugs yet in latest version where it's CONSTANTLY stopping mid-song, or stopping mid-transition from song to song with error ""Sorry, this content is currently unavailable. (-1:7:2000)""...well that's interesting because if I sit and SMASH the play button eventually it is now available, until the next song and the next stoppage. Seriously considering alternate platforms like Q!! FIX YOUR APP IM PAYING LOADS FOR TERRIBLE EXPERIENCE!!",1,"female","Adelaide, Australia","2017-12-05","negativo","so many bugs worst bugs yet in latest version where it s constantly stopping mid song or stopping mid transition from song to song with error sorry this content is currently unavailable well that s interesting because if i sit and smash the play button eventually it is now available until the next song and the next stoppage seriously considering alternate platforms like q fix your app im paying loads for terrible experience",3,"audio quality | android auto | cancel subscription | internet connection | customer support",0.0286,0.0288,0.0288,0.8853,0.0286,0.0,0.0,0.0
2143,"New high/max tires are meant to confuse and suck more money: 1. Hifi subscription now provides worse quality for the same money - all tracks are streamed at 16bit even if earlier track had higher bitrate 2. Hifi plus: - gives the acces to bitrate higher than 16, but you never know if it's true lossless or no - most of the tracks don't have high res quality (my whole library has only ""high"" quality tag on hifi plus subscription). Guys are just selling air. Better to consider qobuz or others",1,"female","Gold Coast, Australia","2018-01-12","negativo","new high max tires are meant to confuse and suck more money hifi subscription now provides worse quality for the same money all tracks are streamed at bit even if earlier track had higher bitrate hifi plus gives the acces to bitrate higher than but you never know if it s true lossless or no most of the tracks don t have high res quality my whole library has only high quality tag on hifi plus subscription guys are just selling air better to consider qobuz or others",0,"dolby atmos | high quality | download carrier hub | shuffle button | incredibly annoying",0.9108,0.0222,0.0224,0.0224,0.0222,0.0,0.0,0.0
2151,"Constantly saying ""please wait"", or takes minutes to connect to my Alpine ILX-507. It had no issues during the trial, but right after it has completely went to garbage.",1,"female","Hobart, Australia","2018-02-21","negativo","constantly saying please wait or takes minutes to connect to my alpine ilx it had no issues during the trial but right after it has completely went to garbage",0,"dolby atmos | high quality | download carrier hub | shuffle button | incredibly annoying",0.2,0.2,0.2,0.2,0.2,0.0,0.0,0.0
2181,"Was great and then they decided to change me for an account that had commercials that was previously free",1,"female","Port Moresby, Papua New Guinea","2018-01-27","negativo","was great and then they decided to change me for an account that had commercials that was previously free",0,"dolby atmos | high quality | download carrier hub | shuffle button | incredibly annoying",0.2,0.2,0.2,0.2,0.2,0.0,0.0,0.0
2200,"Tidal has many many issues but what made me leave this review is that they shut off my access to premium before the period I had paid for ended. I believe doing so is actually illegal but I'm not a lawyer.",1,"female","Suva, Fiji","2018-01-20","negativo","tidal has many many issues but what made me leave this review is that they shut off my access to premium before the period i had paid for ended i believe doing so is actually illegal but i m not a lawyer",0,"dolby atmos | high quality | download carrier hub | shuffle button | incredibly annoying",0.2,0.2,0.2,0.2,0.2,0.0,0.0,0.0
2225,"Offline mode is useless. If no internet connection the will hang minutes and sometimes or crash. This is stupid. Please spare me of scripted answers and fix it asap or I will cancel the subscription. 🤞",1,"female","Melbourne, Australia","2018-01-03","negativo","offline mode is useless if no internet connection the will hang minutes and sometimes or crash this is stupid please spare me of scripted answers and fix it asap or i will cancel the subscription",3,"audio quality | android auto | cancel subscription | internet connection | customer support",0.05,0.05,0.05,0.8,0.05,0.0,0.0,0.0
2226,"Sad to enforce MQA on people",1,"female","Canberra, Australia","2018-01-25","negativo","sad to enforce mqa on people",0,"dolby atmos | high quality | download carrier hub | shuffle button | incredibly annoying",0.2,0.2,0.2,0.2,0.2,0.0,0.0,0.0
2247,"Hopefully this is short term. I've loved this app and continue to support it BUT. Over the past few weeks the app has been crashing unexpectedly. No matter the use. I hope they can figure out why and correct it soon. I've already uninstalled it acouple of times.",1,"female","Wellington, New Zealand","2017-12-11","negativo","hopefully this is short term i ve loved this app and continue to support it but over the past few weeks the app has been crashing unexpectedly no matter the use i hope they can figure out why and correct it soon i ve already uninstalled it acouple of times",0,"dolby atmos | high quality | download carrier hub | shuffle button | incredibly annoying",0.2,0.2,0.2,0.2,0.2,0.0,0.0,0.0
2265,"Why can't we just sign in or sign up with google. and no option to pay for the subscription through playstore.",1,"female","Melbourne, Australia","2018-02-28","negativo","why can t we just sign in or sign up with google and no option to pay for the subscription through playstore",4,"go back | downloaded albums | used fine | went wrong | force stop",0.0676,0.0667,0.0667,0.0674,0.7317,0.0,0.0,0.0
2277,"Are your servers down at the moment?",1,"female","Port Moresby, Papua New Guinea","2017-11-26","negativo","are your servers down at the moment",0,"dolby atmos | high quality | download carrier hub | shuffle button | incredibly annoying",0.2,0.2,0.2,0.2,0.2,0.0,0.0,0.0
2280,"I'd give zero if I could how can you just log me put for no reason and now I can't log back in",1,"female","Sydney, Australia","2018-01-26","negativo","i d give zero if i could how can you just log me put for no reason and now i can t log back in",2,"restart phone | social features | slows things down | try again later | come back",0.1,0.1,0.5967,0.1032,0.1,0.0,0.0,0.0
2290,"No refund; signed up with plus membership and tried the app for a day. Did not like the library and not enough content. So I messaged about a refund and they sent back with scripted message about refund policy saying unable to refund. Not worth the money. Just be aware if you want to try the app and you paid for it, you will not get a refund if you did not like it some reason. I asked for mine next day and got a scripted message. Clearly not understanding the reason why I asked for refund.",1,"female","Suva, Fiji","2018-03-05","negativo","no refund signed up with plus membership and tried the app for a day did not like the library and not enough content so i messaged about a refund and they sent back with scripted message about refund policy saying unable to refund not worth the money just be aware if you want to try the app and you paid for it you will not get a refund if you did not like it some reason i asked for mine next day and got a scripted message clearly not understanding the reason why i asked for refund",3,"audio quality | android auto | cancel subscription | internet connection | customer support",0.05,0.05,0.05,0.8,0.05,0.0,0.0,0.0
2291,"One star for expiring login is very annoying got Me when I was driving",1,"female","Sydney, Australia","2018-02-13","negativo","one star for expiring login is very annoying got me when i was driving",0,"dolby atmos | high quality | download carrier hub | shuffle button | incredibly annoying",0.2,0.2,0.2,0.2,0.2,0.0,0.0,0.0
2295,"Living in a rural area, I was trying to listen to Hi-Fi music fairly regularly. I could not download my music without the app crashing. I am very disappointed in this app. I even tried to submit my case to Customer Support, but was brushed off and case remained open for one and a half months with no real response as to why it was even crashing. I do not recommend this app for anyone. What a waste.",1,"female","Melbourne, Australia","2018-02-25","negativo","living in a rural area i was trying to listen to hi fi music fairly regularly i could not download my music without the app crashing i am very disappointed in this app i even tried to submit my case to customer support but was brushed off and case remained open for one and a half months with no real response as to why it was even crashing i do not recommend this app for anyone what a waste",3,"audio quality | android auto | cancel subscription | internet connection | customer support",0.0698,0.0667,0.0667,0.7302,0.0667,0.0,0.0,0.0
2321,"I love the audio quality but the app itself sucks. On two separate Android devices it automatically deleted all of my downloads so I had no music to play on my flight, I can't search within my playlist it just says that it found nothing, and now it's stopped playing music all together. I had the same issues almost a year ago so I canceled my subscription and recently thought to give it a try just to have the same issues. I ran the app on an S23 Ultra and OnePlus Open with the same issues.",1,"female","Adelaide, Australia","2017-12-14","negativo","i love the audio quality but the app itself sucks on two separate android devices it automatically deleted all of my downloads so i had no music to play on my flight i can t search within my playlist it just says that it found nothing and now it s stopped playing music all together i had the same issues almost a year ago so i canceled my subscription and recently thought to give it a try just to have the same issues i ran the app on an s ultra and oneplus open with the same issues",0,"dolby atmos | high quality | download carrier hub | shuffle button | incredibly annoying",0.7749,0.0253,0.0251,0.1497,0.025,0.0,0.0,0.0
2331,"Stop in the middle of song",1,"female","Brisbane, Australia","2017-12-05","negativo","stop in the middle of song",2,"restart phone | social features | slows things down | try again later | come back",0.1,0.1,0.5969,0.103,0.1,0.0,0.0,0.0
2332,"Went to remove a song from a Playlist only to see they changed the Playlist layout. I should not have to pay $ to see what song is in a Playlist or have to remove it",1,"female","Port Moresby, Papua New Guinea","2018-01-20","negativo","went to remove a song from a playlist only to see they changed the playlist layout i should not have to pay to see what song is in a playlist or have to remove it",0,"dolby atmos | high quality | download carrier hub | shuffle button | incredibly annoying",0.7333,0.0667,0.0667,0.0667,0.0667,0.0,0.0,0.0
2336,"Pls update this app so we could use it to play from file pls, I'm a premium user since 2019",1,"female","Gold Coast, Australia","2017-12-28","negativo","pls update this app so we could use it to play from file pls i m a premium user since",0,"dolby atmos | high quality | download carrier hub | shuffle button | incredibly annoying",0.2,0.2,0.2,0.2,0.2,0.0,0.0,0.0
2373,"The best audio I have ever experienced. Sadly from what I've been reading the app is fundamentally broken on most android phones and tidal customer support only cares about this type of issue if you're using their iOS app. I can't even leave the app for more than 1 minute or have my screen time out without the music stopping and my position in the song resetting back to the beginning. No troubleshooting steps worked and support ignored me several times. No no solution or refund as of yet. Rip.",1,"female","Gold Coast, Australia","2018-01-19","negativo","the best audio i have ever experienced sadly from what i ve been reading the app is fundamentally broken on most android phones and tidal customer support only cares about this type of issue if you re using their ios app i can t even leave the app for more than minute or have my screen time out without the music stopping and my position in the song resetting back to the beginning no troubleshooting steps worked and support ignored me several times no no solution or refund as of yet rip",3,"audio quality | android auto | cancel subscription | internet connection | customer support",0.05,0.05,0.05,0.8,0.05,0.0,0.0,0.0
2380,"Dam you guys aren't doing military/first responder discount anymore. I used Tidal in every field day we had since it has offline mode but... Bummer, For the full price you guys are reverting to. There are other better music streaming apps at that price point.",1,"female","Adelaide, Australia","2018-01-31","negativo","dam you guys aren t doing military first responder discount anymore i used tidal in every field day we had since it has offline mode but bummer for the full price you guys are reverting to there are other better music streaming apps at that price point",4,"go back | downloaded albums | used fine | went wrong | force stop",0.05,0.05,0.05,0.3003,0.5496,0.0,0.0,0.0
2396,"Tried to sign up, get a notification that says ""Carrier Hub Missing."" I can't download Carrier Hub on my device (Pixel with Google Fi). Guess I can't use Tidal, womp.",1,"female","Sydney, Australia","2018-01-30","negativo","tried to sign up get a notification that says carrier hub missing i can t download carrier hub on my device pixel with google fi guess i can t use tidal womp",0,"dolby atmos | high quality | download carrier hub | shuffle button | incredibly annoying",0.8999,0.0251,0.025,0.025,0.025,0.0,0.0,0.0
2446,"Why is Master gone? I had the HiFi Plus subscription. Only ""Max"" in the audio quality settings now. I've cancelled my subscription because of this, back to Deezer. I'll come back if this get fixed. Is it improvement to reduce the audio quality?",1,"female","Sydney, Australia","2018-03-03","negativo","why is master gone i had the hifi plus subscription only max in the audio quality settings now i ve cancelled my subscription because of this back to deezer i ll come back if this get fixed is it improvement to reduce the audio quality",3,"audio quality | android auto | cancel subscription | internet connection | customer support",0.0262,0.025,0.0259,0.8979,0.025,0.0,0.0,0.0
2447,"Spotify is better and the quality is the same",1,"female","Brisbane, Australia","2017-12-28","negativo","spotify is better and the quality is the same",2,"restart phone | social features | slows things down | try again later | come back",0.0504,0.05,0.7994,0.0502,0.05,0.0,0.0,0.0
2477,"This app barely ever works! It's poorly designed and Spotify is better in every way and cheaper! Tried multiple times to use this as my main music player and everytime I end up angry with it Don't bother...",1,"female","Melbourne, Australia","2017-12-07","negativo","this app barely ever works it s poorly designed and spotify is better in every way and cheaper tried multiple times to use this as my main music player and everytime i end up angry with it don t bother",3,"audio quality | android auto | cancel subscription | internet connection | customer support",0.0667,0.0667,0.071,0.7289,0.0667,0.0,0.0,0.0
2482,"Great sound quality, but keeps cutting out. I can't even get through a single song and it crashes. Please fix and I will rate it again",1,"female","Nadi, Fiji","2017-12-13","negativo","great sound quality but keeps cutting out i can t even get through a single song and it crashes please fix and i will rate it again",0,"dolby atmos | high quality | download carrier hub | shuffle button | incredibly annoying",0.2,0.2,0.2,0.2,0.2,0.0,0.0,0.0
2531,"I listen to less music with this app. Playback takes a long time to start, especially in offline mode. While online, playlists often fail to update and download. Tidal cancelled the annual plan I bought through Best Buy with 5 months remaining; I'm getting a prorated refund but Tidal's failure to honour paid contracts with existing customers is wrong.",1,"female","Christchurch, New Zealand","2018-01-18","negativo","i listen to less music with this app playback takes a long time to start especially in offline mode while online playlists often fail to update and download tidal cancelled the annual plan i bought through best buy with months remaining i m getting a prorated refund but tidal s failure to honour paid contracts with existing customers is wrong",3,"audio quality | android auto | cancel subscription | internet connection | customer support",0.05,0.05,0.05,0.8,0.05,0.0,0.0,0.0
2542,"This app says it is offline, meaning with no wifi this works. That is a lie, this app does not work with no wifi😕",1,"female","Queenstown, New Zealand","2018-02-18","negativo","this app says it is offline meaning with no wifi this works that is a lie this app does not work with no wifi",0,"dolby atmos | high quality | download carrier hub | shuffle button | incredibly annoying",0.2,0.2,0.2,0.2,0.2,0.0,0.0,0.0
2543,"This made me switch to spotify because it kept saying session expired when i tried to play some music",1,"female","Auckland, New Zealand","2018-01-17","negativo","this made me switch to spotify because it kept saying session expired when i tried to play some music",0,"dolby atmos | high quality | download carrier hub | shuffle button | incredibly annoying",0.2,0.2,0.2,0.2,0.2,0.0,0.0,0.0
2554,"App not working and unable to update to dj",1,"female","Christchurch, New Zealand","2018-01-28","negativo","app not working and unable to update to dj",0,"dolby atmos | high quality | download carrier hub | shuffle button | incredibly annoying",0.2,0.2,0.2,0.2,0.2,0.0,0.0,0.0
2558,"Been a customer for years. Just downloaded a whole playlist because I'm working in a low service area, start that playlist at work, and it still hangs, stops playing, buffers, even though it's supposed to be playing off storage.. tried putting the app in offline mode, it tells me my music is not available in offline mode... Why am I paying for this?",1,"female","Port Moresby, Papua New Guinea","2018-01-29","negativo","been a customer for years just downloaded a whole playlist because i m working in a low service area start that playlist at work and it still hangs stops playing buffers even though it s supposed to be playing off storage tried putting the app in offline mode it tells me my music is not available in offline mode why am i paying for this",3,"audio quality | android auto | cancel subscription | internet connection | customer support",0.0252,0.0258,0.0253,0.8979,0.0259,0.0,0.0,0.0
2566,"Constant buffering on any network even with good data and wifi. All other apps work fine",1,"female","Canberra, Australia","2017-12-14","negativo","constant buffering on any network even with good data and wifi all other apps work fine",1,"adding songs | tidal connect | carrier hub | works fine | years ago",0.1,0.6,0.1,0.1,0.1,0.0,0.0,0.0
2571,"Very annoying experience. Hollow app, even the most basic search functionality lacks. Downloading is only faked. No offline playing. Stopping and crashing regularly.",1,"female","Brisbane, Australia","2018-03-04","negativo","very annoying experience hollow app even the most basic search functionality lacks downloading is only faked no offline playing stopping and crashing regularly",0,"dolby atmos | high quality | download carrier hub | shuffle button | incredibly annoying",0.2,0.2,0.2,0.2,0.2,0.0,0.0,0.0
2580,"I'm giving this 1 star review due to new update changes with DJs now having to pay more to mix music. I lost all my work cause I don't support this change. There are other apps out there that I would encourage not to make this kind of change peoples time, energy, effort that work hard to create music differently is a art form!",1,"female","Queenstown, New Zealand","2017-12-29","negativo","i m giving this star review due to new update changes with djs now having to pay more to mix music i lost all my work cause i don t support this change there are other apps out there that i would encourage not to make this kind of change peoples time energy effort that work hard to create music differently is a art form",0,"dolby atmos | high quality | download carrier hub | shuffle button | incredibly annoying",0.7333,0.0667,0.0667,0.0667,0.0667,0.0,0.0,0.0
2588,"why tf do i need to pay at first when i get to the app? let me try listen to the music first and then i'll decided if i want to pay or not, this app sucks xggbdskkepvfb",1,"female","Auckland, New Zealand","2018-03-03","negativo","why tf do i need to pay at first when i get to the app let me try listen to the music first and then i ll decided if i want to pay or not this app sucks xggbdskkepvfb",4,"go back | downloaded albums | used fine | went wrong | force stop",0.1,0.1,0.1,0.1,0.6,0.0,0.0,0.0
2612,"Cancelled subscription. Since update to 2.7.2 no exclusive mode to stream MQA to DAC connected to android. Found out from a forum exclusive mode has been pulled from Android. Contacted support but zero reply. What's worse is no it's not even detailed in the 'whats new' section to advise.",1,"female","Adelaide, Australia","2018-01-29","negativo","cancelled subscription since update to no exclusive mode to stream mqa to dac connected to android found out from a forum exclusive mode has been pulled from android contacted support but zero reply what s worse is no it s not even detailed in the whats new section to advise",2,"restart phone | social features | slows things down | try again later | come back",0.0335,0.0333,0.8664,0.0335,0.0333,0.0,0.0,0.0
2628,"For months now I've been trying to download the music and videos on my account and keep failing. Music only plays whenever it feels like it even though I'll have full 5G signal. Could you please fix the issues?",1,"female","Suva, Fiji","2017-12-17","negativo","for months now i ve been trying to download the music and videos on my account and keep failing music only plays whenever it feels like it even though i ll have full g signal could you please fix the issues",3,"audio quality | android auto | cancel subscription | internet connection | customer support",0.1,0.1,0.1,0.6,0.1,0.0,0.0,0.0
2632,"No te permite escuchar nada sin antes ingresar tu tarjeta de crédito, injusticia",1,"female","Christchurch, New Zealand","2018-02-24","negativo","no te permite escuchar nada sin antes ingresar tu tarjeta de crédito injusticia",0,"dolby atmos | high quality | download carrier hub | shuffle button | incredibly annoying",0.2,0.2,0.2,0.2,0.2,0.0,0.0,0.0
2638,"Crashes ALL THE TIME, I can't listen for more than 5 minutes before crashing. It's been months with this bug.",1,"female","Suva, Fiji","2018-02-17","negativo","crashes all the time i can t listen for more than minutes before crashing it s been months with this bug",0,"dolby atmos | high quality | download carrier hub | shuffle button | incredibly annoying",0.2,0.2,0.2,0.2,0.2,0.0,0.0,0.0
2641,"Apparently, working shuffle features are no longer a thing on music apps. You don’t have the only feature I'm willing to pay for, having my playlist pick up right where it left off with EXACTLY the same shuffle order when I close it out for the night or for work, any more than YouTube Music, Amazon, or Deezer has, and I canceled all of them once they broke that feature. You don't have it at all & I'm still in the trial period. Glad I found that out before giving you money.",1,"female","Gold Coast, Australia","2017-12-31","negativo","apparently working shuffle features are no longer a thing on music apps you don t have the only feature i m willing to pay for having my playlist pick up right where it left off with exactly the same shuffle order when i close it out for the night or for work any more than youtube music amazon or deezer has and i canceled all of them once they broke that feature you don t have it at all i m still in the trial period glad i found that out before giving you money",2,"restart phone | social features | slows things down | try again later | come back",0.0667,0.0678,0.7321,0.0667,0.0667,0.0,0.0,0.0
2643,"Repeat doesnt WORK!!!! Soem songs just wont play on LG, just rubbish. Will be canceling at end of month.",1,"female","Queenstown, New Zealand","2018-02-18","negativo","repeat doesnt work soem songs just wont play on lg just rubbish will be canceling at end of month",0,"dolby atmos | high quality | download carrier hub | shuffle button | incredibly annoying",0.2,0.2,0.2,0.2,0.2,0.0,0.0,0.0
2653,"Terrible....I already have a subscription but when I try to use tidal with my edging app it's telling me I need a subscription that I already have",1,"female","Melbourne, Australia","2018-02-14","negativo","terrible i already have a subscription but when i try to use tidal with my edging app it s telling me i need a subscription that i already have",2,"restart phone | social features | slows things down | try again later | come back",0.1,0.1,0.6,0.1,0.1,0.0,0.0,0.0
2679,"Scammers, fake app, after subscription, it still didn't work.",1,"female","Adelaide, Australia","2018-01-20","negativo","scammers fake app after subscription it still didn t work",0,"dolby atmos | high quality | download carrier hub | shuffle button | incredibly annoying",0.2,0.2,0.2,0.2,0.2,0.0,0.0,0.0
2692,"app does not work on Sony TV. used to until recently. contacted tidal support, no solution yet. disappoint",1,"female","Adelaide, Australia","2017-12-18","negativo","app does not work on sony tv used to until recently contacted tidal support no solution yet disappoint",1,"adding songs | tidal connect | carrier hub | works fine | years ago",0.0668,0.7331,0.0667,0.0667,0.0667,0.0,0.0,0.0
2736,"Apparently this app is using too much battery and memory in the phones background, hopefully an update fix soon",1,"female","Suva, Fiji","2018-01-17","negativo","apparently this app is using too much battery and memory in the phones background hopefully an update fix soon",0,"dolby atmos | high quality | download carrier hub | shuffle button | incredibly annoying",0.2,0.2,0.2,0.2,0.2,0.0,0.0,0.0
2742,"Can't sign up on Google pixel devices. Ask for TMobile carrier info but I can't install that app.",1,"female","Queenstown, New Zealand","2017-12-24","negativo","can t sign up on google pixel devices ask for tmobile carrier info but i can t install that app",4,"go back | downloaded albums | used fine | went wrong | force stop",0.1,0.1,0.1,0.1,0.6,0.0,0.0,0.0
2754,"The music is fine, but opening the app when you have no signal is infuriating. nothing ever loads because it's trying to pull data from servers that are unreachable, so I'm greeted with a blank page for several minutes while I try and access songs that I've downloaded to my device.",1,"female","Nadi, Fiji","2018-01-05","negativo","the music is fine but opening the app when you have no signal is infuriating nothing ever loads because it s trying to pull data from servers that are unreachable so i m greeted with a blank page for several minutes while i try and access songs that i ve downloaded to my device",3,"audio quality | android auto | cancel subscription | internet connection | customer support",0.0667,0.0667,0.0667,0.7333,0.0667,0.0,0.0,0.0
2758,"Be aware of the Tidal Privacy Policy section 6.1. TIDAL USER PROFILES ""The following information will be always public on our Services as part of your TIDAL user profile: - your TIDAL Profile name, - your profile picture (optional), - your followers and TIDAL users and artists you follow, - your public playlists, including their titles, descriptions, content and a number of TIDAL users who have added these playlists to their collection."" The only way to keep your info private is to leave Tidal.",1,"female","Suva, Fiji","2018-02-16","negativo","be aware of the tidal privacy policy section tidal user profiles the following information will be always public on our services as part of your tidal user profile your tidal profile name your profile picture optional your followers and tidal users and artists you follow your public playlists including their titles descriptions content and a number of tidal users who have added these playlists to their collection the only way to keep your info private is to leave tidal",2,"restart phone | social features | slows things down | try again later | come back",0.1,0.1,0.6,0.1,0.1,0.0,0.0,0.0
2771,"1st I would like to say I never write reviews. I normally leave a ☆ and move on but I am THAT upset with Tidal. The streaming is seriously lagging! I used to love this app. I've had it since 2017. Now it won't play because it is ALWAYS stopping/buffering. And I mean ALWAYS!!!! I can barely finish one song, never mind the playlists I've created the last FIVE YEARS! I hope someone from Tidal sees this because for being a supporter from beginning, I am truly disappointed. Officially cx & deleting",1,"female","Nadi, Fiji","2018-02-14","negativo","st i would like to say i never write reviews i normally leave a and move on but i am that upset with tidal the streaming is seriously lagging i used to love this app i ve had it since now it won t play because it is always stopping buffering and i mean always i can barely finish one song never mind the playlists i ve created the last five years i hope someone from tidal sees this because for being a supporter from beginning i am truly disappointed officially cx deleting",1,"adding songs | tidal connect | carrier hub | works fine | years ago",0.0667,0.7308,0.0667,0.0667,0.0692,0.0,0.0,0.0
2787,"Not worth it ! I tried many years in a row , MQA is just a few albums.. and every year they add one more.. , dolby same .. verry poor music, so , unfortunately i have to wait 10 years..to see every song in MQA",1,"female","Wellington, New Zealand","2017-12-12","negativo","not worth it i tried many years in a row mqa is just a few albums and every year they add one more dolby same verry poor music so unfortunately i have to wait years to see every song in mqa",0,"dolby atmos | high quality | download carrier hub | shuffle button | incredibly annoying",0.2,0.2,0.2,0.2,0.2,0.0,0.0,0.0
2790,"The last update does not recognize any of my mqa dongle from ifi and fiio. Customer service is not responding and does not investing in fixing the problem.",1,"female","Sydney, Australia","2017-12-09","negativo","the last update does not recognize any of my mqa dongle from ifi and fiio customer service is not responding and does not investing in fixing the problem",0,"dolby atmos | high quality | download carrier hub | shuffle button | incredibly annoying",0.6,0.1,0.1,0.1,0.1,0.0,0.0,0.0
2816,"Yeah it's grand so. Decent collection at decent audio quality. Have an issue where selecting a song on a playlist actually plays the song immediately before it. Frustrating programming 101 error.",1,"female","Nadi, Fiji","2018-03-01","negativo","yeah it s grand so decent collection at decent audio quality have an issue where selecting a song on a playlist actually plays the song immediately before it frustrating programming error",3,"audio quality | android auto | cancel subscription | internet connection | customer support",0.1,0.1,0.1,0.6,0.1,0.0,0.0,0.0
2817,"Can anyone one help. When I log into app, all that is there is some suggested genres and artistes. No menu, no icons. I can't find my playlist/collection. Nothing!",1,"female","Queenstown, New Zealand","2017-12-21","negativo","can anyone one help when i log into app all that is there is some suggested genres and artistes no menu no icons i can t find my playlist collection nothing",0,"dolby atmos | high quality | download carrier hub | shuffle button | incredibly annoying",0.2,0.2,0.2,0.2,0.2,0.0,0.0,0.0
2841,"This is shyt find a song u like press play bang straight to pay £12.99 mounth stuff that found one better and free.",1,"female","Hobart, Australia","2017-12-31","negativo","this is shyt find a song u like press play bang straight to pay mounth stuff that found one better and free",0,"dolby atmos | high quality | download carrier hub | shuffle button | incredibly annoying",0.2,0.2,0.2,0.2,0.2,0.0,0.0,0.0
2847,"I am not able to play hi Res on my Sony wmx 4 earphones. App says reduced quality to play on Bluetooth.",1,"female","Melbourne, Australia","2017-12-05","negativo","i am not able to play hi res on my sony wmx earphones app says reduced quality to play on bluetooth",1,"adding songs | tidal connect | carrier hub | works fine | years ago",0.1,0.6,0.1,0.1,0.1,0.0,0.0,0.0
2873,"want to look up a song quick with your screen off? TOO BAD!! SHUFFLE ONLY, Spotify clone",1,"female","Perth, Australia","2018-01-28","negativo","want to look up a song quick with your screen off too bad shuffle only spotify clone",0,"dolby atmos | high quality | download carrier hub | shuffle button | incredibly annoying",0.2,0.2,0.2,0.2,0.2,0.0,0.0,0.0
2905,"I used to love the app but now I hate using it to play music. I have to keep logging in, after I close the app it still runs in the background and I have force it to stop running, it always has lag when playing music. The app has become an annoyance to use. When Tidal first launched I joined and it was great, my husband had Amazon music and he added me to his plan, I begged him to get Tidal instead, so he did. Now we both hate it and will be going back to Amazon.",1,"female","Melbourne, Australia","2018-02-15","negativo","i used to love the app but now i hate using it to play music i have to keep logging in after i close the app it still runs in the background and i have force it to stop running it always has lag when playing music the app has become an annoyance to use when tidal first launched i joined and it was great my husband had amazon music and he added me to his plan i begged him to get tidal instead so he did now we both hate it and will be going back to amazon",4,"go back | downloaded albums | used fine | went wrong | force stop",0.04,0.04,0.0401,0.04,0.8399,0.0,0.0,0.0
2930,"Recently the app doesn't work. I get about 2-3 songs then the whole thing just cuts off. I absolutely will NOT pay for something I can't use. This needs to be fixed or I'm not renewing and I'm going back to Spotify!",1,"female","Perth, Australia","2018-02-26","negativo","recently the app doesn t work i get about songs then the whole thing just cuts off i absolutely will not pay for something i can t use this needs to be fixed or i m not renewing and i m going back to spotify",4,"go back | downloaded albums | used fine | went wrong | force stop",0.0286,0.0286,0.0289,0.0286,0.8853,0.0,0.0,0.0
2932,"Doesnt work on FiiO m11 plus, download tab freezes and the app closes itself",1,"female","Brisbane, Australia","2018-01-23","negativo","doesnt work on fiio m plus download tab freezes and the app closes itself",0,"dolby atmos | high quality | download carrier hub | shuffle button | incredibly annoying",0.2,0.2,0.2,0.2,0.2,0.0,0.0,0.0
2933,"You can't even use Shuffle mode without having to pay, I'm posting again because my last review was deleted.",1,"female","Brisbane, Australia","2018-01-14","negativo","you can t even use shuffle mode without having to pay i m posting again because my last review was deleted",0,"dolby atmos | high quality | download carrier hub | shuffle button | incredibly annoying",0.7994,0.0506,0.05,0.05,0.05,0.0,0.0,0.0
2937,"I hate apps that demand login/sign up like this before can do anything....sorry, right away uninstall. Not gonna use it again.",1,"female","Hobart, Australia","2017-12-25","negativo","i hate apps that demand login sign up like this before can do anything sorry right away uninstall not gonna use it again",0,"dolby atmos | high quality | download carrier hub | shuffle button | incredibly annoying",0.2,0.2,0.2,0.2,0.2,0.0,0.0,0.0
2941,"Tidal's TV app is bad and should be updated and improved ASAP. Some essential features that it lacks: to play favourite songs in the shuffle mode and adding songs to play queue. The app is also bugged as it turns off every 15 minutes despite no sleep mode enabled.",1,"female","Brisbane, Australia","2018-01-23","negativo","tidal s tv app is bad and should be updated and improved asap some essential features that it lacks to play favourite songs in the shuffle mode and adding songs to play queue the app is also bugged as it turns off every minutes despite no sleep mode enabled",1,"adding songs | tidal connect | carrier hub | works fine | years ago",0.0335,0.8665,0.0333,0.0334,0.0333,0.0,0.0,0.0
2948,"One song and a half is all I get before a tidal add to upgrade pops up. So very annoying.. why even bother?",1,"female","Hobart, Australia","2017-11-28","negativo","one song and a half is all i get before a tidal add to upgrade pops up so very annoying why even bother",0,"dolby atmos | high quality | download carrier hub | shuffle button | incredibly annoying",0.2,0.2,0.2,0.2,0.2,0.0,0.0,0.0
2950,"It's supposed to be free so, why join?",1,"female","Nadi, Fiji","2017-12-26","negativo","it s supposed to be free so why join",0,"dolby atmos | high quality | download carrier hub | shuffle button | incredibly annoying",0.2,0.2,0.2,0.2,0.2,0.0,0.0,0.0
2955,"Went to open the app today and what do I find? It tried to force me to upgrade to paid version! NO! I signed up for a free account if I could do different I would've. It wasn't just new music, everything I clicked on went to paid upgrade screen. Screw 🤬you Tidal. I'm not a sound connoisseur, I'm not looking for tiny differences in chords or whatever if I can hear it I'm good. I can listen to the same stuff on Pandora or the radio. App deleted, good bye! 🖕🏿",1,"female","Queenstown, New Zealand","2018-01-20","negativo","went to open the app today and what do i find it tried to force me to upgrade to paid version no i signed up for a free account if i could do different i would ve it wasn t just new music everything i clicked on went to paid upgrade screen screw you tidal i m not a sound connoisseur i m not looking for tiny differences in chords or whatever if i can hear it i m good i can listen to the same stuff on pandora or the radio app deleted good bye",1,"adding songs | tidal connect | carrier hub | works fine | years ago",0.0676,0.7313,0.0667,0.0667,0.0678,0.0,0.0,0.0
2957,"Terrible app always crashing when downloading music.",1,"female","Gold Coast, Australia","2017-12-18","negativo","terrible app always crashing when downloading music",1,"adding songs | tidal connect | carrier hub | works fine | years ago",0.1,0.6,0.1,0.1,0.1,0.0,0.0,0.0
2972,"it doesn't have a create account button",1,"female","Suva, Fiji","2018-01-09","negativo","it doesn t have a create account button",4,"go back | downloaded albums | used fine | went wrong | force stop",0.1,0.1,0.1,0.1,0.6,0.0,0.0,0.0
3010,"Ads are fine, but once you start putting them in the middle of a song, that's a non-starter. Moving on.",1,"female","Melbourne, Australia","2018-01-10","negativo","ads are fine but once you start putting them in the middle of a song that s a non starter moving on",0,"dolby atmos | high quality | download carrier hub | shuffle button | incredibly annoying",0.2,0.2,0.2,0.2,0.2,0.0,0.0,0.0
3031,"This app should not even exist.... If this was how Spotify and audiomack went about giving their customers leisure... Then we all will be on YouTube music and never use their apps.... Whatttt??? I can't even play songs... When I even try so hard to play I'm told to register for a free trial... Nah this is just....",1,"female","Gold Coast, Australia","2017-12-21","negativo","this app should not even exist if this was how spotify and audiomack went about giving their customers leisure then we all will be on youtube music and never use their apps whatttt i can t even play songs when i even try so hard to play i m told to register for a free trial nah this is just",3,"audio quality | android auto | cancel subscription | internet connection | customer support",0.1,0.1,0.1,0.6,0.1,0.0,0.0,0.0
3033,"Music selection is large but little control over specific song searches. And canceling is not an option on Android currently. Highly disapointed.",1,"female","Hobart, Australia","2017-12-29","negativo","music selection is large but little control over specific song searches and canceling is not an option on android currently highly disapointed",0,"dolby atmos | high quality | download carrier hub | shuffle button | incredibly annoying",0.2,0.2,0.2,0.2,0.2,0.0,0.0,0.0
3038,"The only reason I got this app was to use with my DJ software. Now they've disabled the stems feature with no warning or reason given. I'll be canceling my subscription and downloading Deezer.",1,"female","Wellington, New Zealand","2018-02-18","negativo","the only reason i got this app was to use with my dj software now they ve disabled the stems feature with no warning or reason given i ll be canceling my subscription and downloading deezer",4,"go back | downloaded albums | used fine | went wrong | force stop",0.1,0.1,0.1,0.1,0.6,0.0,0.0,0.0
3071,"Are you all ever going and officially support google assistant? For an app and company at this calibre should show more interest in it's consumers. And why is the iphone app better than android.",1,"female","Christchurch, New Zealand","2017-12-29","negativo","are you all ever going and officially support google assistant for an app and company at this calibre should show more interest in it s consumers and why is the iphone app better than android",1,"adding songs | tidal connect | carrier hub | works fine | years ago",0.1,0.6,0.1,0.1,0.1,0.0,0.0,0.0
3078,"Keep shutting down to difficult to search had it one day and already frustrated should be like Spotify.",1,"female","Nadi, Fiji","2018-01-19","negativo","keep shutting down to difficult to search had it one day and already frustrated should be like spotify",0,"dolby atmos | high quality | download carrier hub | shuffle button | incredibly annoying",0.2,0.2,0.2,0.2,0.2,0.0,0.0,0.0
3079,"Fix my problem by canceling my subscription",1,"female","Canberra, Australia","2018-02-09","negativo","fix my problem by canceling my subscription",4,"go back | downloaded albums | used fine | went wrong | force stop",0.1,0.1,0.1,0.1,0.6,0.0,0.0,0.0
3081,"Over the past several weeks, this app's performance has significantly deteriorated. I have experienced more crashes than at any other time that I've used this app. I have uninstalled and reinstalled this app several times in hopes of solving this issue as well as deleting and redownloading my favorites. Frankly, I'm losing patience with app. Please fix the ""bugs"" in your app, as I want to stay a subscriber, but it is getting difficult.",1,"female","Sydney, Australia","2017-11-23","negativo","over the past several weeks this app s performance has significantly deteriorated i have experienced more crashes than at any other time that i ve used this app i have uninstalled and reinstalled this app several times in hopes of solving this issue as well as deleting and redownloading my favorites frankly i m losing patience with app please fix the bugs in your app as i want to stay a subscriber but it is getting difficult",3,"audio quality | android auto | cancel subscription | internet connection | customer support",0.0667,0.0667,0.0682,0.7317,0.0667,0.0,0.0,0.0
3098,"Disgracefully time consuming and keeps logging me out of my account.",1,"female","Sydney, Australia","2017-12-03","negativo","disgracefully time consuming and keeps logging me out of my account",0,"dolby atmos | high quality | download carrier hub | shuffle button | incredibly annoying",0.2,0.2,0.2,0.2,0.2,0.0,0.0,0.0
3101,"I'd give it a minus five if I could. Free version is a scam oly let's you play a welcome mix, anything else requires an upgrade to a paid subscription, quality of sound is pretty bad and compressed, don't bother wasting your time on this slug",1,"female","Canberra, Australia","2017-11-12","negativo","i d give it a minus five if i could free version is a scam oly let s you play a welcome mix anything else requires an upgrade to a paid subscription quality of sound is pretty bad and compressed don t bother wasting your time on this slug",0,"dolby atmos | high quality | download carrier hub | shuffle button | incredibly annoying",0.8396,0.0403,0.04,0.04,0.04,0.0,0.0,0.0
3116,"Once again Tidal fails in its services. I was told my account had been deactivated because of a failed payment as id had to cancel the card. All day I have tried to apply the new card details but they kept getting rejected. I called the bank to be told that there was nothing wrong so I attempted to use family cards all rejected. How can I reactivate my account and pay my bill if you won't accept any card. I contact your helpline and apparently they don't deal with payments going through. HELP",1,"female","Queenstown, New Zealand","2017-12-01","negativo","once again tidal fails in its services i was told my account had been deactivated because of a failed payment as id had to cancel the card all day i have tried to apply the new card details but they kept getting rejected i called the bank to be told that there was nothing wrong so i attempted to use family cards all rejected how can i reactivate my account and pay my bill if you won t accept any card i contact your helpline and apparently they don t deal with payments going through help",1,"adding songs | tidal connect | carrier hub | works fine | years ago",0.1,0.6,0.1,0.1,0.1,0.0,0.0,0.0
3123,"The service element of the app is just awful. I went through the process of starting a free trial, then it all went wrong. I was also put off by being forced to select my 4 favourite bands....why? I will stick with Qobuz and Spotify.",1,"female","Sydney, Australia","2017-12-14","negativo","the service element of the app is just awful i went through the process of starting a free trial then it all went wrong i was also put off by being forced to select my favourite bands why i will stick with qobuz and spotify",4,"go back | downloaded albums | used fine | went wrong | force stop",0.1,0.1,0.101,0.1,0.599,0.0,0.0,0.0
3132,"Terrible app. Every time you open it it takes 1 minute to play ""downloaded"" songs, and in offline mode some songs don't even play. Awful experience trying to find artists too, missing a lot from their catalogues. I went from Spotify and wanted to give tidal my money but it's not worth it for a broken service anymore",1,"female","Suva, Fiji","2018-02-22","negativo","terrible app every time you open it it takes minute to play downloaded songs and in offline mode some songs don t even play awful experience trying to find artists too missing a lot from their catalogues i went from spotify and wanted to give tidal my money but it s not worth it for a broken service anymore",3,"audio quality | android auto | cancel subscription | internet connection | customer support",0.0336,0.0333,0.0333,0.8664,0.0333,0.0,0.0,0.0
3134,"Pay fo a subscription that i cant use cause you made a deal with play and now i Can not log in on mobile. Will have to cancel my subscription",1,"female","Melbourne, Australia","2017-12-30","negativo","pay fo a subscription that i cant use cause you made a deal with play and now i can not log in on mobile will have to cancel my subscription",3,"audio quality | android auto | cancel subscription | internet connection | customer support",0.1,0.1,0.1,0.6,0.1,0.0,0.0,0.0
3138,"THIS APP IS MESSED UP. I just want to play my fav songs but it says to go on ur website for a free trial. I logged in with my email and it said its incorrect. WHAT IS THE POINT OF THIS? UR APP IS MESSED UP DUDE. FIX IT. 😤😤😤😤😤😤😤😤😤",1,"female","Suva, Fiji","2017-12-04","negativo","this app is messed up i just want to play my fav songs but it says to go on ur website for a free trial i logged in with my email and it said its incorrect what is the point of this ur app is messed up dude fix it",0,"dolby atmos | high quality | download carrier hub | shuffle button | incredibly annoying",0.2,0.2,0.2,0.2,0.2,0.0,0.0,0.0
3173,"Constant issues. Disconnecting and search options are terrible. Yo have to type in the name of the song you're looking for exactly how it's spelled so if your favorite artist used a misspelling you don't fine your song. You also can't type in lyrics and now it's always disconnecting and saying there's a network issue when I'm Bluetooth to my truck. It just turns off and pauses. Don't send me a generic response of. ""We were sorry for your issues, fix it. I pay for it. Did you read any of this?",1,"female","Perth, Australia","2018-02-10","negativo","constant issues disconnecting and search options are terrible yo have to type in the name of the song you re looking for exactly how it s spelled so if your favorite artist used a misspelling you don t fine your song you also can t type in lyrics and now it s always disconnecting and saying there s a network issue when i m bluetooth to my truck it just turns off and pauses don t send me a generic response of we were sorry for your issues fix it i pay for it did you read any of this",1,"adding songs | tidal connect | carrier hub | works fine | years ago",0.1,0.6,0.1,0.1,0.1,0.0,0.0,0.0
3174,"BECAREFUL BECAUSE I GOT SCAMMED BY TIDAL! First they said there's a trial 30 days. I logged in, and entered my card. got charged. Emailed them, they said ""oh you kinda did your trial on 2021"". I don't recall doing back anything back in 2021.. However nothing was mention if this is a new or old account. I just used my Google linked account to sign in. Wasted money on this ""trial"". PLEASE BECAREFUL!!",1,"female","Suva, Fiji","2017-11-19","negativo","becareful because i got scammed by tidal first they said there s a trial days i logged in and entered my card got charged emailed them they said oh you kinda did your trial on i don t recall doing back anything back in however nothing was mention if this is a new or old account i just used my google linked account to sign in wasted money on this trial please becareful",4,"go back | downloaded albums | used fine | went wrong | force stop",0.1,0.1,0.1,0.1,0.6,0.0,0.0,0.0
3182,"Make albums and tracks viewable again with ads for free version like youtube does and i will come back to yall as a dedicated listener",1,"female","Christchurch, New Zealand","2018-01-15","negativo","make albums and tracks viewable again with ads for free version like youtube does and i will come back to yall as a dedicated listener",2,"restart phone | social features | slows things down | try again later | come back",0.1,0.1,0.5994,0.1005,0.1,0.0,0.0,0.0
3244,"Can't get my plan back on the premium because of play store not giving any other options beside plus plan",1,"female","Adelaide, Australia","2018-01-20","negativo","can t get my plan back on the premium because of play store not giving any other options beside plus plan",0,"dolby atmos | high quality | download carrier hub | shuffle button | incredibly annoying",0.2,0.2,0.2,0.2,0.2,0.0,0.0,0.0
3245,"They're updating my plan. For a garbage app, they have the nerve to take away the military discount, and the DJ integration by making you get a stand alone plan just for DJ integration. That's why I left the first time a few years back. Canceled my sub. I'll stick with Amazon music",1,"female","Nadi, Fiji","2017-11-10","negativo","they re updating my plan for a garbage app they have the nerve to take away the military discount and the dj integration by making you get a stand alone plan just for dj integration that s why i left the first time a few years back canceled my sub i ll stick with amazon music",4,"go back | downloaded albums | used fine | went wrong | force stop",0.1,0.1,0.1,0.1,0.6,0.0,0.0,0.0
3255,"Just downloaded this app...I thought you'd'd have a lot of carrier for us to pay the subscription...and it turns out you only made 2 in my country (malaysia)...unifi and Digi....ffs can you put more carrier like umobile,maxis and Celcom?.... though Deezer more pricey than this app they still managed to bring all type of payment through Google payment.... thats it ...why can't y'all do the same like them...",1,"female","Port Moresby, Papua New Guinea","2018-03-02","negativo","just downloaded this app i thought you d d have a lot of carrier for us to pay the subscription and it turns out you only made in my country malaysia unifi and digi ffs can you put more carrier like umobile maxis and celcom though deezer more pricey than this app they still managed to bring all type of payment through google payment thats it why can t y all do the same like them",0,"dolby atmos | high quality | download carrier hub | shuffle button | incredibly annoying",0.7311,0.0667,0.0667,0.0676,0.068,0.0,0.0,0.0
3274,"Hifi plus free trial didn't work because I signed up through Google. Support couldn't really help. Waste of time.",1,"female","Suva, Fiji","2018-03-02","negativo","hifi plus free trial didn t work because i signed up through google support couldn t really help waste of time",0,"dolby atmos | high quality | download carrier hub | shuffle button | incredibly annoying",0.7331,0.0667,0.0667,0.0668,0.0667,0.0,0.0,0.0
3296,"Trying to create an account: ""Please enter a valid email address."" I AM entering a valid email address! Three attempts & I'm done trying. Response to developer response: I cannot use support without an account. Thanks for nothing.",1,"female","Queenstown, New Zealand","2018-02-07","negativo","trying to create an account please enter a valid email address i am entering a valid email address three attempts i m done trying response to developer response i cannot use support without an account thanks for nothing",4,"go back | downloaded albums | used fine | went wrong | force stop",0.04,0.04,0.04,0.04,0.84,0.0,0.0,0.0
3340,"Error login in and can't talk to anyone to fix the problem about to cancel my subscription",1,"female","Wellington, New Zealand","2018-02-25","negativo","error login in and can t talk to anyone to fix the problem about to cancel my subscription",3,"audio quality | android auto | cancel subscription | internet connection | customer support",0.0667,0.0667,0.0667,0.7333,0.0667,0.0,0.0,0.0
3358,"The app doesn't work properly, barely loads right; downloaded albums don't respond to clicks; generally an unreliable music listening experience",1,"female","Auckland, New Zealand","2018-02-09","negativo","the app doesn t work properly barely loads right downloaded albums don t respond to clicks generally an unreliable music listening experience",4,"go back | downloaded albums | used fine | went wrong | force stop",0.1,0.1,0.1,0.1,0.6,0.0,0.0,0.0
3360,"No Google Assistant integration in 2023 is ridiculous.",1,"female","Gold Coast, Australia","2017-12-15","negativo","no google assistant integration in is ridiculous",1,"adding songs | tidal connect | carrier hub | works fine | years ago",0.1,0.6,0.1,0.1,0.1,0.0,0.0,0.0
3365,"Oct 29, 2022 update. Same story as before. Won't work without Carrie Hub spyware installed. Uninstalled immediately! Dev support seems useless. Works fine on my PC, Roku, and Nvidia Shield. Why can't you guys get this working well on cellular? Nov 23, 2021. Still won't work without Carrier Hub. No way. That crAPP drains the battery, sucks data, and is probably spyware. Love the Tidal app, but I will NOT install Carrier Hub to use it. Fix this. Other apps don't need this. Why does Tidal??!!!",1,"female","Sydney, Australia","2018-02-05","negativo","oct update same story as before won t work without carrie hub spyware installed uninstalled immediately dev support seems useless works fine on my pc roku and nvidia shield why can t you guys get this working well on cellular nov still won t work without carrier hub no way that crapp drains the battery sucks data and is probably spyware love the tidal app but i will not install carrier hub to use it fix this other apps don t need this why does tidal",1,"adding songs | tidal connect | carrier hub | works fine | years ago",0.0342,0.8654,0.0333,0.0335,0.0335,0.0,0.0,0.0
3374,"This app continues to stop in the middle of playing a song. This membership isn't worth the money now.",1,"female","Hobart, Australia","2017-11-29","negativo","this app continues to stop in the middle of playing a song this membership isn t worth the money now",3,"audio quality | android auto | cancel subscription | internet connection | customer support",0.0667,0.0667,0.0681,0.7318,0.0667,0.0,0.0,0.0
3383,"Tidal assigns your account to a region based on the ip address you register from. After about a year I have noticed I have been charged 2-3 times more than it should be. It turned out that I have been assigned to Germany for some reason. Tidal is not willing to fix this and not willing to compensate me for an error that neither was caused by me nor I was aware of. The most I have been advised to do is to cancel my account and register with another email. This is what I can call a RIP OFF.",1,"female","Melbourne, Australia","2018-01-25","negativo","tidal assigns your account to a region based on the ip address you register from after about a year i have noticed i have been charged times more than it should be it turned out that i have been assigned to germany for some reason tidal is not willing to fix this and not willing to compensate me for an error that neither was caused by me nor i was aware of the most i have been advised to do is to cancel my account and register with another email this is what i can call a rip off",0,"dolby atmos | high quality | download carrier hub | shuffle button | incredibly annoying",0.2,0.2,0.2,0.2,0.2,0.0,0.0,0.0
3393,"How disappointing, it doesn't even open.",1,"female","Queenstown, New Zealand","2018-01-10","negativo","how disappointing it doesn t even open",0,"dolby atmos | high quality | download carrier hub | shuffle button | incredibly annoying",0.2,0.2,0.2,0.2,0.2,0.0,0.0,0.0
3400,"Constant dropouts for the last month. Not sure why. Never experienced with other music apps",1,"female","Brisbane, Australia","2018-02-18","negativo","constant dropouts for the last month not sure why never experienced with other music apps",3,"audio quality | android auto | cancel subscription | internet connection | customer support",0.1,0.1,0.1,0.5999,0.1,0.0,0.0,0.0
3419,"Having issues with the android app. If I've already viewed an album, I can't view it again for some reason - the page just crashes. Closing and reopening the app doesn't solve the issue. Downloading the latest update also doesn't solve the issue.",1,"female","Melbourne, Australia","2018-01-15","negativo","having issues with the android app if i ve already viewed an album i can t view it again for some reason the page just crashes closing and reopening the app doesn t solve the issue downloading the latest update also doesn t solve the issue",0,"dolby atmos | high quality | download carrier hub | shuffle button | incredibly annoying",0.7321,0.0667,0.0679,0.0667,0.0667,0.0,0.0,0.0
3447,"Just doesn't work at all",1,"female","Christchurch, New Zealand","2018-01-22","negativo","just doesn t work at all",0,"dolby atmos | high quality | download carrier hub | shuffle button | incredibly annoying",0.2,0.2,0.2,0.2,0.2,0.0,0.0,0.0
3466,"Interrupting music while playing for ads is NOT COOL!",1,"female","Gold Coast, Australia","2017-12-08","negativo","interrupting music while playing for ads is not cool",0,"dolby atmos | high quality | download carrier hub | shuffle button | incredibly annoying",0.2,0.2,0.2,0.2,0.2,0.0,0.0,0.0
3491,"New Update 2/2/2024 : always loosing connection. Error (2.2.20000) this is getting ridiculous even on a Samsung S24 Ultra... All up the the App crashing on Android unable to log in via android or pc? Error messaging stating contact customer support if persist. Over 2 hours unable to access app.. Ironically it's working on my TCTV.. android smart tv..",1,"female","Suva, Fiji","2017-11-28","negativo","new update always loosing connection error this is getting ridiculous even on a samsung s ultra all up the the app crashing on android unable to log in via android or pc error messaging stating contact customer support if persist over hours unable to access app ironically it s working on my tctv android smart tv",3,"audio quality | android auto | cancel subscription | internet connection | customer support",0.3994,0.0667,0.0667,0.4005,0.0667,0.0,0.0,0.0
3511,"Why tha fuq this app doesn't have a freaking sleep timer",1,"female","Brisbane, Australia","2017-11-23","negativo","why tha fuq this app doesn t have a freaking sleep timer",0,"dolby atmos | high quality | download carrier hub | shuffle button | incredibly annoying",0.2,0.2,0.2,0.2,0.2,0.0,0.0,0.0
3519,"So many network errors. Can't listen to music consistently. No point in keeping subscription.",1,"female","Hobart, Australia","2017-12-21","negativo","so many network errors can t listen to music consistently no point in keeping subscription",4,"go back | downloaded albums | used fine | went wrong | force stop",0.1,0.1,0.1,0.1,0.6,0.0,0.0,0.0
3524,"i do not understand how to play a song....therefore i will cancel my tidal experience i managed to pass the initial requirement of selectig 3 x artist and the continue button appeared. i am keeping the 1 star. who do you think is reading those requirements? one should immediatelly search a song and play it!",1,"female","Hobart, Australia","2018-01-12","negativo","i do not understand how to play a song therefore i will cancel my tidal experience i managed to pass the initial requirement of selectig x artist and the continue button appeared i am keeping the star who do you think is reading those requirements one should immediatelly search a song and play it",2,"restart phone | social features | slows things down | try again later | come back",0.1,0.1,0.6,0.1,0.1,0.0,0.0,0.0
3540,"Became unusable on both desktop with high bandwidth and mobile lately. Constant interruptions, spinning wheels, unreliability.",1,"female","Port Moresby, Papua New Guinea","2018-01-20","negativo","became unusable on both desktop with high bandwidth and mobile lately constant interruptions spinning wheels unreliability",0,"dolby atmos | high quality | download carrier hub | shuffle button | incredibly annoying",0.2,0.2,0.2,0.2,0.2,0.0,0.0,0.0
3549,"What's the point of having a downloaded section if I can't play the download section when I don't have service? The download section shouldn't be searching for service if the songs are already downloaded. Ill be happy to edit this review once you fix this.",1,"female","Melbourne, Australia","2017-11-20","negativo","what s the point of having a downloaded section if i can t play the download section when i don t have service the download section shouldn t be searching for service if the songs are already downloaded ill be happy to edit this review once you fix this",1,"adding songs | tidal connect | carrier hub | works fine | years ago",0.05,0.7998,0.05,0.0501,0.05,0.0,0.0,0.0
3565,"The app (windows PC app) is buggy. It also randomly plays music on your computer. I switched from Amazon music to test Tidal out, but I'm switching back.",1,"female","Adelaide, Australia","2018-01-13","negativo","the app windows pc app is buggy it also randomly plays music on your computer i switched from amazon music to test tidal out but i m switching back",4,"go back | downloaded albums | used fine | went wrong | force stop",0.1,0.1,0.1,0.1,0.6,0.0,0.0,0.0
3572,"Signed up for a free trial for the month of January, but they charged us anyway. Decent app, but I'm not inclined to support such shady business practice.",1,"female","Canberra, Australia","2017-11-27","negativo","signed up for a free trial for the month of january but they charged us anyway decent app but i m not inclined to support such shady business practice",0,"dolby atmos | high quality | download carrier hub | shuffle button | incredibly annoying",0.2,0.2,0.2,0.2,0.2,0.0,0.0,0.0
3588,"TIDAL TOOK DOWN MY LAST REVIEW. App is missing features like continuity between devices, nested folders, public user playlists, and overall antiquated for desktop and mobile. Home page and search query is PLAGUED by OVERT SHILLING by Jay-Z N' Friends ™. Good luck trying to find the music you searched for by song name for even some of the most iconic tracks. You'll be bombarded with a dozen rap artists with similar track titles. Tidal Hifi when AB test vs Spotify@320kbps reveals no diff 1 yr user",1,"female","Queenstown, New Zealand","2017-12-23","negativo","tidal took down my last review app is missing features like continuity between devices nested folders public user playlists and overall antiquated for desktop and mobile home page and search query is plagued by overt shilling by jay z n friends good luck trying to find the music you searched for by song name for even some of the most iconic tracks you ll be bombarded with a dozen rap artists with similar track titles tidal hifi when ab test vs spotify kbps reveals no diff yr user",0,"dolby atmos | high quality | download carrier hub | shuffle button | incredibly annoying",0.866,0.0336,0.0335,0.0337,0.0333,0.0,0.0,0.0
3603,"ABSOLUTE GARBAGE! Keeps dropping connection after each song! I have extremely song wifi. Terrible and I'm 2 payments in.",1,"female","Sydney, Australia","2018-02-02","negativo","absolute garbage keeps dropping connection after each song i have extremely song wifi terrible and i m payments in",2,"restart phone | social features | slows things down | try again later | come back",0.1,0.1,0.6,0.1,0.1,0.0,0.0,0.0
3605,"Beyond livid. Not only am I paying monthly, but songs and videos are being censored suddenly; especially ones by Michael Jackson! I never had an issue until recently; and I used to love this app for music, but what is going on?",1,"female","Perth, Australia","2017-11-20","negativo","beyond livid not only am i paying monthly but songs and videos are being censored suddenly especially ones by michael jackson i never had an issue until recently and i used to love this app for music but what is going on",1,"adding songs | tidal connect | carrier hub | works fine | years ago",0.0667,0.7272,0.0667,0.0674,0.0721,0.0,0.0,0.0
3627,"Whenever a song is played on single repeat, it just keeps playing the next song but the UI says it's still on the original. This has been a bug for MONTHS that they just. Don't fix? I guess? FYI Spotify frequently has student discount promotions for $3 a month. And discord integration. And functional android auto. And an app that FUNCTIONS",1,"female","Canberra, Australia","2018-01-29","negativo","whenever a song is played on single repeat it just keeps playing the next song but the ui says it s still on the original this has been a bug for months that they just don t fix i guess fyi spotify frequently has student discount promotions for a month and discord integration and functional android auto and an app that functions",3,"audio quality | android auto | cancel subscription | internet connection | customer support",0.0667,0.0667,0.0667,0.7333,0.0667,0.0,0.0,0.0
3660,"Download queue has required many restarts to continue downloads, now queue has completely stalled and will not start at all. I have tried to force stop tidal and restart, I have also deleted app and reinstalled with no results. App and Android updated to most recent versions. Disappointing, especially considering how many people I have recommended Tidal to. Please don't ask me to contact support with your automated, standard response. Many others report the same - FIX THIS",1,"female","Brisbane, Australia","2017-12-24","negativo","download queue has required many restarts to continue downloads now queue has completely stalled and will not start at all i have tried to force stop tidal and restart i have also deleted app and reinstalled with no results app and android updated to most recent versions disappointing especially considering how many people i have recommended tidal to please don t ask me to contact support with your automated standard response many others report the same fix this",4,"go back | downloaded albums | used fine | went wrong | force stop",0.0333,0.0335,0.0334,0.0336,0.8662,0.0,0.0,0.0
3670,"Can't unlike certain songs so you're stuck with song you don't like being played yeah you can skip but I should only have to skip one time and then hit a thumbs down button ir something.",1,"female","Port Moresby, Papua New Guinea","2018-02-25","negativo","can t unlike certain songs so you re stuck with song you don t like being played yeah you can skip but i should only have to skip one time and then hit a thumbs down button ir something",0,"dolby atmos | high quality | download carrier hub | shuffle button | incredibly annoying",0.7303,0.0667,0.0696,0.0667,0.0667,0.0,0.0,0.0
3671,"The free version is awful. I liked it when the full version of Tidal came with my TMobile plan even though it has never had as many licensing deals as other streaming services, but it did the job. Now that they ended the contract, the stripped down free version doesn't even allow you to pick which song play!",1,"female","Nadi, Fiji","2018-01-22","negativo","the free version is awful i liked it when the full version of tidal came with my tmobile plan even though it has never had as many licensing deals as other streaming services but it did the job now that they ended the contract the stripped down free version doesn t even allow you to pick which song play",0,"dolby atmos | high quality | download carrier hub | shuffle button | incredibly annoying",0.2,0.2,0.2,0.2,0.2,0.0,0.0,0.0
3675,"Cannot adjust settings through the app.",1,"female","Adelaide, Australia","2017-11-16","negativo","cannot adjust settings through the app",0,"dolby atmos | high quality | download carrier hub | shuffle button | incredibly annoying",0.2,0.2,0.2,0.2,0.2,0.0,0.0,0.0
3720,"Worst customer service ever, app has crazy lag, the music sounds like it's coming out of a ton can half the time, they don't pay the musicians correctly and will still try to pull money out of your account after cancelling your subscription threw times... I can't believe they haven't been shut down yet, cuz they should be. DO NOT DOWNLOAD!!",1,"female","Perth, Australia","2017-11-30","negativo","worst customer service ever app has crazy lag the music sounds like it s coming out of a ton can half the time they don t pay the musicians correctly and will still try to pull money out of your account after cancelling your subscription threw times i can t believe they haven t been shut down yet cuz they should be do not download",0,"dolby atmos | high quality | download carrier hub | shuffle button | incredibly annoying",0.7979,0.0515,0.0506,0.05,0.05,0.0,0.0,0.0
3723,"Couldn't sign in on the app. Tried with Google and Facebook, and it errors me.",1,"female","Adelaide, Australia","2018-02-06","negativo","couldn t sign in on the app tried with google and facebook and it errors me",0,"dolby atmos | high quality | download carrier hub | shuffle button | incredibly annoying",0.2,0.2,0.2,0.2,0.2,0.0,0.0,0.0
3732,"App keeps closing on my android. It will not play.",1,"female","Gold Coast, Australia","2017-12-27","negativo","app keeps closing on my android it will not play",0,"dolby atmos | high quality | download carrier hub | shuffle button | incredibly annoying",0.2,0.2,0.2,0.2,0.2,0.0,0.0,0.0
3737,"Crashes before finishing one song. What happened to this app? I've been on this one since 2016, but it's been nonstop crashing for the last year. I guess I'm off to spotify.",1,"female","Hobart, Australia","2017-12-30","negativo","crashes before finishing one song what happened to this app i ve been on this one since but it s been nonstop crashing for the last year i guess i m off to spotify",2,"restart phone | social features | slows things down | try again later | come back",0.1,0.1,0.6,0.1,0.1,0.0,0.0,0.0
3741,"Don't get it unless you want to pay for the subscription. I got the free trial and there is no place to cancel the plan, in app or online, they make it to where you HAVE to go through their support to cancel your subscription.",1,"female","Auckland, New Zealand","2017-11-24","negativo","don t get it unless you want to pay for the subscription i got the free trial and there is no place to cancel the plan in app or online they make it to where you have to go through their support to cancel your subscription",3,"audio quality | android auto | cancel subscription | internet connection | customer support",0.0679,0.0667,0.0667,0.7305,0.0682,0.0,0.0,0.0
3748,"All my downloaded songs refuse to play now. I don't listen to music on my phone except when I'm trying to drive somewhere, and the fact that downloaded offline mode never works is a deal breaker.",1,"female","Sydney, Australia","2017-12-08","negativo","all my downloaded songs refuse to play now i don t listen to music on my phone except when i m trying to drive somewhere and the fact that downloaded offline mode never works is a deal breaker",3,"audio quality | android auto | cancel subscription | internet connection | customer support",0.0334,0.0333,0.0333,0.8666,0.0333,0.0,0.0,0.0
3751,"Canceled my account months ago, and still kept getting charged. Scam application",1,"female","Christchurch, New Zealand","2017-12-31","negativo","canceled my account months ago and still kept getting charged scam application",1,"adding songs | tidal connect | carrier hub | works fine | years ago",0.0667,0.7323,0.0677,0.0667,0.0667,0.0,0.0,0.0
3754,"The search icon is missing. Unable to search for music.",1,"female","Gold Coast, Australia","2018-02-04","negativo","the search icon is missing unable to search for music",3,"audio quality | android auto | cancel subscription | internet connection | customer support",0.1,0.1,0.1,0.5999,0.1,0.0,0.0,0.0
3762,"Pseudo hifi app with garbage library, get a pro as Beatport app if you in true electronic music. 1st Without a Custom in ear monitor, a good DAC and AMP and a solid player there is no benefit to getting any app. 2nd The choices for flac and 192khz in ""edc""are inexsitent. To top it, libraries are made of music of mediocre maistream genere/artists, & unrelated list recommendations with zero connection. Have the staff ever heard of John 00 fleming, simon templar, ect?",1,"female","Adelaide, Australia","2017-12-12","negativo","pseudo hifi app with garbage library get a pro as beatport app if you in true electronic music st without a custom in ear monitor a good dac and amp and a solid player there is no benefit to getting any app nd the choices for flac and khz in edc are inexsitent to top it libraries are made of music of mediocre maistream genere artists unrelated list recommendations with zero connection have the staff ever heard of john fleming simon templar ect",0,"dolby atmos | high quality | download carrier hub | shuffle button | incredibly annoying",0.2,0.2,0.2,0.2,0.2,0.0,0.0,0.0
3765,"The buggiest app in the universe",1,"female","Melbourne, Australia","2017-11-07","negativo","the buggiest app in the universe",0,"dolby atmos | high quality | download carrier hub | shuffle button | incredibly annoying",0.2,0.2,0.2,0.2,0.2,0.0,0.0,0.0
3772,"12-2023 Last FM scrobbling removed so this fine app moves from a 5 to a 1 until it gets fixed. You can't charge a premium like the other big players and not have the same features or people will jump ship, myself included. Fix it.",1,"female","Nadi, Fiji","2018-01-05","negativo","last fm scrobbling removed so this fine app moves from a to a until it gets fixed you can t charge a premium like the other big players and not have the same features or people will jump ship myself included fix it",0,"dolby atmos | high quality | download carrier hub | shuffle button | incredibly annoying",0.2,0.2,0.2,0.2,0.2,0.0,0.0,0.0
3774,"Update: 2 months later still same issues. Crashes daily. Support didn't help. Lost all downloads & had to start over. Hate it. Update: 2 weeks later & still crashing. I can't listen to ONE FULL SONG. I've uninstallled, reinstalled & still crashing. TIDAL Support, what gives? Started off good. Now it crashes all day long. For this to be a paid app, it's unacceptable. Even issues playing downloaded music offline. I'm ready to cancel. If I have to go thru all this, I may as well move to a free app.",1,"female","Lima, Peru","2017-11-03","negativo","update months later still same issues crashes daily support didn t help lost all downloads had to start over hate it update weeks later still crashing i can t listen to one full song i ve uninstallled reinstalled still crashing tidal support what gives started off good now it crashes all day long for this to be a paid app it s unacceptable even issues playing downloaded music offline i m ready to cancel if i have to go thru all this i may as well move to a free app",0,"dolby atmos | high quality | download carrier hub | shuffle button | incredibly annoying",0.9101,0.0227,0.0223,0.0227,0.0222,0.0,0.0,0.0
3784,"Paid subsciber here. last update broke the app, I'm lucky if a track makes it past 30 seconds of playback on mobile. Software is broken.",1,"female","Melbourne, Australia","2018-01-31","negativo","paid subsciber here last update broke the app i m lucky if a track makes it past seconds of playback on mobile software is broken",0,"dolby atmos | high quality | download carrier hub | shuffle button | incredibly annoying",0.6,0.1,0.1,0.1,0.1,0.0,0.0,0.0
3787,"The app is not working on my phone",1,"female","Perth, Australia","2017-12-06","negativo","the app is not working on my phone",0,"dolby atmos | high quality | download carrier hub | shuffle button | incredibly annoying",0.2,0.2,0.2,0.2,0.2,0.0,0.0,0.0
3795,"This app deleted all of my playlists with no warning. It's worthless.",1,"female","Perth, Australia","2018-02-22","negativo","this app deleted all of my playlists with no warning it s worthless",0,"dolby atmos | high quality | download carrier hub | shuffle button | incredibly annoying",0.2,0.2,0.2,0.2,0.2,0.0,0.0,0.0
3802,"Takes forever to load. Upwards of 50 seconds on a Pixel 7 phone 😂. Have been on long hikes in the middle of nowhere just for me to be signed out and unable to play music for the rest of the 5 hour hike. This is a joke of a product. Searching is also nigh impossible on this app as the algorithm is terrible and leads me straight to obscure and bad recordings. I can't even use the offline mode effectively either as the app prevents you from entering albums when offline. Atrotious in every way. 👍",1,"female","Christchurch, New Zealand","2018-01-19","negativo","takes forever to load upwards of seconds on a pixel phone have been on long hikes in the middle of nowhere just for me to be signed out and unable to play music for the rest of the hour hike this is a joke of a product searching is also nigh impossible on this app as the algorithm is terrible and leads me straight to obscure and bad recordings i can t even use the offline mode effectively either as the app prevents you from entering albums when offline atrotious in every way",3,"audio quality | android auto | cancel subscription | internet connection | customer support",0.04,0.04,0.04,0.84,0.04,0.0,0.0,0.0
3845,"Love it Update: why is Tidal always having network problems recently! I stream YouTube videos with no issues. But Tidal can't play the next song because network issues? Why am I even paying for this service?",1,"female","Hobart, Australia","2018-03-02","negativo","love it update why is tidal always having network problems recently i stream youtube videos with no issues but tidal can t play the next song because network issues why am i even paying for this service",4,"go back | downloaded albums | used fine | went wrong | force stop",0.0223,0.0225,0.0222,0.0223,0.9107,0.0,0.0,0.0
3878,"How dare you even ask 20 bucks for a subscription! And the free plan, 100M songs... WHERE?! WHERE TF ARE THEY, I tried 20 songs and I couldn't listen to one!",1,"female","Brisbane, Australia","2018-01-02","negativo","how dare you even ask bucks for a subscription and the free plan m songs where where tf are they i tried songs and i couldn t listen to one",0,"dolby atmos | high quality | download carrier hub | shuffle button | incredibly annoying",0.2,0.2,0.2,0.2,0.2,0.0,0.0,0.0
3879,"They have disabled playing any downloaded music. They randomly remove songs that you have on your playlists but keep the metadata so your playthrough just stops. They have zero customer service, not even a way to shout into the void. Do not waste money on this.",1,"female","Port Moresby, Papua New Guinea","2018-01-14","negativo","they have disabled playing any downloaded music they randomly remove songs that you have on your playlists but keep the metadata so your playthrough just stops they have zero customer service not even a way to shout into the void do not waste money on this",0,"dolby atmos | high quality | download carrier hub | shuffle button | incredibly annoying",0.799,0.05,0.05,0.0504,0.0506,0.0,0.0,0.0
3895,"Stopped working after I upgraded to pixel 8 pro. Constantly gets stuck and shows error codes.",1,"female","Melbourne, Australia","2018-02-12","negativo","stopped working after i upgraded to pixel pro constantly gets stuck and shows error codes",0,"dolby atmos | high quality | download carrier hub | shuffle button | incredibly annoying",0.2,0.2,0.2,0.2,0.2,0.0,0.0,0.0
3898,"Taking my money and cannot stop it! I just noticed this all has been deducting from my credit card and I have yet been able to figure a way to cancel the payments. I am not even logged into the app (haven't used at all), am not subscribed through play store, am apparently not able to reset my password on their website to log in and cancel as neither of my emails receive a password reset. Fuming! What a scam! Help!",1,"female","Canberra, Australia","2018-01-11","negativo","taking my money and cannot stop it i just noticed this all has been deducting from my credit card and i have yet been able to figure a way to cancel the payments i am not even logged into the app haven t used at all am not subscribed through play store am apparently not able to reset my password on their website to log in and cancel as neither of my emails receive a password reset fuming what a scam help",1,"adding songs | tidal connect | carrier hub | works fine | years ago",0.0667,0.7323,0.0677,0.0667,0.0667,0.0,0.0,0.0
3903,"First, the podcast selection is extremely small. Second, the app keeps telling me to upgrade my subscription when I'm already paying for a subscription!!!! What am I supposed to do??? O already have a HiFi subscription, why does the app keep telling me to upgrade?????",1,"female","Hobart, Australia","2017-12-05","negativo","first the podcast selection is extremely small second the app keeps telling me to upgrade my subscription when i m already paying for a subscription what am i supposed to do o already have a hifi subscription why does the app keep telling me to upgrade",2,"restart phone | social features | slows things down | try again later | come back",0.0287,0.0289,0.8853,0.0286,0.0286,0.0,0.0,0.0
3920,"Can't even listened to my downloaded music",1,"female","Port Moresby, Papua New Guinea","2018-03-04","negativo","can t even listened to my downloaded music",0,"dolby atmos | high quality | download carrier hub | shuffle button | incredibly annoying",0.2,0.2,0.2,0.2,0.2,0.0,0.0,0.0
3924,"As an app that I pay a monthly subscription for, there is no reason for all the time outs and unable to connect when I clearly have the network or wifi connected. Seems like this last update has completely messed up my Tidal app.",1,"female","Suva, Fiji","2018-01-16","negativo","as an app that i pay a monthly subscription for there is no reason for all the time outs and unable to connect when i clearly have the network or wifi connected seems like this last update has completely messed up my tidal app",4,"go back | downloaded albums | used fine | went wrong | force stop",0.1,0.1,0.1,0.1,0.6,0.0,0.0,0.0
3925,"Since android 13 update I cannot connect the app to my hifi , if using the blue sound app it will connect using bluos. Is there a patch needed for this ?? Still having trouble after help from tidal , no longer connects through tidal connect at all , frustrating that this is still happening",1,"female","Gold Coast, Australia","2017-12-28","negativo","since android update i cannot connect the app to my hifi if using the blue sound app it will connect using bluos is there a patch needed for this still having trouble after help from tidal no longer connects through tidal connect at all frustrating that this is still happening",1,"adding songs | tidal connect | carrier hub | works fine | years ago",0.0667,0.7333,0.0667,0.0667,0.0667,0.0,0.0,0.0
3931,"Used to love the app, now they just take your money and seems like promise things are not there anymore, although stated in the pricing we will have Dolby atmos, Sony 360 and MQA most uniquely, all of this formats can not be found and most likely has been almost completely wiped and swaped with flac, with no choice for you for what format to stream. As the app no longer stand behind her promises and what I paid for I changed my rating from 5 to 1 and would not recommend anymore, do better please",1,"female","Wellington, New Zealand","2018-02-02","negativo","used to love the app now they just take your money and seems like promise things are not there anymore although stated in the pricing we will have dolby atmos sony and mqa most uniquely all of this formats can not be found and most likely has been almost completely wiped and swaped with flac with no choice for you for what format to stream as the app no longer stand behind her promises and what i paid for i changed my rating from to and would not recommend anymore do better please",0,"dolby atmos | high quality | download carrier hub | shuffle button | incredibly annoying",0.6,0.1,0.1,0.1,0.1,0.0,0.0,0.0
3933,"Not happy. Always use Tidal, brilliant music provider. However just got a Samsung galaxy watch 4 and it doesn't support this wearable?",1,"female","Christchurch, New Zealand","2017-11-12","negativo","not happy always use tidal brilliant music provider however just got a samsung galaxy watch and it doesn t support this wearable",0,"dolby atmos | high quality | download carrier hub | shuffle button | incredibly annoying",0.7305,0.0667,0.0695,0.0667,0.0667,0.0,0.0,0.0
3937,"Just another music app without click and pay inside...",1,"female","Auckland, New Zealand","2017-12-14","negativo","just another music app without click and pay inside",0,"dolby atmos | high quality | download carrier hub | shuffle button | incredibly annoying",0.2,0.2,0.2,0.2,0.2,0.0,0.0,0.0
3950,"I could not even sign up for this app as a Gmail is not a valid email. I do not recommend this app for Gmail users",1,"female","Sydney, Australia","2018-02-02","negativo","i could not even sign up for this app as a gmail is not a valid email i do not recommend this app for gmail users",4,"go back | downloaded albums | used fine | went wrong | force stop",0.1,0.1,0.1,0.1,0.6,0.0,0.0,0.0
3952,"Can't even sign in. Reviews speak for thanks especially the dev responses. They are all the same.",1,"female","Gold Coast, Australia","2017-11-25","negativo","can t even sign in reviews speak for thanks especially the dev responses they are all the same",0,"dolby atmos | high quality | download carrier hub | shuffle button | incredibly annoying",0.2,0.2,0.2,0.2,0.2,0.0,0.0,0.0
3954,"Can't get this app to connect with Google Maps or Waze. seems to be a Tidal issue. Tidal's website shows Waze integration too.",1,"female","Gold Coast, Australia","2018-02-18","negativo","can t get this app to connect with google maps or waze seems to be a tidal issue tidal s website shows waze integration too",2,"restart phone | social features | slows things down | try again later | come back",0.1,0.1,0.6,0.1,0.1,0.0,0.0,0.0
3955,"I have been a loyal Tidal, but now my patience is close to zero. An error while casting is described, sent video etc to Tidal support. error is acknowledged, but not fixed in 6 months, incredible... One star..",1,"female","Perth, Australia","2017-12-02","negativo","i have been a loyal tidal but now my patience is close to zero an error while casting is described sent video etc to tidal support error is acknowledged but not fixed in months incredible one star",1,"adding songs | tidal connect | carrier hub | works fine | years ago",0.1006,0.5993,0.1,0.1,0.1,0.0,0.0,0.0
3969,"I really want to use Tidal, but this app is garbage. The worst thing is that sometimes the playback stops every few seconds, and some of those times it won't even start again until I reset my phone. Even if I download the tracks first this still happens. Can't even listen to a full song.",2,"female","Canberra, Australia","2019-11-27","negativo","i really want to use tidal but this app is garbage the worst thing is that sometimes the playback stops every few seconds and some of those times it won t even start again until i reset my phone even if i download the tracks first this still happens can t even listen to a full song",2,"restart phone | social features | slows things down | try again later | come back",0.0667,0.0678,0.7322,0.0667,0.0667,0.0,0.0,0.0
3971,"Randomly stops playing mid song. Great sound quality when it works. Pretty annoying. Garbage app. Never had this problem with Spotify, YouTube music or Amazon music.",2,"female","Auckland, New Zealand","2019-11-06","negativo","randomly stops playing mid song great sound quality when it works pretty annoying garbage app never had this problem with spotify youtube music or amazon music",1,"adding songs | tidal connect | carrier hub | works fine | years ago",0.0511,0.7981,0.0505,0.0504,0.05,0.0,0.0,0.0
3980,"I finally decided to terminate my subscription months ago, due to a lot of service interruptions. I noticed months later they are still taking money out my account 😒.",2,"female","Melbourne, Australia","2020-02-08","negativo","i finally decided to terminate my subscription months ago due to a lot of service interruptions i noticed months later they are still taking money out my account",2,"restart phone | social features | slows things down | try again later | come back",0.0405,0.0406,0.8388,0.04,0.04,0.0,0.0,0.0
3987,"Loses connection with my Sonos constantly, an issue I never had with Prime Music.",2,"female","Gold Coast, Australia","2019-12-07","negativo","loses connection with my sonos constantly an issue i never had with prime music",0,"dolby atmos | high quality | download carrier hub | shuffle button | incredibly annoying",0.2,0.2,0.2,0.2,0.2,0.0,0.0,0.0
3996,"Ads in the MIDDLE of songs. I could get over the reduced audio quality, the inability to pick individual songs, even the mandatory internet connection, but placing the ads in the MIDDLE OF SONGS is the last nail in the coffin for me.",2,"female","Port Moresby, Papua New Guinea","2020-01-22","negativo","ads in the middle of songs i could get over the reduced audio quality the inability to pick individual songs even the mandatory internet connection but placing the ads in the middle of songs is the last nail in the coffin for me",3,"audio quality | android auto | cancel subscription | internet connection | customer support",0.02,0.0201,0.02,0.9199,0.02,0.0,0.0,0.0
4016,"Ads are in the middle of songs (every song) instead of between songs. Unlistenable without paying for premium subscription.",2,"female","Melbourne, Australia","2020-02-03","negativo","ads are in the middle of songs every song instead of between songs unlistenable without paying for premium subscription",3,"audio quality | android auto | cancel subscription | internet connection | customer support",0.04,0.04,0.04,0.84,0.04,0.0,0.0,0.0
4023,"I been subscribed for at least 10yrs and this last 3yrs been different, the app crashes and won't load the next song, then I figured out how to get it to play. As of late it will completely crash. Basically the app doesn't work after a few songs. And no its not my phone or connection. Even crashed on wifi. I'll just unsubscribe not about to waste my money any more.",2,"female","Gold Coast, Australia","2020-01-13","negativo","i been subscribed for at least yrs and this last yrs been different the app crashes and won t load the next song then i figured out how to get it to play as of late it will completely crash basically the app doesn t work after a few songs and no its not my phone or connection even crashed on wifi i ll just unsubscribe not about to waste my money any more",4,"go back | downloaded albums | used fine | went wrong | force stop",0.0676,0.0667,0.0677,0.0667,0.7314,0.0,0.0,0.0
4028,"I've been a Tidal subscriber for years but since I've upgraded phones the app keeps telling me I have connection errors after playing a few songs which cause me to have to exit the app then reopen. VERY ANNOYING!!",2,"female","Auckland, New Zealand","2020-02-02","negativo","i ve been a tidal subscriber for years but since i ve upgraded phones the app keeps telling me i have connection errors after playing a few songs which cause me to have to exit the app then reopen very annoying",2,"restart phone | social features | slows things down | try again later | come back",0.05,0.0514,0.7981,0.05,0.0505,0.0,0.0,0.0
4033,"All videos. Where are the mood, genres, artist radio. I want hifi music recordings not videos.",2,"female","Gold Coast, Australia","2020-02-04","negativo","all videos where are the mood genres artist radio i want hifi music recordings not videos",0,"dolby atmos | high quality | download carrier hub | shuffle button | incredibly annoying",0.2,0.2,0.2,0.2,0.2,0.0,0.0,0.0
4045,"It was all good until Playlist Art Doesn't load and constantly tells me I have no internet connection. Sometimes the app lags when I press play on a song . I really want to enjoy this app. Great Audio Quality and Great Playlist made just for you but there are many bugs that make the experience go from Great to Ok. As of right now the app keeps crashing . Please fix these bugs!!!",2,"female","Canberra, Australia","2019-11-05","negativo","it was all good until playlist art doesn t load and constantly tells me i have no internet connection sometimes the app lags when i press play on a song i really want to enjoy this app great audio quality and great playlist made just for you but there are many bugs that make the experience go from great to ok as of right now the app keeps crashing please fix these bugs",3,"audio quality | android auto | cancel subscription | internet connection | customer support",0.0667,0.0667,0.0667,0.7333,0.0667,0.0,0.0,0.0
4058,"I've been using Tidal for a while, and while I overall liked their service, however, the app is too finicky with Android Auto. It constantly forgets what song or playlist was playing last, requiring me to pick something on the screen or to pull my phone out, open the app, and hit play from the app to resume playback. I kept hoping this issue would get better, but it has just gotten worse. This caused me to cancel my membership to try a different service.",2,"female","Fortaleza, Brazil","2019-10-20","negativo","i ve been using tidal for a while and while i overall liked their service however the app is too finicky with android auto it constantly forgets what song or playlist was playing last requiring me to pick something on the screen or to pull my phone out open the app and hit play from the app to resume playback i kept hoping this issue would get better but it has just gotten worse this caused me to cancel my membership to try a different service",3,"audio quality | android auto | cancel subscription | internet connection | customer support",0.0287,0.0288,0.0289,0.8849,0.0286,0.0,0.0,0.0
4069,"You want higher quality music with clarity and depth? This is the place. You want to listen to your music offline? Too bad. You want to listen to your music seamlessly across devices/sessions? Nope You want an easy to use Playlist and UI? Can't do that either.... I switched from Spotify for the higher Fidelity music. But I've made sacrifices to use this app and enjoy my music. Shouldn't have to, but here we are anyway.",2,"female","Auckland, New Zealand","2020-02-10","negativo","you want higher quality music with clarity and depth this is the place you want to listen to your music offline too bad you want to listen to your music seamlessly across devices sessions nope you want an easy to use playlist and ui can t do that either i switched from spotify for the higher fidelity music but i ve made sacrifices to use this app and enjoy my music shouldn t have to but here we are anyway",1,"adding songs | tidal connect | carrier hub | works fine | years ago",0.05,0.7997,0.0502,0.0501,0.05,0.0,0.0,0.0
4072,"Doesn't have publicly shareable playlists, and only a limited selection of curated ones. Sound quality is noticeably better if available, but 90% of my favorites just had the basic tier.",2,"female","Sydney, Australia","2020-02-16","negativo","doesn t have publicly shareable playlists and only a limited selection of curated ones sound quality is noticeably better if available but of my favorites just had the basic tier",0,"dolby atmos | high quality | download carrier hub | shuffle button | incredibly annoying",0.2,0.2,0.2,0.2,0.2,0.0,0.0,0.0
4095,"The app will play one song and then just sit idle or keep spinning with an error message. About to cancel and go to YT music",2,"female","Perth, Australia","2019-12-11","negativo","the app will play one song and then just sit idle or keep spinning with an error message about to cancel and go to yt music",3,"audio quality | android auto | cancel subscription | internet connection | customer support",0.0506,0.05,0.05,0.7994,0.05,0.0,0.0,0.0
4099,"Tidal has started playing mid track ads (once per track) which I will say is effective in that I stopped using the app, but is certainly not effective in convincing me I should pay money for it instead. I want to support a platform that pays musicians for their music, but not even radios will interrupt a song in the middle to roll an ad break.",2,"female","Hobart, Australia","2020-01-28","negativo","tidal has started playing mid track ads once per track which i will say is effective in that i stopped using the app but is certainly not effective in convincing me i should pay money for it instead i want to support a platform that pays musicians for their music but not even radios will interrupt a song in the middle to roll an ad break",0,"dolby atmos | high quality | download carrier hub | shuffle button | incredibly annoying",0.799,0.0506,0.05,0.0504,0.05,0.0,0.0,0.0
4129,"Please add as Google default music player. I love Tidal but they need to add integration with Google devices so it can be used as the default music player service, just like Spotify can. Users have been asking for this for years and they still haven't done it. 5 star app otherwise.",2,"female","Salvador, Brazil","2019-10-12","negativo","please add as google default music player i love tidal but they need to add integration with google devices so it can be used as the default music player service just like spotify can users have been asking for this for years and they still haven t done it star app otherwise",2,"restart phone | social features | slows things down | try again later | come back",0.0667,0.0678,0.7319,0.0667,0.067,0.0,0.0,0.0
4130,"Tidal is complex. They pay their artists the most out of the mainstream streaming apps. But the service is terrible. Adding songs to your queue is counter intuitive, poorly tagged catalog, and for no reason at all the app will either stop playing music despite working network connection, or it will repeat songs while displaying track information for other songs. Truly, if Tidal wasn't paying their artists more than most, I'd be jumping back to Spotify.",2,"female","Wellington, New Zealand","2020-01-26","negativo","tidal is complex they pay their artists the most out of the mainstream streaming apps but the service is terrible adding songs to your queue is counter intuitive poorly tagged catalog and for no reason at all the app will either stop playing music despite working network connection or it will repeat songs while displaying track information for other songs truly if tidal wasn t paying their artists more than most i d be jumping back to spotify",1,"adding songs | tidal connect | carrier hub | works fine | years ago",0.025,0.6656,0.025,0.0252,0.2591,0.0,0.0,0.0
4142,"This app would be great, except that the app won't find my Amazon Echo speaker as an available device. Their Support site only mentions how to add the Alexa ""Tidal Skill,"" but that only enables me to play by voice command, not the app's UI. I would hate to have to go back to Spotify, but I need that functionality. EDIT: I live in the US.",2,"female","Port Moresby, Papua New Guinea","2019-11-22","negativo","this app would be great except that the app won t find my amazon echo speaker as an available device their support site only mentions how to add the alexa tidal skill but that only enables me to play by voice command not the app s ui i would hate to have to go back to spotify but i need that functionality edit i live in the us",4,"go back | downloaded albums | used fine | went wrong | force stop",0.0337,0.0334,0.0333,0.0335,0.866,0.0,0.0,0.0
4164,"Cannot search for things and filer by Atmos or tidal. Cannot filter albums to pick out only master. Cannot tell if on PC it is Atmos as there is not indication(my pc has Atmos installed), master radio is short so only have a small list of songs which are the same, so even if I use radio for 30 rock songs I like I get the VERY similar lost of songs... I have autoplay on but it plays not master songs....Good quality though and why I pay for it.just want master only setting though",2,"female","Suva, Fiji","2019-12-11","negativo","cannot search for things and filer by atmos or tidal cannot filter albums to pick out only master cannot tell if on pc it is atmos as there is not indication my pc has atmos installed master radio is short so only have a small list of songs which are the same so even if i use radio for rock songs i like i get the very similar lost of songs i have autoplay on but it plays not master songs good quality though and why i pay for it just want master only setting though",1,"adding songs | tidal connect | carrier hub | works fine | years ago",0.0667,0.7329,0.0671,0.0667,0.0667,0.0,0.0,0.0
4167,"sound quality awesome when it works,but app has so many issues",2,"female","Christchurch, New Zealand","2019-10-31","negativo","sound quality awesome when it works but app has so many issues",0,"dolby atmos | high quality | download carrier hub | shuffle button | incredibly annoying",0.2,0.2,0.2,0.2,0.2,0.0,0.0,0.0
4170,"The app generates nice MIXes but 80% of songs are not playing due to error ""try again later-1:4:1004"". It's very ennoying, the same for some albums as well. There is no possibility to fully/finally close the application, have to force stop via app info. Sometimes that error might be fixed by close and open the app and sometimes not.",2,"female","Gold Coast, Australia","2020-01-24","negativo","the app generates nice mixes but of songs are not playing due to error try again later it s very ennoying the same for some albums as well there is no possibility to fully finally close the application have to force stop via app info sometimes that error might be fixed by close and open the app and sometimes not",2,"restart phone | social features | slows things down | try again later | come back",0.0333,0.0333,0.8654,0.0333,0.0345,0.0,0.0,0.0
4183,"it won't let me connect !",2,"female","Brisbane, Australia","2020-01-23","negativo","it won t let me connect",0,"dolby atmos | high quality | download carrier hub | shuffle button | incredibly annoying",0.2,0.2,0.2,0.2,0.2,0.0,0.0,0.0
4195,"The application seems to have a problem streaming through wifi so I decided to reinstall the app. Now, all my favorite tracks are gone which is very unusual. So many glitches.",2,"female","Christchurch, New Zealand","2020-02-17","negativo","the application seems to have a problem streaming through wifi so i decided to reinstall the app now all my favorite tracks are gone which is very unusual so many glitches",0,"dolby atmos | high quality | download carrier hub | shuffle button | incredibly annoying",0.2,0.2,0.2,0.2,0.2,0.0,0.0,0.0
4196,"Can't change audio quality from low",2,"female","Perth, Australia","2019-11-09","negativo","can t change audio quality from low",3,"audio quality | android auto | cancel subscription | internet connection | customer support",0.1,0.1,0.1,0.6,0.1,0.0,0.0,0.0
4207,"Great for artists, but poor catalogue missing many smaller acts from genres that aren't pop or rap. Most inaccurate algorithm out of all music services. If it wasn't for the markedly better audio quality, if have swapped already.",2,"female","Adelaide, Australia","2019-12-17","negativo","great for artists but poor catalogue missing many smaller acts from genres that aren t pop or rap most inaccurate algorithm out of all music services if it wasn t for the markedly better audio quality if have swapped already",3,"audio quality | android auto | cancel subscription | internet connection | customer support",0.1,0.1,0.1,0.6,0.1,0.0,0.0,0.0
4242,"Horrific app. Stops working every few day. Needs to be deleted and reinstalled to continue use, though still paying for the subscription.",2,"female","Wellington, New Zealand","2020-01-07","negativo","horrific app stops working every few day needs to be deleted and reinstalled to continue use though still paying for the subscription",1,"adding songs | tidal connect | carrier hub | works fine | years ago",0.05,0.5489,0.0512,0.05,0.2999,0.0,0.0,0.0
4243,"This would be 5 star, but for the last month or so I have been getting a pop up that stops my music and say playback has been paused because I am playing on an android device. It the proceeds to interrupt my music every 20 to 45 seconds making it impossible to listen to anything. I pay $9.99 a month and am very frustrated by this. Please fix this problem or I will cancel my subscription.",2,"female","Brisbane, Australia","2019-11-27","negativo","this would be star but for the last month or so i have been getting a pop up that stops my music and say playback has been paused because i am playing on an android device it the proceeds to interrupt my music every to seconds making it impossible to listen to anything i pay a month and am very frustrated by this please fix this problem or i will cancel my subscription",3,"audio quality | android auto | cancel subscription | internet connection | customer support",0.0251,0.025,0.0252,0.5238,0.4008,0.0,0.0,0.0
4249,"With the new update you introduced a new bug, when i try to open my most listened albums it says ""something went wrong please try again later"" Even tho i can start and keep listening from the front menu by tapping on the play icon.",2,"female","Perth, Australia","2020-02-01","negativo","with the new update you introduced a new bug when i try to open my most listened albums it says something went wrong please try again later even tho i can start and keep listening from the front menu by tapping on the play icon",4,"go back | downloaded albums | used fine | went wrong | force stop",0.025,0.025,0.0258,0.025,0.8992,0.0,0.0,0.0
4250,"Became very buggy and downloaded music should get stuck in a buffer loop for at least a few minutes. This started happening across multiple devices. No plans on integration with Google which was very disappointing.",2,"female","Queenstown, New Zealand","2019-12-12","negativo","became very buggy and downloaded music should get stuck in a buffer loop for at least a few minutes this started happening across multiple devices no plans on integration with google which was very disappointing",4,"go back | downloaded albums | used fine | went wrong | force stop",0.0667,0.0667,0.0712,0.0667,0.7288,0.0,0.0,0.0
4257,"I like the platform but Ever since subscription price went up a dollar a month all of a sudden when trying to listen to some songs it displays something went wrong please try again later and it happens often...",2,"female","Port Moresby, Papua New Guinea","2019-11-02","negativo","i like the platform but ever since subscription price went up a dollar a month all of a sudden when trying to listen to some songs it displays something went wrong please try again later and it happens often",4,"go back | downloaded albums | used fine | went wrong | force stop",0.0222,0.0224,0.0228,0.0222,0.9103,0.0,0.0,0.0
4261,"Lots of problems lately. App will occasionally just display ""something went wrong. Try again later"" no no apparent reason when viewing an album. Nothing can make it come back. I have attempted to close and reopen the app, I made sure to have the latest version and even uninstalled and reinstalled. Still having problems. If it continues I'll have to cancel my tidal subscription.",2,"female","Nadi, Fiji","2020-02-06","negativo","lots of problems lately app will occasionally just display something went wrong try again later no no apparent reason when viewing an album nothing can make it come back i have attempted to close and reopen the app i made sure to have the latest version and even uninstalled and reinstalled still having problems if it continues i ll have to cancel my tidal subscription",2,"restart phone | social features | slows things down | try again later | come back",0.0154,0.0155,0.9378,0.0154,0.0159,0.0,0.0,0.0
4262,"For the amount of money the subscription costs, the experience is a lot less than perfect. Constant crashes, barely works with Android Auto, and always clears my queue",2,"female","Nadi, Fiji","2019-12-25","negativo","for the amount of money the subscription costs the experience is a lot less than perfect constant crashes barely works with android auto and always clears my queue",3,"audio quality | android auto | cancel subscription | internet connection | customer support",0.0667,0.0667,0.0667,0.7333,0.0667,0.0,0.0,0.0
4278,"Downloading songs stops working out of nowhere when you keep adding songs to a playlist, so everything you downloaded is worthless: -It stops playing music because of 'conectivity issues' -It keep blocking songs in offline mode",2,"female","Christchurch, New Zealand","2020-01-25","negativo","downloading songs stops working out of nowhere when you keep adding songs to a playlist so everything you downloaded is worthless it stops playing music because of conectivity issues it keep blocking songs in offline mode",3,"audio quality | android auto | cancel subscription | internet connection | customer support",0.0225,0.0233,0.0227,0.9092,0.0222,0.0,0.0,0.0
4281,"Compatibility with Sonos is severely lacking.",2,"female","Hobart, Australia","2019-12-22","negativo","compatibility with sonos is severely lacking",0,"dolby atmos | high quality | download carrier hub | shuffle button | incredibly annoying",0.2,0.2,0.2,0.2,0.2,0.0,0.0,0.0
4288,"I want to sign up for this but it only shows log in and when I try to long in it says it is not valid",2,"female","Perth, Australia","2020-01-31","negativo","i want to sign up for this but it only shows log in and when i try to long in it says it is not valid",0,"dolby atmos | high quality | download carrier hub | shuffle button | incredibly annoying",0.2,0.2,0.2,0.2,0.2,0.0,0.0,0.0
4322,"THIS PAST UPDATE FOR PROFILES SO NOT INTERESTED IN IT. WHERE ARE MY PLAYLISTS/ SETTINGS OPTIONS BECAUSE THIS STUPID PROFILE TOOK THE PLACE FOR THEM! FIX IT!",2,"female","Christchurch, New Zealand","2020-02-12","negativo","this past update for profiles so not interested in it where are my playlists settings options because this stupid profile took the place for them fix it",0,"dolby atmos | high quality | download carrier hub | shuffle button | incredibly annoying",0.2,0.2,0.2,0.2,0.2,0.0,0.0,0.0
4339,"I like listening to music while I do things on my phone. Sadly that is something you can not do with the tidal app. It will stop playing music. I will no longer be using the app until this function, a function that all other music apps allow for, is allowed for. It's ridiculous that this music app will not let you listen to music while screen is dark or while doing other things on your phone.",2,"female","Queenstown, New Zealand","2019-10-28","negativo","i like listening to music while i do things on my phone sadly that is something you can not do with the tidal app it will stop playing music i will no longer be using the app until this function a function that all other music apps allow for is allowed for it s ridiculous that this music app will not let you listen to music while screen is dark or while doing other things on your phone",1,"adding songs | tidal connect | carrier hub | works fine | years ago",0.1,0.5991,0.1009,0.1,0.1,0.0,0.0,0.0
4341,"Can't login says my username and email is invalid",2,"female","Auckland, New Zealand","2019-12-13","negativo","can t login says my username and email is invalid",0,"dolby atmos | high quality | download carrier hub | shuffle button | incredibly annoying",0.2,0.2,0.2,0.2,0.2,0.0,0.0,0.0
4342,"I liked this app until the last few days. What's happening with the add to queue feature? How does a feature just disappear and it being a feature that use constantly. Please fix this.",2,"female","Christchurch, New Zealand","2019-11-06","negativo","i liked this app until the last few days what s happening with the add to queue feature how does a feature just disappear and it being a feature that use constantly please fix this",0,"dolby atmos | high quality | download carrier hub | shuffle button | incredibly annoying",0.2,0.2,0.2,0.2,0.2,0.0,0.0,0.0
4349,"Extremely bad handling of lost internet connection, had to restart the app after losing internet for 1 minute - why doent it try to reconnect automatically? Also, incredibly annoying pending notification when i'm not listening to music.",2,"female","Nadi, Fiji","2019-11-08","negativo","extremely bad handling of lost internet connection had to restart the app after losing internet for minute why doent it try to reconnect automatically also incredibly annoying pending notification when i m not listening to music",3,"audio quality | android auto | cancel subscription | internet connection | customer support",0.3998,0.0667,0.0667,0.4001,0.0667,0.0,0.0,0.0
4354,"I take Tidal down 3 stars. Why? 1. You are never told straight up that you can't play lossless music on android without a USB device. 2. Dowloaded Offline music is bugged and has been so for the 3 last uppdates. 3. Lacking music and artist compared to other services. 4. Not worth the money in my opinion. Goodbye Tidal.",2,"female","Suva, Fiji","2019-11-17","negativo","i take tidal down stars why you are never told straight up that you can t play lossless music on android without a usb device dowloaded offline music is bugged and has been so for the last uppdates lacking music and artist compared to other services not worth the money in my opinion goodbye tidal",3,"audio quality | android auto | cancel subscription | internet connection | customer support",0.1,0.1,0.1,0.6,0.1,0.0,0.0,0.0
4356,"Disconnects from my Chromecast enabled soundbar ever 10 minutes. Incredibly annoying given the price of the service.",2,"female","Melbourne, Australia","2019-12-17","negativo","disconnects from my chromecast enabled soundbar ever minutes incredibly annoying given the price of the service",0,"dolby atmos | high quality | download carrier hub | shuffle button | incredibly annoying",0.6,0.1,0.1,0.1,0.1,0.0,0.0,0.0
4358,"I like the sound quality and interface but it constantly stops playing which is incredibly annoying during driving I can't even switch my screen to another app or do anything else or it will stop. Fix your app so people can use it.",2,"female","Adelaide, Australia","2019-11-20","negativo","i like the sound quality and interface but it constantly stops playing which is incredibly annoying during driving i can t even switch my screen to another app or do anything else or it will stop fix your app so people can use it",0,"dolby atmos | high quality | download carrier hub | shuffle button | incredibly annoying",0.8396,0.0402,0.04,0.0402,0.04,0.0,0.0,0.0
4362,"Always unable to play half of my downloaded content, just says there's a connection issue",2,"female","Gold Coast, Australia","2019-11-30","negativo","always unable to play half of my downloaded content just says there s a connection issue",1,"adding songs | tidal connect | carrier hub | works fine | years ago",0.0668,0.7317,0.0681,0.0667,0.0667,0.0,0.0,0.0
4363,"I only use it because it's compatible with SERATO",2,"female","Suva, Fiji","2020-02-13","negativo","i only use it because it s compatible with serato",0,"dolby atmos | high quality | download carrier hub | shuffle button | incredibly annoying",0.2,0.2,0.2,0.2,0.2,0.0,0.0,0.0
4389,"It keeps randomly stopping or not playing the songs stating there's an error.",2,"female","Canberra, Australia","2020-01-10","negativo","it keeps randomly stopping or not playing the songs stating there s an error",2,"restart phone | social features | slows things down | try again later | come back",0.1,0.1,0.6,0.1,0.1,0.0,0.0,0.0
4395,"Since the update to the new plan there is no option to disable dolby atmos in the app so for albums that only have a dolby atmos version you are pushed to play it in dolby atmos which sounds terrible. Should be able to disable dolby atmos in the app.",2,"female","Nadi, Fiji","2020-01-18","negativo","since the update to the new plan there is no option to disable dolby atmos in the app so for albums that only have a dolby atmos version you are pushed to play it in dolby atmos which sounds terrible should be able to disable dolby atmos in the app",0,"dolby atmos | high quality | download carrier hub | shuffle button | incredibly annoying",0.8667,0.0333,0.0333,0.0333,0.0333,0.0,0.0,0.0
4405,"I'm on a bluesy downbeat mashup buzz, but the algorithm insists on taking me straight back to a tragic gay bar every other track",2,"female","Canberra, Australia","2019-12-28","negativo","i m on a bluesy downbeat mashup buzz but the algorithm insists on taking me straight back to a tragic gay bar every other track",0,"dolby atmos | high quality | download carrier hub | shuffle button | incredibly annoying",0.2,0.2,0.2,0.2,0.2,0.0,0.0,0.0
4406,"It's great, but I lowered my rating to 2 stars because many of my favorite songs are unplayable due to ""The signing label not allowing streaming of the song"". I've never seen something like this before and I'm kinda bothered because the songs are still there in the list but I can't play them.",2,"female","Canberra, Australia","2019-10-22","negativo","it s great but i lowered my rating to stars because many of my favorite songs are unplayable due to the signing label not allowing streaming of the song i ve never seen something like this before and i m kinda bothered because the songs are still there in the list but i can t play them",0,"dolby atmos | high quality | download carrier hub | shuffle button | incredibly annoying",0.2,0.2,0.2,0.2,0.2,0.0,0.0,0.0
4418,"Short time user. Perfect at start. I was Notified app ""has a bug"". Uninstalled.",2,"female","Suva, Fiji","2020-02-15","negativo","short time user perfect at start i was notified app has a bug uninstalled",0,"dolby atmos | high quality | download carrier hub | shuffle button | incredibly annoying",0.2,0.2,0.2,0.2,0.2,0.0,0.0,0.0
4442,"Solid service for a good price, but it needs improvements.: The search system is quite bad. It's even case sensitive on certain searches, so you can't find the artist, album, or song unless you know the exactly capitalisation and punctuation. There is no shuffle all button in your library, only in playlists. This feature is in most other services. While listening to a song I'd like to be able to tap the menu and remove the song from the current playlist I'm listening to it in.",2,"female","Christchurch, New Zealand","2020-01-02","negativo","solid service for a good price but it needs improvements the search system is quite bad it s even case sensitive on certain searches so you can t find the artist album or song unless you know the exactly capitalisation and punctuation there is no shuffle all button in your library only in playlists this feature is in most other services while listening to a song i d like to be able to tap the menu and remove the song from the current playlist i m listening to it in",0,"dolby atmos | high quality | download carrier hub | shuffle button | incredibly annoying",0.7988,0.05,0.0512,0.05,0.05,0.0,0.0,0.0
4455,"okay, but it always says no internet connection on Chromecast. my WiFi is strong. it does connect eventually. it also stuttering alot on Samsung mobile sometimes.",2,"female","Melbourne, Australia","2019-11-29","negativo","okay but it always says no internet connection on chromecast my wifi is strong it does connect eventually it also stuttering alot on samsung mobile sometimes",3,"audio quality | android auto | cancel subscription | internet connection | customer support",0.1,0.1,0.1,0.6,0.1,0.0,0.0,0.0
4459,"The TV app is absolutely awful! You cannot view your list of favorite artists in alphabetical order like you can on the mobile app. Instead you have to go thru your list based on the order you favorited them. Just....why?!? I have been a customer for several years and am close to leaving Tidal. Whoever created the TV app should be fired!",2,"female","Salvador, Brazil","2019-10-07","negativo","the tv app is absolutely awful you cannot view your list of favorite artists in alphabetical order like you can on the mobile app instead you have to go thru your list based on the order you favorited them just why i have been a customer for several years and am close to leaving tidal whoever created the tv app should be fired",0,"dolby atmos | high quality | download carrier hub | shuffle button | incredibly annoying",0.7328,0.0672,0.0667,0.0667,0.0667,0.0,0.0,0.0
4465,"So with their latest update tidal is forcing you to create a public sharing profile and won't find you access to your favorites and downloaded items until you do this. So I'm paying $30 per month to try to help tidal go viral??? Maybe instead focus on adding volume normalization that actually works.",2,"female","Auckland, New Zealand","2019-11-24","negativo","so with their latest update tidal is forcing you to create a public sharing profile and won t find you access to your favorites and downloaded items until you do this so i m paying per month to try to help tidal go viral maybe instead focus on adding volume normalization that actually works",1,"adding songs | tidal connect | carrier hub | works fine | years ago",0.04,0.84,0.04,0.04,0.04,0.0,0.0,0.0
4469,"The Player screen fails to scroll long track titles. The app fails to sync album/playlist/track across devices on the same account. Vastly more troublesome to use than the competition. Latest app version auto-switches from Tidal Connect to Chromecast, downgrading the audio stream, and user can't defeat behavior. Technics player has Tidal Connect built-in; now that feature is useless. Dumping Tidal. At least with Spotify I know what I'm getting.",2,"female","Melbourne, Australia","2020-01-04","negativo","the player screen fails to scroll long track titles the app fails to sync album playlist track across devices on the same account vastly more troublesome to use than the competition latest app version auto switches from tidal connect to chromecast downgrading the audio stream and user can t defeat behavior technics player has tidal connect built in now that feature is useless dumping tidal at least with spotify i know what i m getting",1,"adding songs | tidal connect | carrier hub | works fine | years ago",0.0252,0.8996,0.0252,0.0251,0.025,0.0,0.0,0.0
4489,"AMAZING sound quality, horrible app. Think of Tidal like a genius with a drinking problem. Half the time exiting out of the app, it forgets to have the player in the notification bar/lockscreen (or disappears if left on pause for more than a few mins). Do you know how annoying it is having to go into the app every time you want to resume play/skip track? And what do you mean I can't control the desktop app through my phone? Spotify and Apple music figured it out years ago...",2,"female","Adelaide, Australia","2020-01-05","negativo","amazing sound quality horrible app think of tidal like a genius with a drinking problem half the time exiting out of the app it forgets to have the player in the notification bar lockscreen or disappears if left on pause for more than a few mins do you know how annoying it is having to go into the app every time you want to resume play skip track and what do you mean i can t control the desktop app through my phone spotify and apple music figured it out years ago",1,"adding songs | tidal connect | carrier hub | works fine | years ago",0.067,0.733,0.0667,0.0667,0.0667,0.0,0.0,0.0
4509,"Service is good, app isn't. Volume equalization just doesn't work unless toggled every session. The organization by album and artist is poor compared to Spotify. There is a dedicated tab for videos in a music app. I cannot turn off the animated album covers. Wanna sort artists alphabetically? Tidal doesn't ignore ""The"" at the beginning so The Beatles are down in under ""T""",2,"female","Bogotá, Colombia","2019-10-08","negativo","service is good app isn t volume equalization just doesn t work unless toggled every session the organization by album and artist is poor compared to spotify there is a dedicated tab for videos in a music app i cannot turn off the animated album covers wanna sort artists alphabetically tidal doesn t ignore the at the beginning so the beatles are down in under t",2,"restart phone | social features | slows things down | try again later | come back",0.0687,0.0667,0.7313,0.0667,0.0667,0.0,0.0,0.0
4515,"Comment Edit:They have all the songs I like and remember no matter how obscure. They had Prince legally without all the legal mess.The best audio quality as well. Currently: That was my opinion before Tidal added the F2P option in which their business model is tanking I bet due to all the obligatory mixes I don't want or like crammed into my playlists just to have my groove killed by constant ads. I love tidal and it's pedigree but I have to go back to Spotify . They do the same but much less",2,"female","Melbourne, Australia","2019-11-07","negativo","comment edit they have all the songs i like and remember no matter how obscure they had prince legally without all the legal mess the best audio quality as well currently that was my opinion before tidal added the fp option in which their business model is tanking i bet due to all the obligatory mixes i don t want or like crammed into my playlists just to have my groove killed by constant ads i love tidal and it s pedigree but i have to go back to spotify they do the same but much less",3,"audio quality | android auto | cancel subscription | internet connection | customer support",0.0286,0.029,0.0286,0.7474,0.1665,0.0,0.0,0.0
4525,"Download your favourite playlists and albums to listen to whenever you're away from WIFI is a great feature this app definitely does not have. Like, it LOOKS like it has it. You can spend hours crafting playlists and downloading them. Will they play offline? Maybe. Maybe not. More than likely not. Seriously disappointed. The app was working fine until a couple days ago.",2,"female","Christchurch, New Zealand","2019-12-09","negativo","download your favourite playlists and albums to listen to whenever you re away from wifi is a great feature this app definitely does not have like it looks like it has it you can spend hours crafting playlists and downloading them will they play offline maybe maybe not more than likely not seriously disappointed the app was working fine until a couple days ago",3,"audio quality | android auto | cancel subscription | internet connection | customer support",0.025,0.025,0.0251,0.8999,0.025,0.0,0.0,0.0
4530,"I love the high quality music but I hate how overcomplicated the cancellation is and $20 a month is ridiculous That's why I have Spotify for 10$",2,"female","Gold Coast, Australia","2019-11-22","negativo","i love the high quality music but i hate how overcomplicated the cancellation is and a month is ridiculous that s why i have spotify for",0,"dolby atmos | high quality | download carrier hub | shuffle button | incredibly annoying",0.6,0.1,0.1,0.1,0.1,0.0,0.0,0.0
4541,"good music quality. Terrible app. Keeps crashing for no reason. Stop playing at random moments.",2,"female","Christchurch, New Zealand","2019-11-20","negativo","good music quality terrible app keeps crashing for no reason stop playing at random moments",1,"adding songs | tidal connect | carrier hub | works fine | years ago",0.0667,0.7331,0.0669,0.0667,0.0667,0.0,0.0,0.0
4544,"แอพ tidal ใน hiby r6 เล่นเพลงไม่ได้หลายเพลงเลย ต้องเล่นผ่านแอพ hiby music ถึงจะเล่นได้ เมื่อก่อนเคยเล่นได้นะ *เพิ่มเติม...โดยเฉพาะเพลงใหม่ๆนี่เล่นไม่ได้เลย",2,"female","Auckland, New Zealand","2019-12-05","negativo","แอพ tidal ใน hiby r เล นเพลงไม ได หลายเพลงเลย ต องเล นผ านแอพ hiby music ถ งจะเล นได เม อก อนเคยเล นได นะ เพ มเต ม โดยเฉพาะเพลงใหม ๆน เล นไม ได เลย",0,"dolby atmos | high quality | download carrier hub | shuffle button | incredibly annoying",0.2,0.2,0.2,0.2,0.2,0.0,0.0,0.0
4545,"It freezes up often, especially when playing over my car stereo. The 'shuffle' feature doesn't shuffle well, playing the same song within an hour.",2,"female","Queenstown, New Zealand","2020-02-07","negativo","it freezes up often especially when playing over my car stereo the shuffle feature doesn t shuffle well playing the same song within an hour",2,"restart phone | social features | slows things down | try again later | come back",0.1,0.1,0.6,0.1,0.1,0.0,0.0,0.0
4565,"SONGS KEEP STOPPING ON BLUETOOTH CONNECTION",2,"female","Adelaide, Australia","2019-11-20","negativo","songs keep stopping on bluetooth connection",0,"dolby atmos | high quality | download carrier hub | shuffle button | incredibly annoying",0.2,0.2,0.2,0.2,0.2,0.0,0.0,0.0
4587,"I would like Tidal to have the last playlist that a song were added to be at the top. It works for Tidal PC version and on iOS but not for Android. It have never worked on Android. I got a Samsung Galaxy S22 Ultra.",2,"female","Hobart, Australia","2019-11-06","negativo","i would like tidal to have the last playlist that a song were added to be at the top it works for tidal pc version and on ios but not for android it have never worked on android i got a samsung galaxy s ultra",0,"dolby atmos | high quality | download carrier hub | shuffle button | incredibly annoying",0.8664,0.0333,0.0335,0.0333,0.0333,0.0,0.0,0.0
4589,"Google App needs some serious work, Atmos and 360 content is extremely hard to search it doesnt even turn up in the album's availble 95% of the time.",2,"female","Adelaide, Australia","2019-11-10","negativo","google app needs some serious work atmos and content is extremely hard to search it doesnt even turn up in the album s availble of the time",0,"dolby atmos | high quality | download carrier hub | shuffle button | incredibly annoying",0.6,0.1,0.1,0.1,0.1,0.0,0.0,0.0
4594,"Whoa wait a sec... WE CAN'T EVEN USE SD CARD??? LAME. Every other app out there has that option. Lots of music is missing from many artists' discography. When downloading songs or album the app crashes and will not resume downloads even after opening app up for qued downloads are stuck in frozen. Restart of phone does not fix issue. Sound is great but app needs to show status of songs or albums progress when downloading in percentage or circle meter or even liner line of progress.",2,"female","Melbourne, Australia","2019-12-24","negativo","whoa wait a sec we can t even use sd card lame every other app out there has that option lots of music is missing from many artists discography when downloading songs or album the app crashes and will not resume downloads even after opening app up for qued downloads are stuck in frozen restart of phone does not fix issue sound is great but app needs to show status of songs or albums progress when downloading in percentage or circle meter or even liner line of progress",2,"restart phone | social features | slows things down | try again later | come back",0.0337,0.0338,0.8646,0.0346,0.0333,0.0,0.0,0.0
4602,"I really want to love Tidal, but the app is way too unstable. The souns quality is impressive, but there is a huge irritant for me. Appart from the artists sometimes getting mixed up, the app become unusable as soon as you start to download too much. It works like a charm, and as soon as I want to get downloads, then it start crashing. And not just once in a while. It just get unusable. To the point that if I get too many downloads, there is nothing I can do except deleting the app...",2,"female","Adelaide, Australia","2019-12-19","negativo","i really want to love tidal but the app is way too unstable the souns quality is impressive but there is a huge irritant for me appart from the artists sometimes getting mixed up the app become unusable as soon as you start to download too much it works like a charm and as soon as i want to get downloads then it start crashing and not just once in a while it just get unusable to the point that if i get too many downloads there is nothing i can do except deleting the app",0,"dolby atmos | high quality | download carrier hub | shuffle button | incredibly annoying",0.2,0.2,0.2,0.2,0.2,0.0,0.0,0.0
4609,"If I could give this app a 0, I would, but I can't. Sadly, this app literally is a off brand Spotify, every time I try to play a song, it says it's unavailable and there's an error. Its been days! I deleted and reinstall the app, but nothing would work. I honestly don't recommend this app over Spotify, even Spotify isn't as good as you think. Fix your app, please and thank you. I can't believe this app was even recommended to me. If it makes you feel a bit better, I will give this a 2 for effort",2,"female","Wellington, New Zealand","2019-10-30","negativo","if i could give this app a i would but i can t sadly this app literally is a off brand spotify every time i try to play a song it says it s unavailable and there s an error its been days i deleted and reinstall the app but nothing would work i honestly don t recommend this app over spotify even spotify isn t as good as you think fix your app please and thank you i can t believe this app was even recommended to me if it makes you feel a bit better i will give this a for effort",0,"dolby atmos | high quality | download carrier hub | shuffle button | incredibly annoying",0.2,0.2,0.2,0.2,0.2,0.0,0.0,0.0
4613,"unconsistent behaviour.app closes at random intervals. can only use phone as remote if you connect beforehand.",2,"female","Melbourne, Australia","2019-11-10","negativo","unconsistent behaviour app closes at random intervals can only use phone as remote if you connect beforehand",0,"dolby atmos | high quality | download carrier hub | shuffle button | incredibly annoying",0.2,0.2,0.2,0.2,0.2,0.0,0.0,0.0
4635,"Have some bugs, and things that makes the app worse than Spotify. First of all, sometimes the song I press isn't clicking but the one above clicks instead. Also volume bugs for example the volume level is 1/15, and second song plays louder which is gain problem, sound normalization bug could be. Also the search of song or album is so hard and weird. If you forgot song and know only mixed letters or something you can't find song need type exactly, when in Spotify you can. Hope to see improvements",2,"female","Canberra, Australia","2020-01-24","negativo","have some bugs and things that makes the app worse than spotify first of all sometimes the song i press isn t clicking but the one above clicks instead also volume bugs for example the volume level is and second song plays louder which is gain problem sound normalization bug could be also the search of song or album is so hard and weird if you forgot song and know only mixed letters or something you can t find song need type exactly when in spotify you can hope to see improvements",4,"go back | downloaded albums | used fine | went wrong | force stop",0.0667,0.0667,0.0667,0.0683,0.7317,0.0,0.0,0.0
4650,"Using Tidal Connect, the app freezes constantly and needs to. E fully shut down and restarted to reactivate it. This has gone from useful to very frustrating because of not seeing the active music playing.",2,"female","Queenstown, New Zealand","2020-01-10","negativo","using tidal connect the app freezes constantly and needs to e fully shut down and restarted to reactivate it this has gone from useful to very frustrating because of not seeing the active music playing",1,"adding songs | tidal connect | carrier hub | works fine | years ago",0.0512,0.7979,0.05,0.0508,0.05,0.0,0.0,0.0
4657,"I used to love it, but my music won't continuously play anymore! It shuts off after 2 mins",2,"female","Suva, Fiji","2020-01-19","negativo","i used to love it but my music won t continuously play anymore it shuts off after mins",0,"dolby atmos | high quality | download carrier hub | shuffle button | incredibly annoying",0.2,0.2,0.2,0.2,0.2,0.0,0.0,0.0
4659,"Tidal used to be great with a 5 star rating, but with this new update, my whole playlist is gone. I don't want to set a public profile. Not everyone in the world wants to share their life online and to everyone. I am upset that all of my playlist are gone, and I have no idea how to retrieve them if it was possible without having to create a public profile for others nor do I want to recreate my playlist that I had all set up with too many songs to count.",2,"female","Wellington, New Zealand","2020-01-12","negativo","tidal used to be great with a star rating but with this new update my whole playlist is gone i don t want to set a public profile not everyone in the world wants to share their life online and to everyone i am upset that all of my playlist are gone and i have no idea how to retrieve them if it was possible without having to create a public profile for others nor do i want to recreate my playlist that i had all set up with too many songs to count",1,"adding songs | tidal connect | carrier hub | works fine | years ago",0.05,0.7986,0.051,0.0503,0.05,0.0,0.0,0.0
4669,"I cannot find a gapless playback option and that makes some concept albums a bummer to listen to. Removed a star for the cookie cutter reply that holds no value to my concern what so ever.",2,"female","Perth, Australia","2019-11-11","negativo","i cannot find a gapless playback option and that makes some concept albums a bummer to listen to removed a star for the cookie cutter reply that holds no value to my concern what so ever",0,"dolby atmos | high quality | download carrier hub | shuffle button | incredibly annoying",0.2,0.2,0.2,0.2,0.2,0.0,0.0,0.0
4688,"Really annoyed at the consistent bugs around downloading content and recent activity. The tracking hardly works and downloaded content ""disappears"" consistently. Had this problem on iOS as well!",2,"female","Suva, Fiji","2019-12-25","negativo","really annoyed at the consistent bugs around downloading content and recent activity the tracking hardly works and downloaded content disappears consistently had this problem on ios as well",1,"adding songs | tidal connect | carrier hub | works fine | years ago",0.1006,0.5994,0.1,0.1,0.1,0.0,0.0,0.0
4699,"I mainly stream music on Chromecast, but autoplay won't work when connected to Chromecast. It just cuts off at the end of the play queue. It also recently started getting a jittery playback while streaming unless my phone screen is on it seems.",2,"female","Nadi, Fiji","2019-12-21","negativo","i mainly stream music on chromecast but autoplay won t work when connected to chromecast it just cuts off at the end of the play queue it also recently started getting a jittery playback while streaming unless my phone screen is on it seems",4,"go back | downloaded albums | used fine | went wrong | force stop",0.1,0.1,0.1,0.1,0.6,0.0,0.0,0.0
4716,"Granted, I chose the free version to try it out before actually paying for it. When I selected the free version, the description said limited interruptions. Yeah, not even true. Literally an ad after every single song played. Searched for several well known bands, nothing came up. I think I'll just stay with Amazon music.",2,"female","Fortaleza, Brazil","2019-10-05","negativo","granted i chose the free version to try it out before actually paying for it when i selected the free version the description said limited interruptions yeah not even true literally an ad after every single song played searched for several well known bands nothing came up i think i ll just stay with amazon music",0,"dolby atmos | high quality | download carrier hub | shuffle button | incredibly annoying",0.2,0.2,0.2,0.2,0.2,0.0,0.0,0.0
4719,"I'm going to echo one of the other reviews here, the service itself is great but this app in particular has a bunch of issues. Primarily as one other review here wrote music just completely stops when the infortainment systems screen auto adujsts(ie. entering or existing a garage or tunnel, going under a bridge, etc.). Other things that are needed? Favorite/Like button on the screen, ability to see the playlist or track list BEFORE the music start playing. I've already opened tickets for all.",2,"female","Wellington, New Zealand","2019-11-03","negativo","i m going to echo one of the other reviews here the service itself is great but this app in particular has a bunch of issues primarily as one other review here wrote music just completely stops when the infortainment systems screen auto adujsts ie entering or existing a garage or tunnel going under a bridge etc other things that are needed favorite like button on the screen ability to see the playlist or track list before the music start playing i ve already opened tickets for all",0,"dolby atmos | high quality | download carrier hub | shuffle button | incredibly annoying",0.7992,0.0506,0.05,0.05,0.0501,0.0,0.0,0.0
4724,"The free version is useless. Only get random shuffle playlists. Can't not choose individual songs or listen to albums from beginning to end. The same quality as YouTube and Spotify for the same quality. If you pay I'm sure it's worth it.",2,"female","Nadi, Fiji","2019-11-29","negativo","the free version is useless only get random shuffle playlists can t not choose individual songs or listen to albums from beginning to end the same quality as youtube and spotify for the same quality if you pay i m sure it s worth it",1,"adding songs | tidal connect | carrier hub | works fine | years ago",0.0333,0.8663,0.0334,0.0336,0.0333,0.0,0.0,0.0
4725,"Please can you fix the issue with exclusive mode not working with external DACs on Android. This has not worked since Autumn last year. For supposed ""High Fidelity Music Streaming"" the fact I can't listen to the correct bit-rate is a bit of a lie. I will upgrade this to a 5 when the issue is fixed",2,"female","Quito, Ecuador","2019-10-20","negativo","please can you fix the issue with exclusive mode not working with external dacs on android this has not worked since autumn last year for supposed high fidelity music streaming the fact i can t listen to the correct bit rate is a bit of a lie i will upgrade this to a when the issue is fixed",2,"restart phone | social features | slows things down | try again later | come back",0.0504,0.05,0.7996,0.05,0.05,0.0,0.0,0.0
4728,"Good sound quality, but the app is bad. Logs me out frequently, poor functionality with Android auto and tells me it can't connect even to my downloads when I'm working remote without wifi.",2,"female","Canberra, Australia","2020-01-03","negativo","good sound quality but the app is bad logs me out frequently poor functionality with android auto and tells me it can t connect even to my downloads when i m working remote without wifi",3,"audio quality | android auto | cancel subscription | internet connection | customer support",0.1,0.1,0.1,0.6,0.1,0.0,0.0,0.0
4730,"The free service is annoying and doesn't inspire me to want to pay for this. It does things that are wildly unnecessary. I am trying to listen to ONE artist. I don't mind shuffle. I don't mind ads. What I do mind is the platform deciding, with no input from me and no ability to say ""block this trash,"" that I need to hear Deftones when I'm trying to listen to RATM. Or that when I'm trying to listen to Valerie June that only about 5% of the songs that play are her. No $ until free isn't a scam.",2,"female","Sydney, Australia","2020-01-20","negativo","the free service is annoying and doesn t inspire me to want to pay for this it does things that are wildly unnecessary i am trying to listen to one artist i don t mind shuffle i don t mind ads what i do mind is the platform deciding with no input from me and no ability to say block this trash that i need to hear deftones when i m trying to listen to ratm or that when i m trying to listen to valerie june that only about of the songs that play are her no until free isn t a scam",2,"restart phone | social features | slows things down | try again later | come back",0.1,0.1,0.5982,0.1,0.1018,0.0,0.0,0.0
4734,"Previously, I've had no issues with this app and it's been working perfectly fine playing music. However, since Tidal has asked to update my downloads as some could have changed format, regardless of what song I play, the app always crashes and now makes it near impossible to listen to anything without the app crashing. I have tried clearing the cache numerous times. Please fix this or I will have to change app to actually be able to listen to music. Thank you.",2,"female","Christchurch, New Zealand","2019-12-15","negativo","previously i ve had no issues with this app and it s been working perfectly fine playing music however since tidal has asked to update my downloads as some could have changed format regardless of what song i play the app always crashes and now makes it near impossible to listen to anything without the app crashing i have tried clearing the cache numerous times please fix this or i will have to change app to actually be able to listen to music thank you",4,"go back | downloaded albums | used fine | went wrong | force stop",0.1,0.1,0.1,0.1,0.6,0.0,0.0,0.0
4771,"Update: I have the Tidal Hifi (family) plan, and what has happened repeatedly is that the family members on my plan will try to access Tidal in offline mode while traveling, or in an area with limited service, and they will be logged off and not be able to log back in. Not being able to access your music while flying, or in remote areas because of a bug that Tidal is aware of, but not fixing is extremely frustrating. I will likely be moving to a different service or downgrading my membership.",2,"female","Nadi, Fiji","2020-01-17","negativo","update i have the tidal hifi family plan and what has happened repeatedly is that the family members on my plan will try to access tidal in offline mode while traveling or in an area with limited service and they will be logged off and not be able to log back in not being able to access your music while flying or in remote areas because of a bug that tidal is aware of but not fixing is extremely frustrating i will likely be moving to a different service or downgrading my membership",3,"audio quality | android auto | cancel subscription | internet connection | customer support",0.0224,0.0222,0.0223,0.9108,0.0222,0.0,0.0,0.0
4779,"Half the time the songs won't play, I get an error, it stops halfway through. I have to force stop the app for it to start playing again. I'm moving to another streaming app.",2,"female","Auckland, New Zealand","2019-12-28","negativo","half the time the songs won t play i get an error it stops halfway through i have to force stop the app for it to start playing again i m moving to another streaming app",4,"go back | downloaded albums | used fine | went wrong | force stop",0.0525,0.0505,0.0501,0.05,0.7969,0.0,0.0,0.0
4780,"Love the app but lately been getting this error code -1:7:2000 on alot of the songs and its kind of getting annoying pls fix and I will raise the stars again",2,"female","Canberra, Australia","2019-12-17","negativo","love the app but lately been getting this error code on alot of the songs and its kind of getting annoying pls fix and i will raise the stars again",0,"dolby atmos | high quality | download carrier hub | shuffle button | incredibly annoying",0.2,0.2,0.2,0.2,0.2,0.0,0.0,0.0
4782,"Doesn't make it immediately clear on download page that this is subscription-based.",2,"female","Sydney, Australia","2019-10-26","negativo","doesn t make it immediately clear on download page that this is subscription based",0,"dolby atmos | high quality | download carrier hub | shuffle button | incredibly annoying",0.2,0.2,0.2,0.2,0.2,0.0,0.0,0.0
4819,"Der Unterschied ist gut höhrbar, aber keine 20€/Monat wert. Tidal gibt zu wenig gründe um von den traditionellen Plattformen zu welchseln.",2,"female","Adelaide, Australia","2019-11-07","negativo","der unterschied ist gut höhrbar aber keine monat wert tidal gibt zu wenig gründe um von den traditionellen plattformen zu welchseln",0,"dolby atmos | high quality | download carrier hub | shuffle button | incredibly annoying",0.2,0.2,0.2,0.2,0.2,0.0,0.0,0.0
4826,"Tidal as a music service - great. Trying to sign up using student discount - impossible, due to the fact that their site is buggy and then customer support won't help you. Would advise you stay away unless you are happy paying the full rate.",2,"female","Queenstown, New Zealand","2020-02-09","negativo","tidal as a music service great trying to sign up using student discount impossible due to the fact that their site is buggy and then customer support won t help you would advise you stay away unless you are happy paying the full rate",3,"audio quality | android auto | cancel subscription | internet connection | customer support",0.0506,0.05,0.05,0.7994,0.05,0.0,0.0,0.0
4831,"Keeps stopping randomly at the most annoying times, the tracks are all at different volumes regardless of feature to normalise the volume, but is quality audio 💯",2,"female","Sydney, Australia","2020-01-20","negativo","keeps stopping randomly at the most annoying times the tracks are all at different volumes regardless of feature to normalise the volume but is quality audio",0,"dolby atmos | high quality | download carrier hub | shuffle button | incredibly annoying",0.2,0.2,0.2,0.2,0.2,0.0,0.0,0.0
4835,"Everything went smoothly. But after days of using,the app become slower and it took forever to even load the front-page. Is this what I got for paying that much for individual plan? Why don't you prioritize user experience,user interface and experience first? Don't you understand how annoying it is when you want to play a music but the app just go stupid and not loading for 15 freaking minutes? Don't ask me about my internet connection. The connection was the fastest here. Pls fix :-p",2,"female","Adelaide, Australia","2019-12-14","negativo","everything went smoothly but after days of using the app become slower and it took forever to even load the front page is this what i got for paying that much for individual plan why don t you prioritize user experience user interface and experience first don t you understand how annoying it is when you want to play a music but the app just go stupid and not loading for freaking minutes don t ask me about my internet connection the connection was the fastest here pls fix p",3,"audio quality | android auto | cancel subscription | internet connection | customer support",0.05,0.05,0.05,0.8,0.05,0.0,0.0,0.0
4845,"Don't understand why tidal messing up my playlist by adding 100s f songs which I don't want on my playlist?",2,"female","Bogotá, Colombia","2019-10-18","negativo","don t understand why tidal messing up my playlist by adding s f songs which i don t want on my playlist",1,"adding songs | tidal connect | carrier hub | works fine | years ago",0.0333,0.8664,0.0334,0.0334,0.0335,0.0,0.0,0.0
4846,"Its very disturbing to pay for master quality while none of the master&hifi songs play without interuption. I have 20 Mbps with a great coverage but The app is constantly giving errors for connection while all orher devices/apps have no issues at all.",2,"female","Perth, Australia","2020-02-15","negativo","its very disturbing to pay for master quality while none of the master hifi songs play without interuption i have mbps with a great coverage but the app is constantly giving errors for connection while all orher devices apps have no issues at all",1,"adding songs | tidal connect | carrier hub | works fine | years ago",0.0667,0.7327,0.0667,0.0667,0.0673,0.0,0.0,0.0
4849,"I often get ""Track cannot be played. Try again later."" This needs to stop. Furthermore, in a playlist, why does this stop the whole playlist?! Just skip to the next song!",2,"female","Melbourne, Australia","2019-11-06","negativo","i often get track cannot be played try again later this needs to stop furthermore in a playlist why does this stop the whole playlist just skip to the next song",2,"restart phone | social features | slows things down | try again later | come back",0.04,0.0401,0.8393,0.0401,0.0405,0.0,0.0,0.0
4862,"Sound quality is great, but the software is very unreliable. Certain songs just do not play no matter what quality is selected, even some entire albums won't play. Also this is a unique problem to my device but Tidal seems to affect which mode my phone's headphone output is, switching between normal output and high impedance output. (LG G7)",2,"female","Queenstown, New Zealand","2020-01-05","negativo","sound quality is great but the software is very unreliable certain songs just do not play no matter what quality is selected even some entire albums won t play also this is a unique problem to my device but tidal seems to affect which mode my phone s headphone output is switching between normal output and high impedance output lg g",0,"dolby atmos | high quality | download carrier hub | shuffle button | incredibly annoying",0.7331,0.0669,0.0667,0.0667,0.0667,0.0,0.0,0.0
4866,"Offline mode does not work as expected. Downloaded items do not play unless a connection is present which defeats the purpose of downloading. NOT a premium experience but a premium price.",2,"female","Perth, Australia","2019-12-11","negativo","offline mode does not work as expected downloaded items do not play unless a connection is present which defeats the purpose of downloading not a premium experience but a premium price",3,"audio quality | android auto | cancel subscription | internet connection | customer support",0.051,0.2995,0.05,0.5495,0.05,0.0,0.0,0.0
4872,"Great overall, but there are a couple of drawbacks: the search function often fails to consistently find tracks and artists, and different artists with the same name end up sharing the same profile. This forces you, if you want to subscribe to receive notifications from all of them",2,"female","Nadi, Fiji","2020-01-31","negativo","great overall but there are a couple of drawbacks the search function often fails to consistently find tracks and artists and different artists with the same name end up sharing the same profile this forces you if you want to subscribe to receive notifications from all of them",0,"dolby atmos | high quality | download carrier hub | shuffle button | incredibly annoying",0.2,0.2,0.2,0.2,0.2,0.0,0.0,0.0
4877,"you give your credit card info before they show you the subscription price page and even if you try to back out they automatically charge u for the basic plan",2,"female","Auckland, New Zealand","2019-12-15","negativo","you give your credit card info before they show you the subscription price page and even if you try to back out they automatically charge u for the basic plan",1,"adding songs | tidal connect | carrier hub | works fine | years ago",0.0667,0.7328,0.0667,0.0667,0.0672,0.0,0.0,0.0
4879,"Love the hifi aspect, but there are quite a few bugs. Like randomly playing ""how deep is your love"" atleast once a day, even though it's not in my playlist/favorites. I absolutely hate that song at this point. ""music stopped because you are playing on another device"" even though I'm not, albums not listed on an artists profile even though they are on tidal, takes atleast 15 seconds for a song to play after clicking on it, cant scroll fast because it lags hard, etc.",2,"female","Christchurch, New Zealand","2020-01-19","negativo","love the hifi aspect but there are quite a few bugs like randomly playing how deep is your love atleast once a day even though it s not in my playlist favorites i absolutely hate that song at this point music stopped because you are playing on another device even though i m not albums not listed on an artists profile even though they are on tidal takes atleast seconds for a song to play after clicking on it cant scroll fast because it lags hard etc",0,"dolby atmos | high quality | download carrier hub | shuffle button | incredibly annoying",0.7333,0.0667,0.0667,0.0667,0.0667,0.0,0.0,0.0
4882,"Good music quality, but they do not allow free users to pick songs. So even if you're new to the app you are not given a test period and they force a shuffle feature that plays songs you don't want to listen to and advertisements, just for the chance to play the one song you did want to hear. It's worse than amazon music. With their ad spam, they also do not allow you to start a subscription from the app. They've made it extremely tedious and difficult to enjoy music or subscribe.",2,"female","Salvador, Brazil","2019-10-17","negativo","good music quality but they do not allow free users to pick songs so even if you re new to the app you are not given a test period and they force a shuffle feature that plays songs you don t want to listen to and advertisements just for the chance to play the one song you did want to hear it s worse than amazon music with their ad spam they also do not allow you to start a subscription from the app they ve made it extremely tedious and difficult to enjoy music or subscribe",2,"restart phone | social features | slows things down | try again later | come back",0.0671,0.0667,0.7329,0.0667,0.0667,0.0,0.0,0.0
4884,"I came to Tidal after dumping Spotify over how little they pay their artists. The music is the music. The app is nothing special.",2,"female","Montevideo, Uruguay","2019-10-05","negativo","i came to tidal after dumping spotify over how little they pay their artists the music is the music the app is nothing special",1,"adding songs | tidal connect | carrier hub | works fine | years ago",0.1,0.6,0.1,0.1,0.1,0.0,0.0,0.0
4893,"Tidal music downloaded to my dap's sd card does not play. i keep gettng messages saying: ""Sorry this content is currently unavailable. (-1:7:2000)"" Apple Music works fine. Please fix this issue.",2,"female","Port Moresby, Papua New Guinea","2020-02-07","negativo","tidal music downloaded to my dap s sd card does not play i keep gettng messages saying sorry this content is currently unavailable apple music works fine please fix this issue",3,"audio quality | android auto | cancel subscription | internet connection | customer support",0.025,0.0254,0.0251,0.8995,0.025,0.0,0.0,0.0
4898,"An exciting prospect for an app as I was looking to switch from a wellknown competitor. Unfortunately, when things like back buttons & music control buttons fail to work it makes the app unusable. As a FE developer myself it's obvious to me that these kinds of issues are symptomatic that QC and Devs just don't care. Disappointing.",2,"female","Brisbane, Australia","2019-10-23","negativo","an exciting prospect for an app as i was looking to switch from a wellknown competitor unfortunately when things like back buttons music control buttons fail to work it makes the app unusable as a fe developer myself it s obvious to me that these kinds of issues are symptomatic that qc and devs just don t care disappointing",0,"dolby atmos | high quality | download carrier hub | shuffle button | incredibly annoying",0.2,0.2,0.2,0.2,0.2,0.0,0.0,0.0
4910,"My draw to Tidal was high quality music. I am disappointed the TV app is not setup the same as the phone and desktop versions. One of my favorite things is the daily discovery. This app just pushes the music videos and bury's anything else.",2,"female","Port Moresby, Papua New Guinea","2019-10-27","negativo","my draw to tidal was high quality music i am disappointed the tv app is not setup the same as the phone and desktop versions one of my favorite things is the daily discovery this app just pushes the music videos and bury s anything else",0,"dolby atmos | high quality | download carrier hub | shuffle button | incredibly annoying",0.7998,0.05,0.05,0.0502,0.05,0.0,0.0,0.0
4927,"I've been using the app for about 2 years and I can say it's been a good experience. I use Tidal streaming with my Denon Dj controllers, laptop/pc, and phone. The most recent updates to the app kinda destroyed the reasons I liked using the app. I've been subscribed for 2 years and can't access the music now that I basically paid for or downloads because of the new ""free tier""",2,"female","Nadi, Fiji","2019-12-23","negativo","i ve been using the app for about years and i can say it s been a good experience i use tidal streaming with my denon dj controllers laptop pc and phone the most recent updates to the app kinda destroyed the reasons i liked using the app i ve been subscribed for years and can t access the music now that i basically paid for or downloads because of the new free tier",4,"go back | downloaded albums | used fine | went wrong | force stop",0.04,0.0401,0.0403,0.0402,0.8394,0.0,0.0,0.0
4932,"Randomly removed my downloads before a big trip meaning I had no music. Also unless you turn on offline mode it continues to stream downloaded music.",2,"female","Arequipa, Peru","2019-09-30","negativo","randomly removed my downloads before a big trip meaning i had no music also unless you turn on offline mode it continues to stream downloaded music",3,"audio quality | android auto | cancel subscription | internet connection | customer support",0.1,0.1,0.1,0.6,0.1,0.0,0.0,0.0
4944,"How on earth, in this day and age, is there absolutely NO way to cast to Heos systems, and probably other. The Heos app can load Tidal music, but the Tidal app doesn't support Heos devices. Dude. It's 2023. It shouldn't be that hard to put some effort in it. Denon did and they support Tidal. Would be nothing less than normal for Tidal to do the same. Also, no remote use of the Tidal app, when playing on a different device. Bad move. Haven't tried yet, but I doubt it'll work with my car system..",2,"female","Caracas, Venezuela","2019-10-19","negativo","how on earth in this day and age is there absolutely no way to cast to heos systems and probably other the heos app can load tidal music but the tidal app doesn t support heos devices dude it s it shouldn t be that hard to put some effort in it denon did and they support tidal would be nothing less than normal for tidal to do the same also no remote use of the tidal app when playing on a different device bad move haven t tried yet but i doubt it ll work with my car system",2,"restart phone | social features | slows things down | try again later | come back",0.0671,0.3996,0.3999,0.0667,0.0667,0.0,0.0,0.0
4948,"Generally worse than Spotify, outside of audio quality and artist pay, but recently offline mode and downloads are unavailable unless online... Really poor oversight",2,"female","Auckland, New Zealand","2019-12-12","negativo","generally worse than spotify outside of audio quality and artist pay but recently offline mode and downloads are unavailable unless online really poor oversight",3,"audio quality | android auto | cancel subscription | internet connection | customer support",0.04,0.04,0.04,0.8398,0.0402,0.0,0.0,0.0
4953,"First of Tidal is amazing. The phone app sucks tho. So dose the PC app. But the phone app is the worst. If I add a song to a playlist,the screen always goes back to the top of the playlist. If I ask google to play a song 9 times out of 10 it's the wrong version. Even when I ask fer a certain album by a certain artist it finds a way to mess it up. Spotify was bad but this is worse. Searching is anoing you have to spell each song 100% correctly with caps and yet you still get the wrong edition",2,"female","Gold Coast, Australia","2019-12-27","negativo","first of tidal is amazing the phone app sucks tho so dose the pc app but the phone app is the worst if i add a song to a playlist the screen always goes back to the top of the playlist if i ask google to play a song times out of it s the wrong version even when i ask fer a certain album by a certain artist it finds a way to mess it up spotify was bad but this is worse searching is anoing you have to spell each song correctly with caps and yet you still get the wrong edition",2,"restart phone | social features | slows things down | try again later | come back",0.05,0.05,0.7989,0.05,0.0511,0.0,0.0,0.0
4956,"Sound Quality of the music is great. The app itself is useless. Any time the wifi or mobile data on my phone drops out for just a second tidal just stops. It doesn't even try to connect again. I used this sevice years ago before going to apple Music, and it was amazing. I think im going to go back to Apple Music as its a more reliable service.",2,"female","Christchurch, New Zealand","2019-12-08","negativo","sound quality of the music is great the app itself is useless any time the wifi or mobile data on my phone drops out for just a second tidal just stops it doesn t even try to connect again i used this sevice years ago before going to apple music and it was amazing i think im going to go back to apple music as its a more reliable service",1,"adding songs | tidal connect | carrier hub | works fine | years ago",0.0401,0.8389,0.0403,0.0402,0.0405,0.0,0.0,0.0
4958,"Plays a different song 2-3 down then the one I picked",2,"female","Gold Coast, Australia","2019-11-03","negativo","plays a different song down then the one i picked",0,"dolby atmos | high quality | download carrier hub | shuffle button | incredibly annoying",0.2,0.2,0.2,0.2,0.2,0.0,0.0,0.0
4973,"Don't know what is wrong, but tidal keeps freezing on my android phone, not happy for the price a month. Plus wish we could use without WiFi when Djing on our laptops when doing a gig",2,"female","Suva, Fiji","2019-10-25","negativo","don t know what is wrong but tidal keeps freezing on my android phone not happy for the price a month plus wish we could use without wifi when djing on our laptops when doing a gig",4,"go back | downloaded albums | used fine | went wrong | force stop",0.0667,0.0667,0.0667,0.0674,0.7326,0.0,0.0,0.0
4974,"Some songs have skips (BTBAM - Never Seen / Future Shock @9:19-9:20 fo example). Other users I know have mentioned the same isssue. I'm sure artists wouldn't be pleased. The inablity to be able to filter music by song: We can choose all artists, all albums, but not all songs. I'd love to be able to just shuffle my entire library. This is basic media player functionality that Tidal for some reason doesn't think is necessary. An equalizer built into the app should be obvious as well.",2,"female","Salvador, Brazil","2019-10-03","negativo","some songs have skips btbam never seen future shock fo example other users i know have mentioned the same isssue i m sure artists wouldn t be pleased the inablity to be able to filter music by song we can choose all artists all albums but not all songs i d love to be able to just shuffle my entire library this is basic media player functionality that tidal for some reason doesn t think is necessary an equalizer built into the app should be obvious as well",3,"audio quality | android auto | cancel subscription | internet connection | customer support",0.1,0.1,0.1,0.6,0.1,0.0,0.0,0.0
4999,"The sound quality is undeniable, but the app has some issues. I downloaded many albums to my phone to play them on master quality, but older downloaded albums don't show the album information, and I can not play them if I am not online. The app doesn't play any Master song on Android. It doesn't matter if I use WIFI or download it. It will not work! At this point, I am paying for a service that I can not use. It used to work fine (I have an LG v40, which supports MQA), but it has been a year since I have not been able to play any Master song.",2,"female","Adelaide, Australia","2020-01-18","negativo","the sound quality is undeniable but the app has some issues i downloaded many albums to my phone to play them on master quality but older downloaded albums don t show the album information and i can not play them if i am not online the app doesn t play any master song on android it doesn t matter if i use wifi or download it it will not work at this point i am paying for a service that i can not use it used to work fine i have an lg v which supports mqa but it has been a year since i have not been able to play any master song",4,"go back | downloaded albums | used fine | went wrong | force stop",0.0222,0.0224,0.0222,0.0222,0.9109,0.0,0.0,0.0
5004,"Horrible UX. Total download limit of 10k songs. And if you try to download a playlist of 1k songs or more, the whole app keeps freezing. Really wanted to like this.",2,"female","Medellín, Colombia","2019-10-17","negativo","horrible ux total download limit of k songs and if you try to download a playlist of k songs or more the whole app keeps freezing really wanted to like this",3,"audio quality | android auto | cancel subscription | internet connection | customer support",0.1,0.1,0.1,0.6,0.1,0.0,0.0,0.0
5008,"Great selection of albums and artists, but the music is artificially bass boosted, losing vocal clarity. If you actually care about the quality of your music, pick something else.",2,"female","Suva, Fiji","2019-12-30","negativo","great selection of albums and artists but the music is artificially bass boosted losing vocal clarity if you actually care about the quality of your music pick something else",0,"dolby atmos | high quality | download carrier hub | shuffle button | incredibly annoying",0.2,0.2,0.2,0.2,0.2,0.0,0.0,0.0
5012,"A lot of bugs. Great quality of music but my autoplay doesn't work even though it's checked on. The recent albums I've been listening too aren't updating. I'll leave the app and come back and it switches the album Im currently listening to the last artist/album I was listening to. Can't login to the tidal online either, says I'm blocked because it thinks I'm a robot or something.",2,"female","Perth, Australia","2019-12-06","negativo","a lot of bugs great quality of music but my autoplay doesn t work even though it s checked on the recent albums i ve been listening too aren t updating i ll leave the app and come back and it switches the album im currently listening to the last artist album i was listening to can t login to the tidal online either says i m blocked because it thinks i m a robot or something",2,"restart phone | social features | slows things down | try again later | come back",0.0671,0.0667,0.7327,0.0668,0.0667,0.0,0.0,0.0
5014,"App didn't feel good to use. UI was buggy and it crashed on me a couple times. This was a fresh install on a new Samsung s24 went ahead and cancelled my sub",2,"female","Santiago, Chile","2019-09-29","negativo","app didn t feel good to use ui was buggy and it crashed on me a couple times this was a fresh install on a new samsung s went ahead and cancelled my sub",0,"dolby atmos | high quality | download carrier hub | shuffle button | incredibly annoying",0.2,0.2,0.2,0.2,0.2,0.0,0.0,0.0
5025,"Used to work fine before Android 14. Now it keeps stopping if u swipe to multitask or when u double tap to wake up ur phone....SUCKS!!",2,"female","Gold Coast, Australia","2019-12-15","negativo","used to work fine before android now it keeps stopping if u swipe to multitask or when u double tap to wake up ur phone sucks",4,"go back | downloaded albums | used fine | went wrong | force stop",0.0667,0.0667,0.0677,0.0667,0.7323,0.0,0.0,0.0
5035,"Having an awful experience... App constantly buffers and lags on mobile and PC and still no proper android auto support.",2,"female","Gold Coast, Australia","2019-11-09","negativo","having an awful experience app constantly buffers and lags on mobile and pc and still no proper android auto support",3,"audio quality | android auto | cancel subscription | internet connection | customer support",0.1,0.1,0.1,0.6,0.1,0.0,0.0,0.0
5036,"If the shuffle button would shuffle songs randomly instead of using some algorithm to predict what I want to hear with 2% accuracy, this would be 5 stars. Fix your shuffle button. You're so much better than Spotify, you don't need their broken gimmick.",2,"female","Christchurch, New Zealand","2019-12-15","negativo","if the shuffle button would shuffle songs randomly instead of using some algorithm to predict what i want to hear with accuracy this would be stars fix your shuffle button you re so much better than spotify you don t need their broken gimmick",0,"dolby atmos | high quality | download carrier hub | shuffle button | incredibly annoying",0.8395,0.04,0.0403,0.04,0.0402,0.0,0.0,0.0
5039,"Will not open. I downloaded Tidal, thinking I'd consider switching from Spotify, but I can't get the app to open because of a ""carrier hub"" error. I'm on Google Fi and do not have the ability to download a carrier hub.",2,"female","Adelaide, Australia","2020-01-01","negativo","will not open i downloaded tidal thinking i d consider switching from spotify but i can t get the app to open because of a carrier hub error i m on google fi and do not have the ability to download a carrier hub",0,"dolby atmos | high quality | download carrier hub | shuffle button | incredibly annoying",0.8856,0.0287,0.0286,0.0286,0.0286,0.0,0.0,0.0
5040,"The home page doesn't work. It says that there's no connection even though there is 300mbps, and other parts of the app work. Also I wish you could shuffle directly without first pressing play. For the Tizen app - it'd be great if it had more functionality like lyrics and adding songs to a playlist. For Tidal as a whole, I wish you'd do better integration with Google Home and other Google services. You can't really play Tidal through smart speaker. Also the cast doesn't work.",2,"female","Queenstown, New Zealand","2019-11-24","negativo","the home page doesn t work it says that there s no connection even though there is mbps and other parts of the app work also i wish you could shuffle directly without first pressing play for the tizen app it d be great if it had more functionality like lyrics and adding songs to a playlist for tidal as a whole i wish you d do better integration with google home and other google services you can t really play tidal through smart speaker also the cast doesn t work",2,"restart phone | social features | slows things down | try again later | come back",0.0253,0.162,0.7625,0.0252,0.025,0.0,0.0,0.0
5045,"Uses way to much data even though I'm only streaming in WiFi/listening to downloaded tracks on the go. I can't control it. It ruins my data plan for the month. Don't have any data left in the second half of the month. I have no way to control this. If I set the app to offline mode it takes forever to load downloaded playlists. Overall very slow performing and data sucking app. Bad experience",2,"female","Suva, Fiji","2020-01-17","negativo","uses way to much data even though i m only streaming in wifi listening to downloaded tracks on the go i can t control it it ruins my data plan for the month don t have any data left in the second half of the month i have no way to control this if i set the app to offline mode it takes forever to load downloaded playlists overall very slow performing and data sucking app bad experience",3,"audio quality | android auto | cancel subscription | internet connection | customer support",0.0286,0.0286,0.0286,0.8857,0.0286,0.0,0.0,0.0
5053,"Signup process for new users is failing on Android - Why am I asked to install ""T-Mobile Carrier Hub""?",2,"female","Christchurch, New Zealand","2020-02-17","negativo","signup process for new users is failing on android why am i asked to install t mobile carrier hub",1,"adding songs | tidal connect | carrier hub | works fine | years ago",0.0406,0.8391,0.04,0.0401,0.0401,0.0,0.0,0.0
5058,"(Redmi 9A user)Two stars because i can't play my music peacefully without leaving the app.These crashes make me feel like i'm using the app for free...i've used Joox and Spotify and they worked smoothly on this device.Stabilise the app and i'll change my review.",2,"female","Suva, Fiji","2019-12-14","negativo","redmi a user two stars because i can t play my music peacefully without leaving the app these crashes make me feel like i m using the app for free i ve used joox and spotify and they worked smoothly on this device stabilise the app and i ll change my review",0,"dolby atmos | high quality | download carrier hub | shuffle button | incredibly annoying",0.2,0.2,0.2,0.2,0.2,0.0,0.0,0.0
5071,"it's a good app but frequently stops playing and logs out. this especially happens if it's open on another device.",2,"female","Auckland, New Zealand","2020-01-20","negativo","it s a good app but frequently stops playing and logs out this especially happens if it s open on another device",0,"dolby atmos | high quality | download carrier hub | shuffle button | incredibly annoying",0.7319,0.0675,0.0667,0.0673,0.0667,0.0,0.0,0.0
5073,"My goodness, do I hate this app. I live in a pretty remote area and I download almost everything I listen to and it doesn't matter what I do, accessing that music becomes nearly impossible when I lose signal. The mixes are also never downloaded because everytime I click on them, the entire Playlist has changed. I am still going to use Tidal because I want artists to be paid better, but this app is awful.",2,"female","Christchurch, New Zealand","2019-11-09","negativo","my goodness do i hate this app i live in a pretty remote area and i download almost everything i listen to and it doesn t matter what i do accessing that music becomes nearly impossible when i lose signal the mixes are also never downloaded because everytime i click on them the entire playlist has changed i am still going to use tidal because i want artists to be paid better but this app is awful",0,"dolby atmos | high quality | download carrier hub | shuffle button | incredibly annoying",0.8,0.05,0.05,0.05,0.05,0.0,0.0,0.0
5076,"Difficult to use. Very hard to select an album or artist and actually play that album or songs from that artist.",2,"female","Brisbane, Australia","2019-10-27","negativo","difficult to use very hard to select an album or artist and actually play that album or songs from that artist",2,"restart phone | social features | slows things down | try again later | come back",0.1,0.1,0.6,0.1,0.1,0.0,0.0,0.0
5080,"I came over from spotify after the neil young story. So needless to say i came for neil young. And the first thing i noticed is you are missing at least one classic Neil Young album : Harvest Moon. If you were to add that album i would gladly give you 5 stars",2,"female","Perth, Australia","2019-11-17","negativo","i came over from spotify after the neil young story so needless to say i came for neil young and the first thing i noticed is you are missing at least one classic neil young album harvest moon if you were to add that album i would gladly give you stars",0,"dolby atmos | high quality | download carrier hub | shuffle button | incredibly annoying",0.2,0.2,0.2,0.2,0.2,0.0,0.0,0.0
5085,"I haven't played any music on it yet, so I can't rate that. The problem I have is that I'll likely cancel my subscription because the app doesn't work horizontally. 80% of the time I use a music app is in the car, and I keep my phone in a horizontal position while driving. This is a true deal-breaker for me. Is there any plan to fix this?",2,"female","Canberra, Australia","2019-11-20","negativo","i haven t played any music on it yet so i can t rate that the problem i have is that i ll likely cancel my subscription because the app doesn t work horizontally of the time i use a music app is in the car and i keep my phone in a horizontal position while driving this is a true deal breaker for me is there any plan to fix this",3,"audio quality | android auto | cancel subscription | internet connection | customer support",0.0667,0.0667,0.0667,0.7333,0.0667,0.0,0.0,0.0
5092,"Missing some great artists, and a good amount of albums are only available with Dolby Atmos audio, which is incredibly quiet to the point it takes away from my enjoyment of the music. Thinking about switching to another service at this point, just pathetic you can't turn it off",2,"female","Gold Coast, Australia","2020-01-04","negativo","missing some great artists and a good amount of albums are only available with dolby atmos audio which is incredibly quiet to the point it takes away from my enjoyment of the music thinking about switching to another service at this point just pathetic you can t turn it off",0,"dolby atmos | high quality | download carrier hub | shuffle button | incredibly annoying",0.8664,0.0333,0.0335,0.0333,0.0333,0.0,0.0,0.0
5096,"Yall need to polish up your UI. It's pretty bad when you have to get online to ask the internet where the heck your liked songs wind up. I suggest taking a look at Spotify and seeing how they have their app set up. Why wouldn't you pin liked songs Playlist to the home page?! Why do we need to go digging around in the library just to play it??",2,"female","Rosario, Argentina","2019-10-10","negativo","yall need to polish up your ui it s pretty bad when you have to get online to ask the internet where the heck your liked songs wind up i suggest taking a look at spotify and seeing how they have their app set up why wouldn t you pin liked songs playlist to the home page why do we need to go digging around in the library just to play it",0,"dolby atmos | high quality | download carrier hub | shuffle button | incredibly annoying",0.8661,0.0333,0.0337,0.0334,0.0334,0.0,0.0,0.0
5104,"Please let us change the covers to our playlists!",2,"female","Port Moresby, Papua New Guinea","2019-12-02","negativo","please let us change the covers to our playlists",0,"dolby atmos | high quality | download carrier hub | shuffle button | incredibly annoying",0.2,0.2,0.2,0.2,0.2,0.0,0.0,0.0
5113,"the TV app is designed assuming you want to watch music videos. there's actually no way to shuffle your liked tracks, which is annoying and defeats the purpose of using it for me. I just want HiFi sound.",2,"female","Adelaide, Australia","2020-01-23","negativo","the tv app is designed assuming you want to watch music videos there s actually no way to shuffle your liked tracks which is annoying and defeats the purpose of using it for me i just want hifi sound",0,"dolby atmos | high quality | download carrier hub | shuffle button | incredibly annoying",0.5962,0.1,0.1,0.1037,0.1,0.0,0.0,0.0
5152,"Please add a close button to the notification on a lock screen in Android. Swiping it away doesn't dismiss it and it keeps coming back. So irritating!",2,"female","Christchurch, New Zealand","2020-02-14","negativo","please add a close button to the notification on a lock screen in android swiping it away doesn t dismiss it and it keeps coming back so irritating",0,"dolby atmos | high quality | download carrier hub | shuffle button | incredibly annoying",0.2,0.2,0.2,0.2,0.2,0.0,0.0,0.0
5158,"Its great if the music you listen to happens to load, some artists whole music wont load for me Edit: it now wont let me login while using cellular data , can only login when on wife and when i switch back to cellular data it logs me back out, i dont pay $20 a month for this BS",2,"female","Christchurch, New Zealand","2019-11-06","negativo","its great if the music you listen to happens to load some artists whole music wont load for me edit it now wont let me login while using cellular data can only login when on wife and when i switch back to cellular data it logs me back out i dont pay a month for this bs",0,"dolby atmos | high quality | download carrier hub | shuffle button | incredibly annoying",0.7317,0.0667,0.0667,0.0683,0.0667,0.0,0.0,0.0
5173,"Like the service, but the app could use some rework... Hate that I can't delete duplicate songs, swipe for more options, library is disorganized & needs a dedicated playlist for adding tracks, not enough songs & option for ""Dolby Atmos"" quality on the lower tier plan, too expensive for ""the same quality in lossless"" & larger music catalog on Apple Music, hard to navigate through the app with (icons & no words), shows entire music catalog instead of albums & singles I have saved...",2,"female","Christchurch, New Zealand","2019-12-13","negativo","like the service but the app could use some rework hate that i can t delete duplicate songs swipe for more options library is disorganized needs a dedicated playlist for adding tracks not enough songs option for dolby atmos quality on the lower tier plan too expensive for the same quality in lossless larger music catalog on apple music hard to navigate through the app with icons no words shows entire music catalog instead of albums singles i have saved",1,"adding songs | tidal connect | carrier hub | works fine | years ago",0.2999,0.5501,0.05,0.05,0.05,0.0,0.0,0.0
5185,"I use to use Tidal a couple years ago, but the higher price made me want to test out Amazon HD music and Quoboz. They give the same hifi quality. Master quality is not even available for most songs, because most artist don't record in higher than cd quality. Unfortunately Amazon had raised their price to $17 per month for hd, it use to be $14.99 Amazon has more selection in music than Tidal . Quoboz is the only HD streaming service that lets you purchase hi-res tracks & albums no DRM",2,"female","Perth, Australia","2020-01-22","negativo","i use to use tidal a couple years ago but the higher price made me want to test out amazon hd music and quoboz they give the same hifi quality master quality is not even available for most songs because most artist don t record in higher than cd quality unfortunately amazon had raised their price to per month for hd it use to be amazon has more selection in music than tidal quoboz is the only hd streaming service that lets you purchase hi res tracks albums no drm",1,"adding songs | tidal connect | carrier hub | works fine | years ago",0.0333,0.8665,0.0333,0.0333,0.0335,0.0,0.0,0.0
5190,"Why did you remove Tidal from Roku I enjoyed watching videos and concerts on my TV?! What's the purpose of having exclusive filmed concerts by Tidal if you can't watch them on your TV and don't give me that you can screen mirror bs. Go back to $20 a month for premium features and allow downloaded access to USB audio player Pro app. I would pay $10 a month extra just for that",2,"female","Melbourne, Australia","2019-12-13","negativo","why did you remove tidal from roku i enjoyed watching videos and concerts on my tv what s the purpose of having exclusive filmed concerts by tidal if you can t watch them on your tv and don t give me that you can screen mirror bs go back to a month for premium features and allow downloaded access to usb audio player pro app i would pay a month extra just for that",3,"audio quality | android auto | cancel subscription | internet connection | customer support",0.0674,0.0682,0.0667,0.7281,0.0697,0.0,0.0,0.0
5207,"(2022) - Tidal needs help from Spotify's dev team. They got the high quality music licencing down, now it's time to work on the app. They will lose many people to apple new hifi catalog and even to Spotify's lossy music. What a shame, what a shame.",2,"female","Perth, Australia","2020-01-30","negativo","tidal needs help from spotify s dev team they got the high quality music licencing down now it s time to work on the app they will lose many people to apple new hifi catalog and even to spotify s lossy music what a shame what a shame",0,"dolby atmos | high quality | download carrier hub | shuffle button | incredibly annoying",0.732,0.0667,0.0679,0.0667,0.0667,0.0,0.0,0.0
5211,"The search is completely broken, it's a shame that such a basic feature works so badly. I had an iphone and it worked perfectly on it. It also keeps stopping playing music when I'm on mobile data and sometimes crashes completely.",2,"female","Sydney, Australia","2019-12-19","negativo","the search is completely broken it s a shame that such a basic feature works so badly i had an iphone and it worked perfectly on it it also keeps stopping playing music when i m on mobile data and sometimes crashes completely",2,"restart phone | social features | slows things down | try again later | come back",0.0667,0.0678,0.7322,0.0667,0.0667,0.0,0.0,0.0
5225,"I no longer have the option to connect this app to the Waze android app.",2,"female","Auckland, New Zealand","2019-12-11","negativo","i no longer have the option to connect this app to the waze android app",0,"dolby atmos | high quality | download carrier hub | shuffle button | incredibly annoying",0.2,0.2,0.2,0.2,0.2,0.0,0.0,0.0
5230,"All good, just can't enter my school hence I have to pay double price. Could you fix it pls, thanks Great app tho, thinking of switching from spotify to this",2,"female","Caracas, Venezuela","2019-09-29","negativo","all good just can t enter my school hence i have to pay double price could you fix it pls thanks great app tho thinking of switching from spotify to this",0,"dolby atmos | high quality | download carrier hub | shuffle button | incredibly annoying",0.5993,0.1,0.1,0.1,0.1006,0.0,0.0,0.0
5235,"Great listening experience, however disappointed after installing the you can't connect it to Amazon Echo Dot through the Alexa app in the UK, yet if you have a US account you can. Will probably to go back to Amazon Music Unlimited.",2,"female","Brisbane, Australia","2019-11-27","negativo","great listening experience however disappointed after installing the you can t connect it to amazon echo dot through the alexa app in the uk yet if you have a us account you can will probably to go back to amazon music unlimited",4,"go back | downloaded albums | used fine | went wrong | force stop",0.05,0.0503,0.05,0.0502,0.7995,0.0,0.0,0.0
5250,"It keeps logging me out for no reason. It's becoming really irritating and I'm considering alternative options because it happened when I was on the plane and couldn't log in. Please fix this issue, or it'll definitely motivate people to move to elsewhere.",2,"female","Adelaide, Australia","2020-01-05","negativo","it keeps logging me out for no reason it s becoming really irritating and i m considering alternative options because it happened when i was on the plane and couldn t log in please fix this issue or it ll definitely motivate people to move to elsewhere",0,"dolby atmos | high quality | download carrier hub | shuffle button | incredibly annoying",0.2,0.2,0.2,0.2,0.2,0.0,0.0,0.0
5253,"Recently been dealing with a bug where the music stops randomly and the song just resets back at the start. I'm not touchingnmy phone or any buttons and the music just stops. It's on every single track and it ruins the experience. If it weren't for the good sound quality this would be 1 star. I really hope this can be fixed.",2,"female","Wellington, New Zealand","2020-01-09","negativo","recently been dealing with a bug where the music stops randomly and the song just resets back at the start i m not touchingnmy phone or any buttons and the music just stops it s on every single track and it ruins the experience if it weren t for the good sound quality this would be star i really hope this can be fixed",2,"restart phone | social features | slows things down | try again later | come back",0.1,0.1,0.6,0.1,0.1,0.0,0.0,0.0
5254,"DUDE THIS APPS BUGGY AS HELL",2,"female","Nadi, Fiji","2019-11-14","negativo","dude this apps buggy as hell",0,"dolby atmos | high quality | download carrier hub | shuffle button | incredibly annoying",0.2,0.2,0.2,0.2,0.2,0.0,0.0,0.0
5259,"Some Issues with the UI and album playback on android auto after the last update",2,"female","Sydney, Australia","2019-12-30","negativo","some issues with the ui and album playback on android auto after the last update",3,"audio quality | android auto | cancel subscription | internet connection | customer support",0.1,0.1,0.1,0.6,0.1,0.0,0.0,0.0
5265,"After years I'll say this... Great music quality, but software on ALL platforms the software is awful. Slow, glitches all the time, errors all the time. Makes for an almost unusable experience on phones, windows, mac, etc",2,"female","Melbourne, Australia","2019-11-26","negativo","after years i ll say this great music quality but software on all platforms the software is awful slow glitches all the time errors all the time makes for an almost unusable experience on phones windows mac etc",0,"dolby atmos | high quality | download carrier hub | shuffle button | incredibly annoying",0.5993,0.1007,0.1,0.1,0.1,0.0,0.0,0.0
5272,"App logs me out quite often and the app on my Roku device will not let me search which I find totally useless. This has been going on for quite a while now",2,"female","Suva, Fiji","2020-01-16","negativo","app logs me out quite often and the app on my roku device will not let me search which i find totally useless this has been going on for quite a while now",1,"adding songs | tidal connect | carrier hub | works fine | years ago",0.1,0.6,0.1,0.1,0.1,0.0,0.0,0.0
5276,"I love that artists get paid better, it's why I switched. But the app needs serious overhaul. It takes over 10 seconds to start playing a song, downloaded or not. Now, with newest update, the app crashes 10 seconds into the first track, reboots, then jumps ahead 30 seconds in the song.",2,"female","Bogotá, Colombia","2019-10-14","negativo","i love that artists get paid better it s why i switched but the app needs serious overhaul it takes over seconds to start playing a song downloaded or not now with newest update the app crashes seconds into the first track reboots then jumps ahead seconds in the song",0,"dolby atmos | high quality | download carrier hub | shuffle button | incredibly annoying",0.9111,0.0222,0.0222,0.0222,0.0222,0.0,0.0,0.0
5282,"At first I loved this app but latley its been going slow as hell i mean i keeps loading and loading I kno its not my data because everyother app works just fine...?",2,"female","Santa Cruz, Bolivia","2019-10-11","negativo","at first i loved this app but latley its been going slow as hell i mean i keeps loading and loading i kno its not my data because everyother app works just fine",1,"adding songs | tidal connect | carrier hub | works fine | years ago",0.1,0.5991,0.1,0.1009,0.1,0.0,0.0,0.0
5283,"Love the app but after this many times of the app signing me out and not letting me back in cause of error has forced me to go back to spotify I can't afford both",2,"female","Port Moresby, Papua New Guinea","2019-11-06","negativo","love the app but after this many times of the app signing me out and not letting me back in cause of error has forced me to go back to spotify i can t afford both",4,"go back | downloaded albums | used fine | went wrong | force stop",0.05,0.0503,0.05,0.0505,0.7992,0.0,0.0,0.0
5298,"I appreciate the sound quality on Tidal, and the fairer distribution of money to artists, but the technical experience has been horrible. The download queue is janky, downloaded music in offline mode takes several minutes to begin playing (if at all), and now the app can't go more than 1 song without crashing. I don't understand what the software engineers are doing if not fixing basic functionality issues. I would be embarrassed to release an app that has such major flaws.",2,"female","Port Moresby, Papua New Guinea","2020-02-16","negativo","i appreciate the sound quality on tidal and the fairer distribution of money to artists but the technical experience has been horrible the download queue is janky downloaded music in offline mode takes several minutes to begin playing if at all and now the app can t go more than song without crashing i don t understand what the software engineers are doing if not fixing basic functionality issues i would be embarrassed to release an app that has such major flaws",3,"audio quality | android auto | cancel subscription | internet connection | customer support",0.025,0.025,0.025,0.8999,0.0251,0.0,0.0,0.0
5300,"Music pauses on its own when playing",2,"female","Perth, Australia","2020-02-15","negativo","music pauses on its own when playing",0,"dolby atmos | high quality | download carrier hub | shuffle button | incredibly annoying",0.2,0.2,0.2,0.2,0.2,0.0,0.0,0.0
5312,"my app keeps stopping the music I play",2,"female","Hobart, Australia","2020-01-19","negativo","my app keeps stopping the music i play",0,"dolby atmos | high quality | download carrier hub | shuffle button | incredibly annoying",0.2,0.2,0.2,0.2,0.2,0.0,0.0,0.0
5340,"With the new OS update, Tidal plays one song and then stops. Sometimes it pauses songs in the middle without a reason. It's very frustrating when you have to select songs manually all the time. How am I supposed to enjoy music while riding a bike?",2,"female","Nadi, Fiji","2020-01-12","negativo","with the new os update tidal plays one song and then stops sometimes it pauses songs in the middle without a reason it s very frustrating when you have to select songs manually all the time how am i supposed to enjoy music while riding a bike",2,"restart phone | social features | slows things down | try again later | come back",0.1,0.1,0.6,0.1,0.1,0.0,0.0,0.0
5371,"Poor bluetooth connectivity for higher quality streams",2,"female","Gold Coast, Australia","2019-10-31","negativo","poor bluetooth connectivity for higher quality streams",1,"adding songs | tidal connect | carrier hub | works fine | years ago",0.1,0.5995,0.1,0.1005,0.1,0.0,0.0,0.0
5381,"Lose track of the last playlist or album I was playing after closing the app.",2,"female","Perth, Australia","2020-02-15","negativo","lose track of the last playlist or album i was playing after closing the app",0,"dolby atmos | high quality | download carrier hub | shuffle button | incredibly annoying",0.6,0.1,0.1,0.1,0.1,0.0,0.0,0.0
5388,"Don't get me wrong, the problem is not TIDAL indeed, because the app in Desktop/Windows, WebPlayer and iOS works amazing, but oh god... ever since I switched to Android I just find bug after bug. Problem comes for playlists and downloading songs. If I try to play a song from a playlist, it will show me the song duplicated 4 times, and when downloading songs, the feature will end up in a loop of trying to download the same 10 songs (sticking my downloads at 99% progress)",2,"female","Buenos Aires, Argentina","2019-10-06","negativo","don t get me wrong the problem is not tidal indeed because the app in desktop windows webplayer and ios works amazing but oh god ever since i switched to android i just find bug after bug problem comes for playlists and downloading songs if i try to play a song from a playlist it will show me the song duplicated times and when downloading songs the feature will end up in a loop of trying to download the same songs sticking my downloads at progress",3,"audio quality | android auto | cancel subscription | internet connection | customer support",0.025,0.025,0.025,0.8998,0.0251,0.0,0.0,0.0
5395,"The one star is so I could review you, the 2nd was simply because what I will add is actually possible for you. Congrats, unrealized potential. You have a market that your interface goes out of its way to alienate, and it's your most expensive platform. Oh, do I have your attention because I mentioned money? 360 audio and atmos cost more, and yet if I search for an artist, their offerings in that area do not show up. Yet, if I go to the Atmos or 360 sections, I can't search them. Thanks",2,"female","Christchurch, New Zealand","2019-12-18","negativo","the one star is so i could review you the nd was simply because what i will add is actually possible for you congrats unrealized potential you have a market that your interface goes out of its way to alienate and it s your most expensive platform oh do i have your attention because i mentioned money audio and atmos cost more and yet if i search for an artist their offerings in that area do not show up yet if i go to the atmos or sections i can t search them thanks",0,"dolby atmos | high quality | download carrier hub | shuffle button | incredibly annoying",0.6,0.1,0.1,0.1,0.1,0.0,0.0,0.0
5406,"You get my 5* when you fix how the app works offline. You don't need to API back to your platform every time I want to add a track to a playlist. And, you ruined countless long-haul flights for me simply because your software doesn't know when to serve local on device content. Please get a grip and solve it.",2,"female","Auckland, New Zealand","2020-02-04","negativo","you get my when you fix how the app works offline you don t need to api back to your platform every time i want to add a track to a playlist and you ruined countless long haul flights for me simply because your software doesn t know when to serve local on device content please get a grip and solve it",0,"dolby atmos | high quality | download carrier hub | shuffle button | incredibly annoying",0.2,0.2,0.2,0.2,0.2,0.0,0.0,0.0
5415,"Recent updates have fixed issues related to Android Auto, but a new, intentional problem has been added, that being spam notifications that can only be disabled through an external website.",2,"female","Suva, Fiji","2020-01-20","negativo","recent updates have fixed issues related to android auto but a new intentional problem has been added that being spam notifications that can only be disabled through an external website",3,"audio quality | android auto | cancel subscription | internet connection | customer support",0.0667,0.0667,0.0667,0.7317,0.0682,0.0,0.0,0.0
5436,"New updates are much better but disconnects all the time most of the time I need to restart my phone smh. But still needs work to be better than Spotify. Tidal needs to be added onto wear os/ galaxy watch 4. That would be a great thing to do. I'll bump it up 1 star if tidal makes it on wear os. Also needs to make it recognize all platforms like cardo packtalk and others. Just like Spotify.",2,"female","Medellín, Colombia","2019-09-26","negativo","new updates are much better but disconnects all the time most of the time i need to restart my phone smh but still needs work to be better than spotify tidal needs to be added onto wear os galaxy watch that would be a great thing to do i ll bump it up star if tidal makes it on wear os also needs to make it recognize all platforms like cardo packtalk and others just like spotify",2,"restart phone | social features | slows things down | try again later | come back",0.0407,0.04,0.8393,0.04,0.04,0.0,0.0,0.0
5446,"App user experience is really bad. Streams keep stopping on android",2,"female","Christchurch, New Zealand","2020-02-17","negativo","app user experience is really bad streams keep stopping on android",0,"dolby atmos | high quality | download carrier hub | shuffle button | incredibly annoying",0.2,0.2,0.2,0.2,0.2,0.0,0.0,0.0
5457,"Tidal is one of the best streaming service I have ever used but I don't understand why I can't subscribe to tidal anymore. All the card I have tried keep declining. Why is this happening?",2,"female","Gold Coast, Australia","2019-10-26","negativo","tidal is one of the best streaming service i have ever used but i don t understand why i can t subscribe to tidal anymore all the card i have tried keep declining why is this happening",1,"adding songs | tidal connect | carrier hub | works fine | years ago",0.0401,0.8395,0.04,0.04,0.0403,0.0,0.0,0.0
5476,"It sadly seems like there's no more care for the App. Wanted an Alternative for better Artist Pay, but nowadays you're lucky if this App even works properly. And if it does, then the Algorythm for Shuffles is garbage, a lot of the platformusage is counterintuitive and sadly you'll have some Albums just missing on there (Distribution Issue on the Artists side I think, but still. It's a shame) They don't even ask you for feedback when you cancel your Subscription. Kinda shows how little they care",2,"female","Adelaide, Australia","2020-01-25","negativo","it sadly seems like there s no more care for the app wanted an alternative for better artist pay but nowadays you re lucky if this app even works properly and if it does then the algorythm for shuffles is garbage a lot of the platformusage is counterintuitive and sadly you ll have some albums just missing on there distribution issue on the artists side i think but still it s a shame they don t even ask you for feedback when you cancel your subscription kinda shows how little they care",3,"audio quality | android auto | cancel subscription | internet connection | customer support",0.0667,0.0667,0.0667,0.7333,0.0667,0.0,0.0,0.0
