"reviewId";"review";"score";"gender";"location";"date";"sentimiento";"review_limpio";"cluster_id";"top_palabras"
3907;"The app is great. The only problem is that sometimes, when I listen to music, it makes the words (lyrics) really really glitchy. Other than that, it's fine.";4;"female";"Wellington, New Zealand";"2022-09-11";"positivo";"the app is great the only problem is that sometimes when i listen to music it makes the words lyrics really really glitchy other than that it s fine";4;"app | music | better | awesome | spotify"
3908;"SoundCloud is not working";4;"female";"Gold Coast, Australia";"2022-03-27";"positivo";"soundcloud is not working";4;"app | music | better | awesome | spotify"
3918;"good app, juss needs a update to run smoothes";4;"female";"Perth, Australia";"2022-09-14";"positivo";"good app juss needs a update to run smoothes";4;"app | music | better | awesome | spotify"
3923;"Good App , but why we can't delete our massage in SoundCloud App ?!!!!!!!!";4;"female";"Perth, Australia";"2022-08-08";"positivo";"good app but why we can t delete our massage in soundcloud app";4;"app | music | better | awesome | spotify"
3931;"Its cool";4;"female";"Christchurch, New Zealand";"2022-06-07";"positivo";"its cool";4;"app | music | better | awesome | spotify"
3933;"this app is now my favorite app💗 I really love it 🤩";4;"female";"Wellington, New Zealand";"2022-07-21";"positivo";"this app is now my favorite app i really love it";4;"app | music | better | awesome | spotify"
3941;"It's an overall great app but explain why when I have full bars it says no internet and have to restart my phone in order to get it working? Alright now it won't even open and I'm getting not responding messages when the app is CLOSED. Triple explain why it won't let me log in if my device is on for a long period of time. And why it'll log me out at random too. HOW ABOUT YOU EXPLAIN THAT.";4;"female";"Melbourne, Australia";"2022-06-14";"positivo";"it s an overall great app but explain why when i have full bars it says no internet and have to restart my phone in order to get it working alright now it won t even open and i m getting not responding messages when the app is closed triple explain why it won t let me log in if my device is on for a long period of time and why it ll log me out at random too how about you explain that";4;"app | music | better | awesome | spotify"
3945;"I love it but wish soundcloud sould do vedios";4;"female";"Port Moresby, Papua New Guinea";"2022-09-12";"positivo";"i love it but wish soundcloud sould do vedios";5;"love | app | music | much | amazing"
3951;".nice";4;"female";"Brisbane, Australia";"2022-05-22";"positivo";"nice";6;"nice | app | music | no | songs"
3962;"👍🏿👍🏿👍🏿";4;"female";"Gold Coast, Australia";"2022-02-14";"positivo";"";4;"app | music | better | awesome | spotify"
3968;"This app is really good for finding songs and listening on or offline if you were to have the premium version. The one thing, though, is that you aren't able to record songs through internal audio from this app. I really beg for you guys to bring back the internal audio recording because I want to be able to listen to my favorite song while offline since I don't really have the premium version :( . This is the only app that has the song I like. Please bring it back in the next update.";4;"female";"Sydney, Australia";"2022-03-17";"positivo";"this app is really good for finding songs and listening on or offline if you were to have the premium version the one thing though is that you aren t able to record songs through internal audio from this app i really beg for you guys to bring back the internal audio recording because i want to be able to listen to my favorite song while offline since i don t really have the premium version this is the only app that has the song i like please bring it back in the next update";4;"app | music | better | awesome | spotify"
3969;"nice app";4;"female";"Adelaide, Australia";"2022-02-22";"positivo";"nice app";6;"nice | app | music | no | songs"
3975;"better";4;"female";"Port Moresby, Papua New Guinea";"2022-10-04";"positivo";"better";4;"app | music | better | awesome | spotify"
3982;"👍";4;"female";"Brisbane, Australia";"2022-10-07";"positivo";"";4;"app | music | better | awesome | spotify"
3993;"It was the best online music app I'd ever downloaded .. however the problem is ...some of my favourite songs are not available in my country 😭.......i hate that and yeah... some songs cannot be found despite all that issues i still like this app 💌";4;"female";"Hobart, Australia";"2022-04-25";"positivo";"it was the best online music app i d ever downloaded however the problem is some of my favourite songs are not available in my country i hate that and yeah some songs cannot be found despite all that issues i still like this app";4;"app | music | better | awesome | spotify"
3996;"Very good for music";4;"female";"Perth, Australia";"2022-03-10";"positivo";"very good for music";0;"good | app | music | experience | really"
4001;"Love SoundCloud. I have Created Great Tracks on BandLab then upload them to Sound Cloud. 💪😎. Super Crispy & Clear. Just enjoying the Experience.";4;"female";"Canberra, Australia";"2022-04-15";"positivo";"love soundcloud i have created great tracks on bandlab then upload them to sound cloud super crispy clear just enjoying the experience";4;"app | music | better | awesome | spotify"
4025;"tracks are easy to find";4;"female";"Auckland, New Zealand";"2022-05-07";"positivo";"tracks are easy to find";4;"app | music | better | awesome | spotify"
4029;"nice";4;"female";"Sydney, Australia";"2022-03-14";"positivo";"nice";6;"nice | app | music | no | songs"
4030;"It's a really great app but it glitches a lot when I exit the app";4;"female";"Córdoba, Argentina";"2022-02-10";"positivo";"it s a really great app but it glitches a lot when i exit the app";2;"great | app | music | back | really"
4041;"Please add the ability to sort tracks, it is very much lacking";4;"female";"Brisbane, Australia";"2022-03-02";"positivo";"please add the ability to sort tracks it is very much lacking";4;"app | music | better | awesome | spotify"
4051;"A loop button would be nice";4;"female";"Hobart, Australia";"2022-04-26";"positivo";"a loop button would be nice";6;"nice | app | music | no | songs"
4052;"I can't stop autoplay!";4;"female";"Christchurch, New Zealand";"2022-03-20";"positivo";"i can t stop autoplay";4;"app | music | better | awesome | spotify"
4067;"Hello again, Im kinda missing some parts here. Why does my playlist suddenly went missing? Like all of the songs I have saved just suddenly went Missing Even the artist i followed have their somg removed and I am very confused. What happened?";4;"female";"Gold Coast, Australia";"2022-09-18";"positivo";"hello again im kinda missing some parts here why does my playlist suddenly went missing like all of the songs i have saved just suddenly went missing even the artist i followed have their somg removed and i am very confused what happened";4;"app | music | better | awesome | spotify"
4072;"Its got some good music, But holy heck, no matter what you search for, guaranteed there is a mountain of reeeeeaaaaaaallllyyy bad auto tune rap. Soooo much of it. Seriously... would like a filter function.";4;"female";"Melbourne, Australia";"2022-04-03";"positivo";"its got some good music but holy heck no matter what you search for guaranteed there is a mountain of reeeeeaaaaaaallllyyy bad auto tune rap soooo much of it seriously would like a filter function";4;"app | music | better | awesome | spotify"
4084;"good app have problems finding older artists";4;"female";"Nadi, Fiji";"2022-02-24";"positivo";"good app have problems finding older artists";4;"app | music | better | awesome | spotify"
4092;"This is a nice replacement for people who aren't happy with Spotify, etc. It allows you to play songs on repeat, and it doesn't give you as many ads as Spotify does. However, the only problem is, is that not all songs are on Soundcloud, and some aren't even available in your country sometimes. But overall, I think it's a great app to use if you're looking for a music app that you can use to jam to some of your favourite beats!";4;"female";"Suva, Fiji";"2022-05-08";"positivo";"this is a nice replacement for people who aren t happy with spotify etc it allows you to play songs on repeat and it doesn t give you as many ads as spotify does however the only problem is is that not all songs are on soundcloud and some aren t even available in your country sometimes but overall i think it s a great app to use if you re looking for a music app that you can use to jam to some of your favourite beats";4;"app | music | better | awesome | spotify"
4105;"good";4;"female";"Nadi, Fiji";"2022-03-11";"positivo";"good";0;"good | app | music | experience | really"
4133;"APPS FYIIIIIIIRRRRRR🤩🤩🤩";4;"female";"Auckland, New Zealand";"2022-07-29";"positivo";"apps fyiiiiiiirrrrrr";4;"app | music | better | awesome | spotify"
4139;"good";4;"female";"Gold Coast, Australia";"2022-07-02";"positivo";"good";0;"good | app | music | experience | really"
4150;"good";4;"female";"Port Moresby, Papua New Guinea";"2022-08-21";"positivo";"good";0;"good | app | music | experience | really"
4153;"love SoundCloud, hate that some songs are behind paywalls and that, with some stuff, you can only use if subscribed (customization and whatnot), but besides that, pretty good! :P";4;"female";"Perth, Australia";"2022-08-22";"positivo";"love soundcloud hate that some songs are behind paywalls and that with some stuff you can only use if subscribed customization and whatnot but besides that pretty good p";4;"app | music | better | awesome | spotify"
4166;"Amazing app but I find it kind of annoying that whenever I accidentally pause an ad from my earbuds the ad restarts.";4;"female";"Sydney, Australia";"2022-09-08";"positivo";"amazing app but i find it kind of annoying that whenever i accidentally pause an ad from my earbuds the ad restarts";4;"app | music | better | awesome | spotify"
4178;"Amazing music app! I use this to listen to music offline all the time! The only thing I dislike about this app is the ""GO+"" lock on some of my favorite songs. I know it's for premium, but maybe take it off. : \\";4;"female";"Perth, Australia";"2022-06-25";"positivo";"amazing music app i use this to listen to music offline all the time the only thing i dislike about this app is the go lock on some of my favorite songs i know it s for premium but maybe take it off";4;"app | music | better | awesome | spotify"
4179;"good";4;"female";"Sydney, Australia";"2022-04-26";"positivo";"good";0;"good | app | music | experience | really"
4193;"można słuchać z wyłączonym telefonem ale są reklamy ale rzadko";4;"female";"Port Moresby, Papua New Guinea";"2022-03-23";"positivo";"można słuchać z wyłączonym telefonem ale są reklamy ale rzadko";4;"app | music | better | awesome | spotify"
4213;"I like this app a lot, but today I noticed that in my liked tracks, it now has a bar of genres that say 7 days free trial beside it. I liked this app a lot more when Premium wasn't being shoved down my throat. Other than that, it's a good app, and I hope it doesn't continue like Spotify did.";4;"female";"Auckland, New Zealand";"2022-03-24";"positivo";"i like this app a lot but today i noticed that in my liked tracks it now has a bar of genres that say days free trial beside it i liked this app a lot more when premium wasn t being shoved down my throat other than that it s a good app and i hope it doesn t continue like spotify did";4;"app | music | better | awesome | spotify"
4219;"Great";4;"female";"Perth, Australia";"2022-06-13";"positivo";"great";2;"great | app | music | back | really"
4240;"Reply";4;"female";"Brasília, Brazil";"2022-02-06";"positivo";"reply";4;"app | music | better | awesome | spotify"
4252;"good";4;"female";"Melbourne, Australia";"2022-07-25";"positivo";"good";0;"good | app | music | experience | really"
4262;"so many updates having to try and listen and you have to update the darn app every time you open it is very tedious and annoying. just make one big update every few months not an update every 2 days";4;"female";"Adelaide, Australia";"2022-07-27";"positivo";"so many updates having to try and listen and you have to update the darn app every time you open it is very tedious and annoying just make one big update every few months not an update every days";4;"app | music | better | awesome | spotify"
4273;"I love this app... just too many ads.";4;"female";"Sydney, Australia";"2022-09-02";"positivo";"i love this app just too many ads";4;"app | music | better | awesome | spotify"
4288;"Kaif";4;"female";"Queenstown, New Zealand";"2022-06-21";"positivo";"kaif";4;"app | music | better | awesome | spotify"
4303;"Fantastic";4;"female";"Melbourne, Australia";"2022-07-05";"positivo";"fantastic";4;"app | music | better | awesome | spotify"
4309;"not free anymore";4;"female";"Port Moresby, Papua New Guinea";"2022-03-12";"positivo";"not free anymore";4;"app | music | better | awesome | spotify"
4314;"Nice app";4;"female";"Auckland, New Zealand";"2022-05-21";"positivo";"nice app";6;"nice | app | music | no | songs"
4318;"great app to many adds tho and almost any song is on it";4;"female";"Queenstown, New Zealand";"2022-03-28";"positivo";"great app to many adds tho and almost any song is on it";4;"app | music | better | awesome | spotify"
4322;"It give you a lot of music to choose from and the subscription is not high";4;"female";"Melbourne, Australia";"2022-06-30";"positivo";"it give you a lot of music to choose from and the subscription is not high";4;"app | music | better | awesome | spotify"
4325;"I liked when we could search our liked songs in a specific category! Literally the best update, and then it went away..... needles to say it's taken a lot of ease of use out of the app. And sometimes songs won't play randomly? Other than that I enjoy it for finding smaller artists.";4;"female";"Sydney, Australia";"2022-06-18";"positivo";"i liked when we could search our liked songs in a specific category literally the best update and then it went away needles to say it s taken a lot of ease of use out of the app and sometimes songs won t play randomly other than that i enjoy it for finding smaller artists";4;"app | music | better | awesome | spotify"
4329;"data base needs to include many more songs, YouTube has a lot that SoundCloud doesn't have.";4;"female";"Christchurch, New Zealand";"2022-03-07";"positivo";"data base needs to include many more songs youtube has a lot that soundcloud doesn t have";4;"app | music | better | awesome | spotify"
4330;"These songs have stood the test of time, so the older I get the more I appreciate Foreigner and especially this, their fourth album, aptly titled 4, was a significant release in their career, featuring hit singles like ""Urgent,"" ""Waiting for a Girl Like You,"" and ""Juke Box Hero."" The reason I didn't give it four stars is my old neighbor's fault for playing it nonstop for at least the first two weeks after its release in 1981. Too much of a good thing is well, you know. 4 stars for 4. Peace ✌️";4;"female";"Perth, Australia";"2022-04-24";"positivo";"these songs have stood the test of time so the older i get the more i appreciate foreigner and especially this their fourth album aptly titled was a significant release in their career featuring hit singles like urgent waiting for a girl like you and juke box hero the reason i didn t give it four stars is my old neighbor s fault for playing it nonstop for at least the first two weeks after its release in too much of a good thing is well you know stars for peace";4;"app | music | better | awesome | spotify"
4332;"I love this app! Top tier so amazing and basically no ads for me! But one thing I hate is somehow some of the songs is not allowed for my country, please fix this, I can't listen to my favorite songs since is not for my country";4;"female";"Melbourne, Australia";"2022-08-10";"positivo";"i love this app top tier so amazing and basically no ads for me but one thing i hate is somehow some of the songs is not allowed for my country please fix this i can t listen to my favorite songs since is not for my country";4;"app | music | better | awesome | spotify"
4349;"Really Great experience with the app, I can find my favourite songs very easily, but a lil disappointed is that after the last update the songs automatically turns off and u have to play again Other the than that best app for songs";4;"female";"Port Moresby, Papua New Guinea";"2022-07-26";"positivo";"really great experience with the app i can find my favourite songs very easily but a lil disappointed is that after the last update the songs automatically turns off and u have to play again other the than that best app for songs";4;"app | music | better | awesome | spotify"
4351;"I would give 5 stars if they add sleep timer";4;"female";"Christchurch, New Zealand";"2022-09-20";"positivo";"i would give stars if they add sleep timer";4;"app | music | better | awesome | spotify"
4364;"First day I tried souncloud app and the experience was amazing one of the best app ever existed for music but the only problem I'm facing is that this song isn't available in your country otherwise everything is best in this app";4;"female";"Melbourne, Australia";"2022-06-13";"positivo";"first day i tried souncloud app and the experience was amazing one of the best app ever existed for music but the only problem i m facing is that this song isn t available in your country otherwise everything is best in this app";4;"app | music | better | awesome | spotify"
4377;"good app but too many ads";4;"female";"Brisbane, Australia";"2022-10-14";"positivo";"good app but too many ads";4;"app | music | better | awesome | spotify"
4382;"I love the download function to listen when I'm out of service. I would give it 5 stars, but some songs you can't find by the original musician.";4;"female";"Queenstown, New Zealand";"2022-02-19";"positivo";"i love the download function to listen when i m out of service i would give it stars but some songs you can t find by the original musician";4;"app | music | better | awesome | spotify"
4392;"SoundCloud has sounds that you tube don't have.";4;"female";"Gold Coast, Australia";"2022-09-22";"positivo";"soundcloud has sounds that you tube don t have";4;"app | music | better | awesome | spotify"
4405;"No ads great for studying and other tasks";4;"female";"Canberra, Australia";"2022-09-08";"positivo";"no ads great for studying and other tasks";4;"app | music | better | awesome | spotify"
4411;"Best music app I've used";4;"female";"Christchurch, New Zealand";"2022-06-26";"positivo";"best music app i ve used";1;"best | app | music | ever | listen"
4424;"great";4;"female";"Wellington, New Zealand";"2022-03-22";"positivo";"great";2;"great | app | music | back | really"
4433;"I've been using this app for four years now, and for all of them, I've had a 5 star review. Unfortunately, that's changing now. I don't know what's happened recently, but there are just so many ads. I can handle the new popup ad that appears when I first load, but the ones in between songs, not anymore. It used to be 3-4 songs before a 15 second ad, but now I'm getting a 30 second ad every other song, or a 15 second ad in between every single song. It's becoming nearly as bad as Spotify.";4;"female";"Nadi, Fiji";"2022-09-20";"positivo";"i ve been using this app for four years now and for all of them i ve had a star review unfortunately that s changing now i don t know what s happened recently but there are just so many ads i can handle the new popup ad that appears when i first load but the ones in between songs not anymore it used to be songs before a second ad but now i m getting a second ad every other song or a second ad in between every single song it s becoming nearly as bad as spotify";4;"app | music | better | awesome | spotify"
4447;"Edit Sorry 😔 I found that..the problem was on my mob settings of sound Thanks for chat GPT to solve my problem No thanks for you for ignoring my problem ...... I don't know where is the problem exactly But suddenly the sound on the sound cloud became so low Can you help me with that? Edit.... After many days there is no answer I am so disappointed 😞";4;"female";"Gold Coast, Australia";"2022-07-19";"positivo";"edit sorry i found that the problem was on my mob settings of sound thanks for chat gpt to solve my problem no thanks for you for ignoring my problem i don t know where is the problem exactly but suddenly the sound on the sound cloud became so low can you help me with that edit after many days there is no answer i am so disappointed";4;"app | music | better | awesome | spotify"
4450;"Really good but can have more features";4;"female";"Hobart, Australia";"2022-06-22";"positivo";"really good but can have more features";4;"app | music | better | awesome | spotify"
4452;"perfect";4;"female";"Santiago, Chile";"2022-01-30";"positivo";"perfect";7;"perfect | music | update | much | love"
4462;"Lots of free options and great independent releases, but we must pay for some of the good pop stuff. Some annoying repetitive ad breaks but they're not as long as some other streaming services. And apparently SoundCloud actually pay the artists, unlike some other streaming services...";4;"female";"Suva, Fiji";"2022-04-22";"positivo";"lots of free options and great independent releases but we must pay for some of the good pop stuff some annoying repetitive ad breaks but they re not as long as some other streaming services and apparently soundcloud actually pay the artists unlike some other streaming services";4;"app | music | better | awesome | spotify"
4467;"great app";4;"female";"Melbourne, Australia";"2022-08-25";"positivo";"great app";2;"great | app | music | back | really"
4478;"I have this over the last few years but suddenly it won't let me take music off my playlist apart from that it has been the best music app iv ever used so easy to navigate I was wondering if it was a SoundCloud problem or my phone problem";4;"female";"Canberra, Australia";"2022-05-06";"positivo";"i have this over the last few years but suddenly it won t let me take music off my playlist apart from that it has been the best music app iv ever used so easy to navigate i was wondering if it was a soundcloud problem or my phone problem";4;"app | music | better | awesome | spotify"
4481;"good music app but I can't listen to some songs forcing me to delete and redownload the app if I want to listen to the certain songs again. If possible, please fix it because it's very frustrating";4;"female";"Nadi, Fiji";"2022-04-15";"positivo";"good music app but i can t listen to some songs forcing me to delete and redownload the app if i want to listen to the certain songs again if possible please fix it because it s very frustrating";4;"app | music | better | awesome | spotify"
4483;"I love it";4;"female";"Hobart, Australia";"2022-09-14";"positivo";"i love it";5;"love | app | music | much | amazing"
4509;"very good i like it";4;"female";"Perth, Australia";"2022-04-03";"positivo";"very good i like it";3;"like | app | music | really | songs"
4511;"Great app in general. This is my favorite music app but I've been experiencing a weird bug lately. Half of my favorite songs no longer work. Soundcloud, please fix your bug.";4;"female";"Auckland, New Zealand";"2022-08-11";"positivo";"great app in general this is my favorite music app but i ve been experiencing a weird bug lately half of my favorite songs no longer work soundcloud please fix your bug";4;"app | music | better | awesome | spotify"
4512;"it's a good app but for some reason, some songs won't stream after changing the songs and changing back";4;"female";"Hobart, Australia";"2022-07-16";"positivo";"it s a good app but for some reason some songs won t stream after changing the songs and changing back";4;"app | music | better | awesome | spotify"
4513;"Eh...";4;"female";"Gold Coast, Australia";"2022-06-28";"positivo";"eh";4;"app | music | better | awesome | spotify"
4517;"Most convenient app";4;"female";"Canberra, Australia";"2022-04-13";"positivo";"most convenient app";4;"app | music | better | awesome | spotify"
4527;"Not bad";4;"female";"Brisbane, Australia";"2022-04-29";"positivo";"not bad";4;"app | music | better | awesome | spotify"
4529;"amazing app all music ads after like 5-6 sounds easy to use";4;"female";"Canberra, Australia";"2022-07-06";"positivo";"amazing app all music ads after like sounds easy to use";4;"app | music | better | awesome | spotify"
4535;"formidable sin palabras(A+)";4;"female";"Perth, Australia";"2022-02-26";"positivo";"formidable sin palabras a";4;"app | music | better | awesome | spotify"
4542;"a bit too many ads";4;"female";"Nadi, Fiji";"2022-07-25";"positivo";"a bit too many ads";4;"app | music | better | awesome | spotify"
4553;"please add an equalizer";4;"female";"Buenos Aires, Argentina";"2022-01-31";"positivo";"please add an equalizer";4;"app | music | better | awesome | spotify"
4556;"old but gold";4;"female";"Perth, Australia";"2022-02-20";"positivo";"old but gold";4;"app | music | better | awesome | spotify"
4567;"Good, but not totally user friendly";4;"female";"Canberra, Australia";"2022-04-18";"positivo";"good but not totally user friendly";4;"app | music | better | awesome | spotify"
4589;"love";4;"female";"Queenstown, New Zealand";"2022-09-12";"positivo";"love";5;"love | app | music | much | amazing"
4590;"very good app.";4;"female";"Hobart, Australia";"2022-06-27";"positivo";"very good app";0;"good | app | music | experience | really"
4600;"Good";4;"female";"Nadi, Fiji";"2022-03-09";"positivo";"good";0;"good | app | music | experience | really"
4613;"a bit glitchy with liking and adding aongs to playlists but it works pretty good";4;"female";"Hobart, Australia";"2022-09-12";"positivo";"a bit glitchy with liking and adding aongs to playlists but it works pretty good";4;"app | music | better | awesome | spotify"
4626;"👍";4;"female";"Hobart, Australia";"2022-06-21";"positivo";"";4;"app | music | better | awesome | spotify"
4630;"GOOD app 😄💯";4;"female";"Canberra, Australia";"2022-10-13";"positivo";"good app";0;"good | app | music | experience | really"
4636;"IDK";4;"female";"Brisbane, Australia";"2022-07-21";"positivo";"idk";4;"app | music | better | awesome | spotify"
4637;"nice songs playing";4;"female";"Adelaide, Australia";"2022-03-18";"positivo";"nice songs playing";6;"nice | app | music | no | songs"
4641;"Better than Spotify";4;"female";"Auckland, New Zealand";"2022-05-06";"positivo";"better than spotify";4;"app | music | better | awesome | spotify"
4642;"better app than spotify";4;"female";"Canberra, Australia";"2022-07-18";"positivo";"better app than spotify";4;"app | music | better | awesome | spotify"
4652;"great app, but you have to pay to play some songs 💔";4;"female";"Gold Coast, Australia";"2022-04-08";"positivo";"great app but you have to pay to play some songs";4;"app | music | better | awesome | spotify"
4659;"♥️";4;"female";"Christchurch, New Zealand";"2022-03-17";"positivo";"";4;"app | music | better | awesome | spotify"
4666;"gd app👍";4;"female";"Suva, Fiji";"2022-05-02";"positivo";"gd app";4;"app | music | better | awesome | spotify"
4672;"this app is very good for uea";4;"female";"Canberra, Australia";"2022-04-13";"positivo";"this app is very good for uea";0;"good | app | music | experience | really"
4692;"Had my entire playlist disappeared, why? Got stranded when I had to DJ via serato software. Yall need to do better";4;"female";"Sydney, Australia";"2022-06-16";"positivo";"had my entire playlist disappeared why got stranded when i had to dj via serato software yall need to do better";4;"app | music | better | awesome | spotify"
4697;"👌👍";4;"female";"Port Moresby, Papua New Guinea";"2022-02-15";"positivo";"";4;"app | music | better | awesome | spotify"
4699;"Not much to comply for free music ❤️";4;"female";"Gold Coast, Australia";"2022-03-29";"positivo";"not much to comply for free music";4;"app | music | better | awesome | spotify"
4700;"it keeps pausing the music. It happens more when I use Pinterest while listening to music.";4;"female";"Port Moresby, Papua New Guinea";"2022-03-03";"positivo";"it keeps pausing the music it happens more when i use pinterest while listening to music";4;"app | music | better | awesome | spotify"
4702;"Ads in between songs like spotify. That's why I left mixcloud";4;"female";"Gold Coast, Australia";"2022-09-16";"positivo";"ads in between songs like spotify that s why i left mixcloud";4;"app | music | better | awesome | spotify"
4713;"Best app I can select and find music of my choice.very useful.";4;"female";"Canberra, Australia";"2022-07-01";"positivo";"best app i can select and find music of my choice very useful";1;"best | app | music | ever | listen"
4734;"So there's this issue where if I click on a song to listen to, it'll skip the song I chose and go on to play the next one. It's a bit annoying but still usable.";4;"female";"Queenstown, New Zealand";"2022-09-02";"positivo";"so there s this issue where if i click on a song to listen to it ll skip the song i chose and go on to play the next one it s a bit annoying but still usable";4;"app | music | better | awesome | spotify"
4739;"Love it, but I dislike the ads, I would prefer pop-up ads.";4;"female";"Gold Coast, Australia";"2022-04-13";"positivo";"love it but i dislike the ads i would prefer pop up ads";4;"app | music | better | awesome | spotify"
4748;"Awesome 👌";4;"female";"Brisbane, Australia";"2022-05-29";"positivo";"awesome";4;"app | music | better | awesome | spotify"
4755;"The ever best song app .";4;"female";"Christchurch, New Zealand";"2022-06-27";"positivo";"the ever best song app";1;"best | app | music | ever | listen"
4759;"good but I'm broke to buy the SoundCloud Go😔";4;"female";"Adelaide, Australia";"2022-02-15";"positivo";"good but i m broke to buy the soundcloud go";4;"app | music | better | awesome | spotify"
4764;"good app, but the bitrate isn't as high as some other streaming services, so keep that in mind Edit: Also, you get a lot of ads if you're on a free account.";4;"female";"Port Moresby, Papua New Guinea";"2022-07-05";"positivo";"good app but the bitrate isn t as high as some other streaming services so keep that in mind edit also you get a lot of ads if you re on a free account";4;"app | music | better | awesome | spotify"
4770;"kewl";4;"female";"Auckland, New Zealand";"2022-02-13";"positivo";"kewl";4;"app | music | better | awesome | spotify"
4780;"Very good to me";4;"female";"Brisbane, Australia";"2022-10-02";"positivo";"very good to me";0;"good | app | music | experience | really"
4786;"I pause the song right as it loops. And now it wont play at all. Ive tried uninstalling and reinstalling. Doesn't fix the problem. I dont know what to do Edt: Nevermind all I needed was a phone restart";4;"female";"Brisbane, Australia";"2022-08-05";"positivo";"i pause the song right as it loops and now it wont play at all ive tried uninstalling and reinstalling doesn t fix the problem i dont know what to do edt nevermind all i needed was a phone restart";4;"app | music | better | awesome | spotify"
4791;"The app is still fine, but the amount of ads had increased tremendously. If you could tone it down a bit, that'd be great.";4;"female";"Adelaide, Australia";"2022-10-03";"positivo";"the app is still fine but the amount of ads had increased tremendously if you could tone it down a bit that d be great";4;"app | music | better | awesome | spotify"
4816;"Have been using soundcloud for years and absolutely love listening to the musical talents of music creators. The best platform for music in my opinion.";4;"female";"Christchurch, New Zealand";"2022-08-13";"positivo";"have been using soundcloud for years and absolutely love listening to the musical talents of music creators the best platform for music in my opinion";4;"app | music | better | awesome | spotify"
4825;"The app is fantastic, but not downloading automatically every time a song is added to the playlist. Can you please fix that error soundcloud.";4;"female";"Brisbane, Australia";"2022-05-12";"positivo";"the app is fantastic but not downloading automatically every time a song is added to the playlist can you please fix that error soundcloud";4;"app | music | better | awesome | spotify"
4831;"Very good music app. But a big disadvantages is there's no Lyrics of the songs and there's not all original versions of songs in this app";4;"female";"Queenstown, New Zealand";"2022-03-25";"positivo";"very good music app but a big disadvantages is there s no lyrics of the songs and there s not all original versions of songs in this app";4;"app | music | better | awesome | spotify"
4836;"Best👌";4;"female";"Gold Coast, Australia";"2022-03-16";"positivo";"best";1;"best | app | music | ever | listen"
4846;"Lagging quite a bit since the last update, and now FULL of ads compared to what it used to be... But still alright.";4;"female";"Canberra, Australia";"2022-09-14";"positivo";"lagging quite a bit since the last update and now full of ads compared to what it used to be but still alright";4;"app | music | better | awesome | spotify"
4852;"great app.";4;"female";"Nadi, Fiji";"2022-06-15";"positivo";"great app";2;"great | app | music | back | really"
4864;"good";4;"female";"Canberra, Australia";"2022-02-15";"positivo";"good";0;"good | app | music | experience | really"
4866;"Was a 5 before but now its a 4. I've hated the past few updates. the changes have made the app much worse especially while listening and driving. It started when they got rid of playlists moving to the top after adding a song to that list. Now the songs just stop coming after a certain point instead of showing me something new or I'll shuffle a playlist of 100 songs, it'll play 10 songs, maybe show me 2 new ones and stop playing till I pick another playlist. I'm paying for an app to get worse...";4;"female";"Canberra, Australia";"2022-06-26";"positivo";"was a before but now its a i ve hated the past few updates the changes have made the app much worse especially while listening and driving it started when they got rid of playlists moving to the top after adding a song to that list now the songs just stop coming after a certain point instead of showing me something new or i ll shuffle a playlist of songs it ll play songs maybe show me new ones and stop playing till i pick another playlist i m paying for an app to get worse";4;"app | music | better | awesome | spotify"
4868;"Its good jst wish it coukd olay music while on the phone not gone lie😔";4;"female";"Queenstown, New Zealand";"2022-08-21";"positivo";"its good jst wish it coukd olay music while on the phone not gone lie";4;"app | music | better | awesome | spotify"
4877;"ELEGANT NEW LIGHT";4;"female";"Sydney, Australia";"2022-07-19";"positivo";"elegant new light";4;"app | music | better | awesome | spotify"
4881;"one of my top 3 music apps. where I go to discover new tunez";4;"female";"Perth, Australia";"2022-06-19";"positivo";"one of my top music apps where i go to discover new tunez";4;"app | music | better | awesome | spotify"
4893;"جميل";4;"female";"Canberra, Australia";"2022-06-08";"positivo";"جميل";4;"app | music | better | awesome | spotify"
4895;"Please let's affiliate friends ever instance.";4;"female";"Christchurch, New Zealand";"2022-08-05";"positivo";"please let s affiliate friends ever instance";4;"app | music | better | awesome | spotify"
4896;"great app";4;"female";"Auckland, New Zealand";"2022-07-19";"positivo";"great app";2;"great | app | music | back | really"
4901;"good";4;"female";"Perth, Australia";"2022-02-18";"positivo";"good";0;"good | app | music | experience | really"
4902;"love this app, some unfounded gems";4;"female";"Brisbane, Australia";"2022-09-11";"positivo";"love this app some unfounded gems";5;"love | app | music | much | amazing"
4908;"great";4;"female";"Wellington, New Zealand";"2022-08-10";"positivo";"great";2;"great | app | music | back | really"
4911;"We need more songs available Brazil, please! I love the app.";4;"female";"Santa Cruz, Bolivia";"2022-01-28";"positivo";"we need more songs available brazil please i love the app";4;"app | music | better | awesome | spotify"
4917;"Nice";4;"female";"Brisbane, Australia";"2022-06-24";"positivo";"nice";6;"nice | app | music | no | songs"
4925;"I had nice experience";4;"female";"Nadi, Fiji";"2022-10-02";"positivo";"i had nice experience";6;"nice | app | music | no | songs"
4939;"Loving this app it is great for driving/traveling";4;"female";"Sydney, Australia";"2022-09-24";"positivo";"loving this app it is great for driving traveling";2;"great | app | music | back | really"
4940;"good";4;"female";"Cali, Colombia";"2022-01-30";"positivo";"good";0;"good | app | music | experience | really"
4957;"relaxing";4;"female";"Queenstown, New Zealand";"2022-04-24";"positivo";"relaxing";4;"app | music | better | awesome | spotify"
4963;"You can add sleep time";4;"female";"Brisbane, Australia";"2022-08-10";"positivo";"you can add sleep time";4;"app | music | better | awesome | spotify"
4980;"Chris Sims Top top house Dj";4;"female";"Gold Coast, Australia";"2022-09-01";"positivo";"chris sims top top house dj";4;"app | music | better | awesome | spotify"
4983;"It's a great app, but it would be nice to have more options to control which song or playlist is playing on other devices from your mobile. I don't use Chromecast, apple devices or android TV, just the normal android app on mobile and windows app on laptop, so there are no available options to do it. Also, it would be nice to be able to reshape to android widget. Right now it's not possible to make it symmetrical, which makes it impossible to use for someone with OCD.";4;"female";"Nadi, Fiji";"2022-03-27";"positivo";"it s a great app but it would be nice to have more options to control which song or playlist is playing on other devices from your mobile i don t use chromecast apple devices or android tv just the normal android app on mobile and windows app on laptop so there are no available options to do it also it would be nice to be able to reshape to android widget right now it s not possible to make it symmetrical which makes it impossible to use for someone with ocd";4;"app | music | better | awesome | spotify"
4985;"this app is really good, you can upload music (despite turning the song numbers into a minute limit). its alot better than spotify as you can find more underground and obscure song artists.";4;"female";"Perth, Australia";"2022-04-30";"positivo";"this app is really good you can upload music despite turning the song numbers into a minute limit its alot better than spotify as you can find more underground and obscure song artists";4;"app | music | better | awesome | spotify"
4987;"I Think your Fvrt songs here !";4;"female";"Suva, Fiji";"2022-07-25";"positivo";"i think your fvrt songs here";4;"app | music | better | awesome | spotify"
4991;"Very beautiful music play free answer I will make someone else interested in listening";4;"female";"Brisbane, Australia";"2022-07-26";"positivo";"very beautiful music play free answer i will make someone else interested in listening";4;"app | music | better | awesome | spotify"
4995;"Really like this app but it keeps cutting out in the middle of my music 😞";4;"female";"Wellington, New Zealand";"2022-06-06";"positivo";"really like this app but it keeps cutting out in the middle of my music";3;"like | app | music | really | songs"
5001;"only thing wrong with it is the amount of adds";4;"female";"Perth, Australia";"2022-07-27";"positivo";"only thing wrong with it is the amount of adds";4;"app | music | better | awesome | spotify"
5028;"No ads.... but some songs isn't available in my country!";4;"female";"Perth, Australia";"2022-07-22";"positivo";"no ads but some songs isn t available in my country";4;"app | music | better | awesome | spotify"
5045;"not bad for a music app. could use a little less ads, but overall, it's good";4;"female";"Gold Coast, Australia";"2022-03-01";"positivo";"not bad for a music app could use a little less ads but overall it s good";4;"app | music | better | awesome | spotify"
5051;"it's good";4;"female";"Queenstown, New Zealand";"2022-04-16";"positivo";"it s good";0;"good | app | music | experience | really"
5063;"Let me play first";4;"female";"Lima, Peru";"2022-01-19";"positivo";"let me play first";4;"app | music | better | awesome | spotify"
5076;"just Cba for ads not Tryna pay";4;"female";"Port Moresby, Papua New Guinea";"2022-04-08";"positivo";"just cba for ads not tryna pay";4;"app | music | better | awesome | spotify"
5092;"Needs Crossfade function! Important to DJ with playlist.";4;"female";"Canberra, Australia";"2022-08-17";"positivo";"needs crossfade function important to dj with playlist";4;"app | music | better | awesome | spotify"
5101;"Una buena app, pero desde la última actualización las músicas se han estado trabando, hay basrantes bugs cuando agregas o borras una canción en ru playlist, y es muy molesto.";4;"female";"Perth, Australia";"2022-09-02";"positivo";"una buena app pero desde la última actualización las músicas se han estado trabando hay basrantes bugs cuando agregas o borras una canción en ru playlist y es muy molesto";4;"app | music | better | awesome | spotify"
5106;"wish they would add veiw lyrics (for free)";4;"female";"Melbourne, Australia";"2022-07-16";"positivo";"wish they would add veiw lyrics for free";4;"app | music | better | awesome | spotify"
5107;"برنامه ی خیلی خوبیه اما توی لاگین مشکل پیدا کردمو با اینکه اکانت دارم برای وریفای کردن اخطار میده و نمیزاره کامنت بزارم زیر سانگا...کد تاییدش هم که اصلا تو ایمیلم نمیاد. لطفا اگه کسی راه حلی بلده راهنمایی کنه.متشکرم";4;"female";"Hobart, Australia";"2022-06-30";"positivo";"برنامه ی خیلی خوبیه اما توی لاگین مشکل پیدا کردمو با اینکه اکانت دارم برای وریفای کردن اخطار میده و نمیزاره کامنت بزارم زیر سانگا کد تاییدش هم که اصلا تو ایمیلم نمیاد لطفا اگه کسی راه حلی بلده راهنمایی کنه متشکرم";4;"app | music | better | awesome | spotify"
5110;"Cut back on the breaks";4;"female";"Canberra, Australia";"2022-08-29";"positivo";"cut back on the breaks";4;"app | music | better | awesome | spotify"
5120;"Pay subscription -.-. Even Ad free only per month can't be justified. Server data Does not cost that much. $5 per year per person should be enough for data held.";4;"female";"Caracas, Venezuela";"2022-01-31";"positivo";"pay subscription even ad free only per month can t be justified server data does not cost that much per year per person should be enough for data held";4;"app | music | better | awesome | spotify"
5133;"It's good.";4;"female";"Montevideo, Uruguay";"2022-01-14";"positivo";"it s good";0;"good | app | music | experience | really"
5137;"I love this app is just its not allowing me to listern offline";4;"female";"Nadi, Fiji";"2022-02-13";"positivo";"i love this app is just its not allowing me to listern offline";5;"love | app | music | much | amazing"
5140;"Excllent app indeed. Nice to navigate thru. I have been a fan of Sou cloud for 12 years even before Apps, it has the best music platform for me";4;"female";"Melbourne, Australia";"2022-04-30";"positivo";"excllent app indeed nice to navigate thru i have been a fan of sou cloud for years even before apps it has the best music platform for me";4;"app | music | better | awesome | spotify"
5149;"Best platform for entertainment";4;"female";"Gold Coast, Australia";"2022-07-01";"positivo";"best platform for entertainment";1;"best | app | music | ever | listen"
5152;"Soundcloud is an amazing app, but recently it's not working.It says I'm not connected to the internet,even tho my internet works fine. Please look into this problem!";4;"female";"Suva, Fiji";"2022-06-17";"positivo";"soundcloud is an amazing app but recently it s not working it says i m not connected to the internet even tho my internet works fine please look into this problem";4;"app | music | better | awesome | spotify"
5173;"outstanding experiences";4;"female";"Queenstown, New Zealand";"2022-05-17";"positivo";"outstanding experiences";4;"app | music | better | awesome | spotify"
5182;"cool";4;"female";"Auckland, New Zealand";"2022-04-22";"positivo";"cool";4;"app | music | better | awesome | spotify"
5186;"everything is good besides you can't search songs with no internet so this app is not completely offline";4;"female";"Queenstown, New Zealand";"2022-04-23";"positivo";"everything is good besides you can t search songs with no internet so this app is not completely offline";4;"app | music | better | awesome | spotify"
5190;"a lot of ads 😭";4;"female";"Nadi, Fiji";"2022-05-03";"positivo";"a lot of ads";4;"app | music | better | awesome | spotify"
5201;"Please buy the UX guy responsible for the unintuitive ""repeat"" function location some creativity boosters";4;"female";"Adelaide, Australia";"2022-06-09";"positivo";"please buy the ux guy responsible for the unintuitive repeat function location some creativity boosters";4;"app | music | better | awesome | spotify"
5205;"Fantastic App";4;"female";"Hobart, Australia";"2022-07-27";"positivo";"fantastic app";4;"app | music | better | awesome | spotify"
5219;"Love the app! I can move songs around in playlists, something I haven't been able to do on Spotify for a while. However, Spotify doesn't lock any songs behind premium. The only change I'd make is to put some features like comments on Go+ instead of more songs.";4;"female";"Hobart, Australia";"2022-09-06";"positivo";"love the app i can move songs around in playlists something i haven t been able to do on spotify for a while however spotify doesn t lock any songs behind premium the only change i d make is to put some features like comments on go instead of more songs";4;"app | music | better | awesome | spotify"
5275;"SoundCloud is a good music player app I would suggest to a friend 100% I like how it gives an option for their ""upgrade account"" and their free parts MOSTLY FREE but I gave four stars because I love the app but WE NEED A PLAY ON LOOP OPTION SoundCloud if you're reading this please give it to me 🫠";4;"female";"Nadi, Fiji";"2022-08-25";"positivo";"soundcloud is a good music player app i would suggest to a friend i like how it gives an option for their upgrade account and their free parts mostly free but i gave four stars because i love the app but we need a play on loop option soundcloud if you re reading this please give it to me";4;"app | music | better | awesome | spotify"
5281;"easy for uploading music and easy for listening to music. if your thinking about getting this app, just know that if you don't buy the upgrades soundcloud will give you ads";4;"female";"Adelaide, Australia";"2022-03-01";"positivo";"easy for uploading music and easy for listening to music if your thinking about getting this app just know that if you don t buy the upgrades soundcloud will give you ads";4;"app | music | better | awesome | spotify"
5286;"nice but four stars coz it says some songs ain't found in ma country";4;"female";"Christchurch, New Zealand";"2022-07-01";"positivo";"nice but four stars coz it says some songs ain t found in ma country";4;"app | music | better | awesome | spotify"
5288;"ok thanks for asking me";4;"female";"Brisbane, Australia";"2022-03-17";"positivo";"ok thanks for asking me";4;"app | music | better | awesome | spotify"
5289;"good 👍 one";4;"female";"Auckland, New Zealand";"2022-07-29";"positivo";"good one";4;"app | music | better | awesome | spotify"
5290;"The app is good and easy to search music but to listen music offline need pay and some music don't have";4;"female";"Port Moresby, Papua New Guinea";"2022-06-02";"positivo";"the app is good and easy to search music but to listen music offline need pay and some music don t have";4;"app | music | better | awesome | spotify"
5307;"جيد";4;"female";"Nadi, Fiji";"2022-07-27";"positivo";"جيد";4;"app | music | better | awesome | spotify"
5312;"bangin";4;"female";"Canberra, Australia";"2022-04-01";"positivo";"bangin";4;"app | music | better | awesome | spotify"
5315;"keeps glitching. pls fix";4;"female";"Gold Coast, Australia";"2022-09-24";"positivo";"keeps glitching pls fix";4;"app | music | better | awesome | spotify"
5353;"works great, few issues even when switching between car, headphones, other. wish you could purchase songs direct from the app and it made it playlists more seamless between mobile app and PC";4;"female";"Melbourne, Australia";"2022-04-21";"positivo";"works great few issues even when switching between car headphones other wish you could purchase songs direct from the app and it made it playlists more seamless between mobile app and pc";4;"app | music | better | awesome | spotify"
5355;"great variety of music, the user experience could be improved tho";4;"female";"Córdoba, Argentina";"2022-01-06";"positivo";"great variety of music the user experience could be improved tho";4;"app | music | better | awesome | spotify"
5356;"can't download 😪";4;"female";"Canberra, Australia";"2022-03-21";"positivo";"can t download";4;"app | music | better | awesome | spotify"
5360;"Great app for listening to different content 😀👍🏼";4;"female";"Melbourne, Australia";"2022-10-09";"positivo";"great app for listening to different content";4;"app | music | better | awesome | spotify"
5369;"it's good, still prefer Spotify's surplus of songs and podcasts but it's nice to not have ads every 5 songs";4;"female";"Adelaide, Australia";"2022-06-07";"positivo";"it s good still prefer spotify s surplus of songs and podcasts but it s nice to not have ads every songs";4;"app | music | better | awesome | spotify"
5370;"I like it but to many adds";4;"female";"Canberra, Australia";"2022-03-03";"positivo";"i like it but to many adds";3;"like | app | music | really | songs"
5388;"good app for songs";4;"female";"Fortaleza, Brazil";"2022-01-31";"positivo";"good app for songs";0;"good | app | music | experience | really"
5400;"ads are too frequent and long. 30 seconds is to long when you are driving. 15 seconds is more reasonable. and playing an ad after every song is just hateful. after 5 consistent songs is reasonable.";4;"female";"Gold Coast, Australia";"2022-02-20";"positivo";"ads are too frequent and long seconds is to long when you are driving seconds is more reasonable and playing an ad after every song is just hateful after consistent songs is reasonable";4;"app | music | better | awesome | spotify"
5408;"fan of ten years";4;"female";"Nadi, Fiji";"2022-06-23";"positivo";"fan of ten years";4;"app | music | better | awesome | spotify"
5426;"Super";5;"female";"Suva, Fiji";"2025-09-17";"positivo";"super";4;"app | music | better | awesome | spotify"
5444;"so much fun I can't quit! 😁";5;"female";"Guayaquil, Ecuador";"2025-04-15";"positivo";"so much fun i can t quit";4;"app | music | better | awesome | spotify"
5448;"very good";5;"female";"Brasília, Brazil";"2025-04-10";"positivo";"very good";0;"good | app | music | experience | really"
5459;"good 👍😊";5;"female";"Nadi, Fiji";"2025-10-16";"positivo";"good";0;"good | app | music | experience | really"
5464;"igrok✅";5;"female";"Bogotá, Colombia";"2025-04-27";"positivo";"igrok";4;"app | music | better | awesome | spotify"
5472;"Commercials are the only issues, but at the end of the day, it works like a charm.";5;"female";"Sydney, Australia";"2025-05-11";"positivo";"commercials are the only issues but at the end of the day it works like a charm";4;"app | music | better | awesome | spotify"
5490;"Good";5;"female";"Wellington, New Zealand";"2025-07-31";"positivo";"good";0;"good | app | music | experience | really"
5492;"Best app";5;"female";"Wellington, New Zealand";"2025-08-20";"positivo";"best app";1;"best | app | music | ever | listen"
5493;"i had it before but i can't sign in in this phone";5;"female";"Salvador, Brazil";"2025-03-30";"positivo";"i had it before but i can t sign in in this phone";4;"app | music | better | awesome | spotify"
5502;"😊";5;"female";"Nadi, Fiji";"2025-10-03";"positivo";"";4;"app | music | better | awesome | spotify"
5509;"it was good, no more ads, no more paying for music, no more SPOTIFYY.";5;"female";"Melbourne, Australia";"2025-11-03";"positivo";"it was good no more ads no more paying for music no more spotifyy";4;"app | music | better | awesome | spotify"
5517;"after being a subscriber to most of these music apps, I prefer SoundCloud. It has a vibe that I enjoy and look forward to using the app every day! Plus, if you're on the free plan, they are not bombarding you with ads. Highly recommended.";5;"female";"Brasília, Brazil";"2025-04-08";"positivo";"after being a subscriber to most of these music apps i prefer soundcloud it has a vibe that i enjoy and look forward to using the app every day plus if you re on the free plan they are not bombarding you with ads highly recommended";4;"app | music | better | awesome | spotify"
5518;"Great. I love chillout music. I have done for 25 years, my favourite is Chicane. I have most of We Are Astronauts music. I love people taking at the beginning of the tracks and part way through. Keep it up.";5;"female";"Perth, Australia";"2025-11-07";"positivo";"great i love chillout music i have done for years my favourite is chicane i have most of we are astronauts music i love people taking at the beginning of the tracks and part way through keep it up";4;"app | music | better | awesome | spotify"
5521;"its a really wonderful journey";5;"female";"Lima, Peru";"2025-04-21";"positivo";"its a really wonderful journey";4;"app | music | better | awesome | spotify"
5523;"it's good";5;"female";"Adelaide, Australia";"2025-10-06";"positivo";"it s good";0;"good | app | music | experience | really"
5535;"good";5;"female";"Gold Coast, Australia";"2025-11-13";"positivo";"good";0;"good | app | music | experience | really"
5537;"this is a good music. listen to it.";5;"female";"Canberra, Australia";"2025-12-29";"positivo";"this is a good music listen to it";4;"app | music | better | awesome | spotify"
5540;"This app deserves 5 stars I will recommend this app over spotify";5;"female";"Melbourne, Australia";"2025-12-09";"positivo";"this app deserves stars i will recommend this app over spotify";4;"app | music | better | awesome | spotify"
5549;"சப்த மேகம் 🎇🪽🖤";5;"female";"Christchurch, New Zealand";"2025-06-13";"positivo";"சப த ம கம";4;"app | music | better | awesome | spotify"
5559;"Instagram for artists";5;"female";"Christchurch, New Zealand";"2025-05-06";"positivo";"instagram for artists";4;"app | music | better | awesome | spotify"
5563;"excellent music";5;"female";"Suva, Fiji";"2025-12-23";"positivo";"excellent music";4;"app | music | better | awesome | spotify"
5571;"Good but make playlist limited more than 500";5;"female";"Port Moresby, Papua New Guinea";"2025-06-02";"positivo";"good but make playlist limited more than";4;"app | music | better | awesome | spotify"
5578;"Perfect";5;"female";"Brisbane, Australia";"2025-08-07";"positivo";"perfect";7;"perfect | music | update | much | love"
5583;"amazing";5;"female";"Canberra, Australia";"2025-06-04";"positivo";"amazing";4;"app | music | better | awesome | spotify"
5597;"take free downlod for all of people... this media is so amazing,iam live iran and i cant have some music,so hard... please listen & give ophtions sorry to my dictathoin!😅 iam inglish 50/50🤣";5;"female";"Adelaide, Australia";"2025-10-19";"positivo";"take free downlod for all of people this media is so amazing iam live iran and i cant have some music so hard please listen give ophtions sorry to my dictathoin iam inglish";4;"app | music | better | awesome | spotify"
5602;"Amazing";5;"female";"Perth, Australia";"2025-12-25";"positivo";"amazing";4;"app | music | better | awesome | spotify"
5622;"ok";5;"female";"Queenstown, New Zealand";"2025-05-17";"positivo";"ok";4;"app | music | better | awesome | spotify"
5623;"good place";5;"female";"Perth, Australia";"2025-09-12";"positivo";"good place";4;"app | music | better | awesome | spotify"
5625;"What happened to the recommended artists section? Bring it back";5;"female";"Gold Coast, Australia";"2025-07-17";"positivo";"what happened to the recommended artists section bring it back";4;"app | music | better | awesome | spotify"
5644;"it sure is a MUSICLOVERs platform 💯🙌";5;"female";"Brisbane, Australia";"2025-11-11";"positivo";"it sure is a musiclovers platform";4;"app | music | better | awesome | spotify"
5654;"Great music 🎵🎶";5;"female";"Adelaide, Australia";"2025-05-12";"positivo";"great music";2;"great | app | music | back | really"
5673;"you should give a free try to download";5;"female";"Christchurch, New Zealand";"2025-12-24";"positivo";"you should give a free try to download";4;"app | music | better | awesome | spotify"
5680;"very nice app";5;"female";"Caracas, Venezuela";"2025-04-27";"positivo";"very nice app";6;"nice | app | music | no | songs"
5701;"PLEASE Please remove Ads where you MUST watch them😭🙏🙏 I JUST WANT TO DRAW WHILE LISTENING TO IT IN THE BACKGROUND NOT WATCHING THE AD PLEASEEE..🥲 But IT'S goat, I use it instead of spotify. And I still dunno how to use spotify";5;"female";"Nadi, Fiji";"2025-06-29";"positivo";"please please remove ads where you must watch them i just want to draw while listening to it in the background not watching the ad pleaseee but it s goat i use it instead of spotify and i still dunno how to use spotify";4;"app | music | better | awesome | spotify"
5708;"best music streaming";5;"female";"Canberra, Australia";"2025-05-14";"positivo";"best music streaming";1;"best | app | music | ever | listen"
5718;"Am fif Young aka fresh talent Uganda";5;"female";"Valparaíso, Chile";"2025-04-28";"positivo";"am fif young aka fresh talent uganda";4;"app | music | better | awesome | spotify"
5723;"Really great";5;"female";"Salvador, Brazil";"2025-04-06";"positivo";"really great";2;"great | app | music | back | really"
5727;"It's amazing, no doubt in my mind, I don't care what others say, SoundCloud is one of, if not the greatest, music apps to exist.";5;"female";"Canberra, Australia";"2025-06-29";"positivo";"it s amazing no doubt in my mind i don t care what others say soundcloud is one of if not the greatest music apps to exist";4;"app | music | better | awesome | spotify"
5733;"Really wonderful app with great GUI. At's completely free and too without Ads. Tt's better than spotify.";5;"female";"Port Moresby, Papua New Guinea";"2025-06-19";"positivo";"really wonderful app with great gui at s completely free and too without ads tt s better than spotify";4;"app | music | better | awesome | spotify"
5735;"peak";5;"female";"Hobart, Australia";"2025-05-19";"positivo";"peak";4;"app | music | better | awesome | spotify"
5742;"Best Music App❣️";5;"female";"Perth, Australia";"2025-06-21";"positivo";"best music app";1;"best | app | music | ever | listen"
5743;"👍 good";5;"female";"Wellington, New Zealand";"2025-09-11";"positivo";"good";0;"good | app | music | experience | really"
5746;"Great App, I would recommend!♡";5;"female";"Medellín, Colombia";"2025-04-11";"positivo";"great app i would recommend";2;"great | app | music | back | really"
5747;"ok";5;"female";"Nadi, Fiji";"2025-12-02";"positivo";"ok";4;"app | music | better | awesome | spotify"
5752;"this app is awesome";5;"female";"Brisbane, Australia";"2025-05-25";"positivo";"this app is awesome";4;"app | music | better | awesome | spotify"
5758;"Bring the orange back. It's hard to find the app sometimes for me. I forget it's black. I know I'm not the only one who thinks it! Give me some shares while you're at it";5;"female";"Nadi, Fiji";"2025-11-17";"positivo";"bring the orange back it s hard to find the app sometimes for me i forget it s black i know i m not the only one who thinks it give me some shares while you re at it";4;"app | music | better | awesome | spotify"
5764;"been using for years. I don't need to say much besides every time I think of something they need to add, they actually do sometimes late but still.";5;"female";"Bogotá, Colombia";"2025-03-28";"positivo";"been using for years i don t need to say much besides every time i think of something they need to add they actually do sometimes late but still";4;"app | music | better | awesome | spotify"
5766;"The Best App to find Unique Music. The Algorithms/AI or whatwver they use to suggest music based off songs we listen to has introduced me to songs I'll listen to for a lifetime.";5;"female";"Port Moresby, Papua New Guinea";"2025-11-10";"positivo";"the best app to find unique music the algorithms ai or whatwver they use to suggest music based off songs we listen to has introduced me to songs i ll listen to for a lifetime";4;"app | music | better | awesome | spotify"
5778;"great app";5;"female";"Brasília, Brazil";"2025-04-20";"positivo";"great app";2;"great | app | music | back | really"
5780;"better";5;"female";"Port Moresby, Papua New Guinea";"2025-10-11";"positivo";"better";4;"app | music | better | awesome | spotify"
5781;"Good 😊👍";5;"female";"Salvador, Brazil";"2025-03-26";"positivo";"good";0;"good | app | music | experience | really"
5798;"it's cool except for no ad sub. policy :/";5;"female";"Port Moresby, Papua New Guinea";"2025-06-05";"positivo";"it s cool except for no ad sub policy";4;"app | music | better | awesome | spotify"
5806;"nice music app";5;"female";"Christchurch, New Zealand";"2025-12-28";"positivo";"nice music app";6;"nice | app | music | no | songs"
5808;"love listening to music 🔊🔊";5;"female";"Queenstown, New Zealand";"2025-07-19";"positivo";"love listening to music";5;"love | app | music | much | amazing"
5809;"Best";5;"female";"Wellington, New Zealand";"2025-11-26";"positivo";"best";1;"best | app | music | ever | listen"
5810;"best app";5;"female";"Brasília, Brazil";"2025-04-11";"positivo";"best app";1;"best | app | music | ever | listen"
5813;"it so good";5;"female";"La Paz, Bolivia";"2025-04-17";"positivo";"it so good";0;"good | app | music | experience | really"
5814;"Great app";5;"female";"Wellington, New Zealand";"2025-09-19";"positivo";"great app";2;"great | app | music | back | really"
5816;"excellent the best app 2025";5;"female";"Córdoba, Argentina";"2025-04-05";"positivo";"excellent the best app";1;"best | app | music | ever | listen"
5819;"first time using SoundCloud. within 5 minutes SoundCloud had developed my first Playlist. simply amazing. getting me directly in touch with my music 🎶 🎵!!! I'm composing several albums currently. I sing symphonic metal, or, SyMeT, as I call the genre. hope to meet you in Artists one day soon. download SoundCloud now RobB ✝️✡️☮️💙🖖🐞👣";5;"female";"Port Moresby, Papua New Guinea";"2025-10-11";"positivo";"first time using soundcloud within minutes soundcloud had developed my first playlist simply amazing getting me directly in touch with my music i m composing several albums currently i sing symphonic metal or symet as i call the genre hope to meet you in artists one day soon download soundcloud now robb";4;"app | music | better | awesome | spotify"
5828;"Absolutely Brilliant App";5;"female";"Queenstown, New Zealand";"2025-07-27";"positivo";"absolutely brilliant app";4;"app | music | better | awesome | spotify"
5832;"I love sound cloud so much! It's better than Spotify and my first favorite music streaming app, It's so fun too, I don't really care if some songs cost GO at least it doesn't show up an add in the middle of your song like Spotify, and when you play your song it doesn't play any other random songs you didn't even want to listen like Spotify, and y'all aren't money hungry and cash grabbers like Spotify, you have my whole heart SoundCloud ❤️";5;"female";"Port Moresby, Papua New Guinea";"2025-07-07";"positivo";"i love sound cloud so much it s better than spotify and my first favorite music streaming app it s so fun too i don t really care if some songs cost go at least it doesn t show up an add in the middle of your song like spotify and when you play your song it doesn t play any other random songs you didn t even want to listen like spotify and y all aren t money hungry and cash grabbers like spotify you have my whole heart soundcloud";4;"app | music | better | awesome | spotify"
5833;"Heaps of gooDs make a runner go wild while it the sound comes to play.";5;"female";"Caracas, Venezuela";"2025-04-03";"positivo";"heaps of goods make a runner go wild while it the sound comes to play";4;"app | music | better | awesome | spotify"
5834;"BETTER THAN SPOTIFY!!";5;"female";"Christchurch, New Zealand";"2025-06-02";"positivo";"better than spotify";4;"app | music | better | awesome | spotify"
5836;"nice 👍🏼";5;"female";"Quito, Ecuador";"2025-04-05";"positivo";"nice";6;"nice | app | music | no | songs"
5837;"Gooooood app";5;"female";"Asunción, Paraguay";"2025-03-27";"positivo";"gooooood app";4;"app | music | better | awesome | spotify"
5844;"very bad, hope to improve and be the best as before. I know that you can do it again.";5;"female";"Guayaquil, Ecuador";"2025-03-26";"positivo";"very bad hope to improve and be the best as before i know that you can do it again";4;"app | music | better | awesome | spotify"
5857;"but some of them unavailable in my country and is unfair";5;"female";"Canberra, Australia";"2025-08-02";"positivo";"but some of them unavailable in my country and is unfair";4;"app | music | better | awesome | spotify"
5870;"love";5;"female";"Sydney, Australia";"2025-09-30";"positivo";"love";5;"love | app | music | much | amazing"
5875;"Love this app!!!";5;"female";"Brisbane, Australia";"2025-12-14";"positivo";"love this app";5;"love | app | music | much | amazing"
5881;"👌👌";5;"female";"Hobart, Australia";"2025-08-26";"positivo";"";4;"app | music | better | awesome | spotify"
5886;"Party uninterrupted";5;"female";"Melbourne, Australia";"2025-05-14";"positivo";"party uninterrupted";4;"app | music | better | awesome | spotify"
5890;"wedabest!. GODLY! RESPECTFULLY GAWDLY!!!!!!!!!!!!!!!!!!!!";5;"female";"Queenstown, New Zealand";"2025-11-01";"positivo";"wedabest godly respectfully gawdly";4;"app | music | better | awesome | spotify"
5897;"Very good";5;"female";"Wellington, New Zealand";"2025-06-23";"positivo";"very good";0;"good | app | music | experience | really"
5905;"بهترین سایت موسیقی";5;"female";"Hobart, Australia";"2025-06-24";"positivo";"بهترین سایت موسیقی";4;"app | music | better | awesome | spotify"
5918;"Its good. like how if yo data too slow they dont care abt the ads.";5;"female";"Nadi, Fiji";"2025-10-16";"positivo";"its good like how if yo data too slow they dont care abt the ads";4;"app | music | better | awesome | spotify"
5924;"Cheaper version of spotify but better";5;"female";"Hobart, Australia";"2025-07-31";"positivo";"cheaper version of spotify but better";4;"app | music | better | awesome | spotify"
5930;"so good in bhutan";5;"female";"Adelaide, Australia";"2025-06-16";"positivo";"so good in bhutan";0;"good | app | music | experience | really"
5948;"love music 🎶 sharing! my favorite artists started here";5;"female";"Brisbane, Australia";"2025-07-23";"positivo";"love music sharing my favorite artists started here";4;"app | music | better | awesome | spotify"
5950;"Good app for music and service is 👍";5;"female";"Queenstown, New Zealand";"2025-07-08";"positivo";"good app for music and service is";4;"app | music | better | awesome | spotify"
5952;"Easy uploading";5;"female";"Córdoba, Argentina";"2025-03-23";"positivo";"easy uploading";4;"app | music | better | awesome | spotify"
5954;"everything you could need";5;"female";"Gold Coast, Australia";"2025-07-25";"positivo";"everything you could need";4;"app | music | better | awesome | spotify"
5961;"nice 👍🙂";5;"female";"Melbourne, Australia";"2025-10-08";"positivo";"nice";6;"nice | app | music | no | songs"
5972;"👂";5;"female";"Gold Coast, Australia";"2025-11-05";"positivo";"";4;"app | music | better | awesome | spotify"
5992;"easy to find what you will be searching";5;"female";"Queenstown, New Zealand";"2025-09-23";"positivo";"easy to find what you will be searching";4;"app | music | better | awesome | spotify"
5993;"It is very good, but some songs come";5;"female";"Canberra, Australia";"2025-08-07";"positivo";"it is very good but some songs come";4;"app | music | better | awesome | spotify"
5994;"Nice";5;"female";"Perth, Australia";"2025-08-26";"positivo";"nice";6;"nice | app | music | no | songs"
5997;"The Best";5;"female";"Perth, Australia";"2025-06-22";"positivo";"the best";1;"best | app | music | ever | listen"
5999;"free subscriptions,";5;"female";"Auckland, New Zealand";"2025-10-23";"positivo";"free subscriptions";4;"app | music | better | awesome | spotify"
6004;"The most amazing app or there!";5;"female";"Christchurch, New Zealand";"2025-09-08";"positivo";"the most amazing app or there";4;"app | music | better | awesome | spotify"
6011;"I love everything about this app. The music has me floating right now";5;"female";"Wellington, New Zealand";"2025-06-19";"positivo";"i love everything about this app the music has me floating right now";4;"app | music | better | awesome | spotify"
6012;"good because Spotify is way";5;"female";"Lima, Peru";"2025-04-25";"positivo";"good because spotify is way";4;"app | music | better | awesome | spotify"
6014;"100%! Recommend not only is it better that Spotify but it never stops working! When I was using Spotify every time I tried to leave the app the song turned off! But this app has the best songs and good playlist and the premium is cheaper! 100%! :3";5;"female";"Brasília, Brazil";"2025-03-15";"positivo";"recommend not only is it better that spotify but it never stops working when i was using spotify every time i tried to leave the app the song turned off but this app has the best songs and good playlist and the premium is cheaper";4;"app | music | better | awesome | spotify"
6016;"💯 I'm glad and relieved to have finally replaced Amazon music. And I don't need to use all my personal info over the phone no less to find out that there is no way to retrieve my playlists of 5 years. SoundCloud you are the best!";5;"female";"Nadi, Fiji";"2025-12-12";"positivo";"i m glad and relieved to have finally replaced amazon music and i don t need to use all my personal info over the phone no less to find out that there is no way to retrieve my playlists of years soundcloud you are the best";4;"app | music | better | awesome | spotify"
6017;"not bad";5;"female";"Wellington, New Zealand";"2025-07-04";"positivo";"not bad";4;"app | music | better | awesome | spotify"
6018;"Good";5;"female";"Brisbane, Australia";"2025-09-30";"positivo";"good";0;"good | app | music | experience | really"
6023;"❤️❤️";5;"female";"Sydney, Australia";"2025-09-22";"positivo";"";4;"app | music | better | awesome | spotify"
6024;"Best best and best";5;"female";"Queenstown, New Zealand";"2025-11-28";"positivo";"best best and best";1;"best | app | music | ever | listen"
6030;"BEST APP !!!! GO TO SETTINGS AND CHANGE ICON IN ORANGE IF YOU WANT !!! and CHOOSE LIGHT OR DARK MODE !!!! the widget has change and become bigger wich is good !";5;"female";"Nadi, Fiji";"2025-10-14";"positivo";"best app go to settings and change icon in orange if you want and choose light or dark mode the widget has change and become bigger wich is good";4;"app | music | better | awesome | spotify"
6044;"that's crazy 😂🥊";5;"female";"Auckland, New Zealand";"2025-12-03";"positivo";"that s crazy";4;"app | music | better | awesome | spotify"
6055;"Wonderful 👍👍👍👍";5;"female";"Guayaquil, Ecuador";"2025-04-29";"positivo";"wonderful";4;"app | music | better | awesome | spotify"
6067;"goooood";5;"female";"Hobart, Australia";"2025-11-14";"positivo";"goooood";4;"app | music | better | awesome | spotify"
6072;"Go🔥🔥🔥";5;"female";"Adelaide, Australia";"2025-10-10";"positivo";"go";4;"app | music | better | awesome | spotify"
6078;"I have been listening on here for 6+ years and I am so happy I never switched to the other generic apps. Soundcloud is a gem of a music app : from the social aspect with feeds where you follow, comment, repost and chat, to another ""discover"" feed with a very addicting tiktok-like system that adapts to your likings to find hidden gems and explore the music world (I've actually replaced tiktok with it now) and a general creator friendly system pushing new talents on the scene, a total liberty.";5;"female";"Christchurch, New Zealand";"2025-12-10";"positivo";"i have been listening on here for years and i am so happy i never switched to the other generic apps soundcloud is a gem of a music app from the social aspect with feeds where you follow comment repost and chat to another discover feed with a very addicting tiktok like system that adapts to your likings to find hidden gems and explore the music world i ve actually replaced tiktok with it now and a general creator friendly system pushing new talents on the scene a total liberty";4;"app | music | better | awesome | spotify"
6083;"Best platform for DJ mixes and new artists, get on it and start exploring, you will not regret it.";5;"female";"Nadi, Fiji";"2025-09-27";"positivo";"best platform for dj mixes and new artists get on it and start exploring you will not regret it";4;"app | music | better | awesome | spotify"
6084;"would be nice to be able to add all of a single artists music to a single playlist at one time";5;"female";"Adelaide, Australia";"2025-08-24";"positivo";"would be nice to be able to add all of a single artists music to a single playlist at one time";4;"app | music | better | awesome | spotify"
6091;"pretty good";5;"female";"Perth, Australia";"2025-06-21";"positivo";"pretty good";4;"app | music | better | awesome | spotify"
6098;"Its just awesome , highly recommend it and the ui is so better";5;"female";"Port Moresby, Papua New Guinea";"2025-12-20";"positivo";"its just awesome highly recommend it and the ui is so better";4;"app | music | better | awesome | spotify"
6103;"Great app";5;"female";"Christchurch, New Zealand";"2025-11-28";"positivo";"great app";2;"great | app | music | back | really"
6114;"excellent";5;"female";"Queenstown, New Zealand";"2025-06-26";"positivo";"excellent";4;"app | music | better | awesome | spotify"
6122;"This app. soundcloud is the best app I found in the play store ,My experience on this soundcloud o really loves it a lot, because u can Listening to music around the world and you can upload your music and create your own Playlist. So Thank you soundcloud for this app.";5;"female";"Wellington, New Zealand";"2025-06-11";"positivo";"this app soundcloud is the best app i found in the play store my experience on this soundcloud o really loves it a lot because u can listening to music around the world and you can upload your music and create your own playlist so thank you soundcloud for this app";4;"app | music | better | awesome | spotify"
6127;"Awesome";5;"female";"Guayaquil, Ecuador";"2025-04-20";"positivo";"awesome";4;"app | music | better | awesome | spotify"
6134;"cool";5;"female";"Sydney, Australia";"2025-11-06";"positivo";"cool";4;"app | music | better | awesome | spotify"
6149;"I LOVE SOUNDCLOUD";5;"female";"Nadi, Fiji";"2025-11-11";"positivo";"i love soundcloud";5;"love | app | music | much | amazing"
6157;"Sach a great app";5;"female";"Gold Coast, Australia";"2025-08-07";"positivo";"sach a great app";2;"great | app | music | back | really"
6182;"Better than SoundCloud by a long shot.";5;"female";"Hobart, Australia";"2025-09-26";"positivo";"better than soundcloud by a long shot";4;"app | music | better | awesome | spotify"
6185;"it's the best app to listen to 🎶, Donde MEJOR puedes conseguir la.musica que te gusta..";5;"female";"Bogotá, Colombia";"2025-03-24";"positivo";"it s the best app to listen to donde mejor puedes conseguir la musica que te gusta";1;"best | app | music | ever | listen"
6186;"Amazing.";5;"female";"Gold Coast, Australia";"2025-05-18";"positivo";"amazing";4;"app | music | better | awesome | spotify"
6189;"Better then Spotify in my opinion";5;"female";"Sydney, Australia";"2025-09-09";"positivo";"better then spotify in my opinion";4;"app | music | better | awesome | spotify"
6193;"nice";5;"female";"Melbourne, Australia";"2025-11-23";"positivo";"nice";6;"nice | app | music | no | songs"
6195;"good appp on soundcloud";5;"female";"Wellington, New Zealand";"2025-09-28";"positivo";"good appp on soundcloud";0;"good | app | music | experience | really"
6198;"👋🏿⭐️⭐️⭐️⭐️⭐️👍🏿";5;"female";"Perth, Australia";"2025-10-08";"positivo";"";4;"app | music | better | awesome | spotify"
6201;"Best❤️❤️";5;"female";"Brasília, Brazil";"2025-03-09";"positivo";"best";1;"best | app | music | ever | listen"
6207;"Good app.";5;"female";"Adelaide, Australia";"2025-09-10";"positivo";"good app";0;"good | app | music | experience | really"
6224;"Zero ads";5;"female";"Brisbane, Australia";"2025-08-06";"positivo";"zero ads";4;"app | music | better | awesome | spotify"
6226;"This app gives us a magical experience, you are amazing guys, we love you 🤎";5;"female";"Lima, Peru";"2025-04-30";"positivo";"this app gives us a magical experience you are amazing guys we love you";4;"app | music | better | awesome | spotify"
6230;"I liked it";5;"female";"Perth, Australia";"2025-07-04";"positivo";"i liked it";4;"app | music | better | awesome | spotify"
6233;"Seems to be working better now";5;"female";"São Paulo, Brazil";"2025-04-22";"positivo";"seems to be working better now";4;"app | music | better | awesome | spotify"
6240;"I love this app I think you should get this app its";5;"female";"Gold Coast, Australia";"2025-06-19";"positivo";"i love this app i think you should get this app its";4;"app | music | better | awesome | spotify"
6241;"Fantastic and Amazing app,I like it.";5;"female";"Christchurch, New Zealand";"2025-11-24";"positivo";"fantastic and amazing app i like it";3;"like | app | music | really | songs"
6243;"Don't know 😕 bro";5;"female";"Wellington, New Zealand";"2025-09-23";"positivo";"don t know bro";4;"app | music | better | awesome | spotify"
6255;"very good 😊";5;"female";"Perth, Australia";"2025-12-29";"positivo";"very good";0;"good | app | music | experience | really"
6256;"I love this app!!";5;"female";"Sydney, Australia";"2025-08-06";"positivo";"i love this app";5;"love | app | music | much | amazing"
6257;"Best Music streaming App in the world 🌎 ❤️ 🙌 👌 💕";5;"female";"Sydney, Australia";"2025-08-14";"positivo";"best music streaming app in the world";1;"best | app | music | ever | listen"
6258;"love the app";5;"female";"Adelaide, Australia";"2025-10-20";"positivo";"love the app";5;"love | app | music | much | amazing"
6271;"🤜🏻🤛🏿";5;"female";"Auckland, New Zealand";"2025-10-01";"positivo";"";4;"app | music | better | awesome | spotify"
6300;"gorgeous 😍 😍 😍 😍 😍";5;"female";"La Paz, Bolivia";"2025-04-15";"positivo";"gorgeous";4;"app | music | better | awesome | spotify"
6306;"Just 👏 Awesome!";5;"female";"Hobart, Australia";"2025-11-09";"positivo";"just awesome";4;"app | music | better | awesome | spotify"
6311;"very good";5;"female";"Port Moresby, Papua New Guinea";"2025-11-11";"positivo";"very good";0;"good | app | music | experience | really"
6316;"perfect";5;"female";"Adelaide, Australia";"2025-11-05";"positivo";"perfect";7;"perfect | music | update | much | love"
6320;"More free time to all our accounts plz";5;"female";"Queenstown, New Zealand";"2025-12-17";"positivo";"more free time to all our accounts plz";4;"app | music | better | awesome | spotify"
6322;"Thank you";5;"female";"Medellín, Colombia";"2025-04-22";"positivo";"thank you";4;"app | music | better | awesome | spotify"
6327;"The Best";5;"female";"Adelaide, Australia";"2025-12-04";"positivo";"the best";1;"best | app | music | ever | listen"
6342;"🔥 fire 🔥";5;"female";"Queenstown, New Zealand";"2025-05-05";"positivo";"fire";4;"app | music | better | awesome | spotify"
6353;"cool";5;"female";"Nadi, Fiji";"2025-10-20";"positivo";"cool";4;"app | music | better | awesome | spotify"
6355;"the best app I have ever seen before";5;"female";"Suva, Fiji";"2025-05-27";"positivo";"the best app i have ever seen before";1;"best | app | music | ever | listen"
6382;"guud";5;"female";"Wellington, New Zealand";"2025-08-27";"positivo";"guud";4;"app | music | better | awesome | spotify"
6384;"good";5;"female";"Wellington, New Zealand";"2025-07-13";"positivo";"good";0;"good | app | music | experience | really"
6396;"If there is no adds no problem 😊 to use....";5;"female";"Rio de Janeiro, Brazil";"2025-04-15";"positivo";"if there is no adds no problem to use";4;"app | music | better | awesome | spotify"
6407;"it's great and it doesn't give you random songs after a week like spotify.";5;"female";"Wellington, New Zealand";"2025-06-19";"positivo";"it s great and it doesn t give you random songs after a week like spotify";4;"app | music | better | awesome | spotify"
6408;"goood";5;"female";"Queenstown, New Zealand";"2025-12-15";"positivo";"goood";4;"app | music | better | awesome | spotify"
6419;"love it";5;"female";"Suva, Fiji";"2025-05-26";"positivo";"love it";5;"love | app | music | much | amazing"
6423;"download";5;"female";"Queenstown, New Zealand";"2025-11-12";"positivo";"download";4;"app | music | better | awesome | spotify"
6426;"great app";5;"female";"Medellín, Colombia";"2025-03-10";"positivo";"great app";2;"great | app | music | back | really"
6431;"besttt";5;"female";"Queenstown, New Zealand";"2025-07-25";"positivo";"besttt";4;"app | music | better | awesome | spotify"
6434;"Finally an update so the song doesn't start from the beginning after pausing it for a while. Was 4, now 5 Stars";5;"female";"Adelaide, Australia";"2025-09-26";"positivo";"finally an update so the song doesn t start from the beginning after pausing it for a while was now stars";4;"app | music | better | awesome | spotify"
6435;"Perfect 💥";5;"female";"Suva, Fiji";"2025-07-28";"positivo";"perfect";7;"perfect | music | update | much | love"
6438;"not normally any adds so good so much music and easy to use! love this I stopped using Spotify for it do recommend";5;"female";"Port Moresby, Papua New Guinea";"2025-07-18";"positivo";"not normally any adds so good so much music and easy to use love this i stopped using spotify for it do recommend";4;"app | music | better | awesome | spotify"
6445;"This is an awesome app to listen to music! 10/10 would recommend!";5;"female";"Nadi, Fiji";"2025-07-06";"positivo";"this is an awesome app to listen to music would recommend";4;"app | music | better | awesome | spotify"
6453;"very good 😊👌";5;"female";"Perth, Australia";"2025-05-09";"positivo";"very good";0;"good | app | music | experience | really"
6459;"super smash";5;"female";"Port Moresby, Papua New Guinea";"2025-11-27";"positivo";"super smash";4;"app | music | better | awesome | spotify"
6460;"Helena Hamilton I love it";5;"female";"La Paz, Bolivia";"2025-04-19";"positivo";"helena hamilton i love it";5;"love | app | music | much | amazing"
6464;"Good to use";5;"female";"Asunción, Paraguay";"2025-02-27";"positivo";"good to use";0;"good | app | music | experience | really"
6468;"I love this app 👍👍👍👍👍👍👍👍👍👍👍👍👍👍";5;"female";"Medellín, Colombia";"2025-04-14";"positivo";"i love this app";5;"love | app | music | much | amazing"
6476;"Best app so far, screw spotify.";5;"female";"Hobart, Australia";"2025-08-28";"positivo";"best app so far screw spotify";1;"best | app | music | ever | listen"
6477;"SevenOneSix Tommy has boomed into a great digital artist following many sojourns to Dallas and Houston playing electronic gigs for Damien, the famed offshoot of Band of Fools out of Key West in the 70's.";5;"female";"São Paulo, Brazil";"2025-02-26";"positivo";"sevenonesix tommy has boomed into a great digital artist following many sojourns to dallas and houston playing electronic gigs for damien the famed offshoot of band of fools out of key west in the s";4;"app | music | better | awesome | spotify"
6489;"جامد طرش في القرآن هااا🙂";5;"female";"Suva, Fiji";"2025-05-22";"positivo";"جامد طرش في القرآن هااا";4;"app | music | better | awesome | spotify"
6501;"I like it";5;"female";"Caracas, Venezuela";"2025-03-14";"positivo";"i like it";3;"like | app | music | really | songs"
6503;"this is my song..I'm locked out tha account....";5;"female";"Valparaíso, Chile";"2025-03-23";"positivo";"this is my song i m locked out tha account";4;"app | music | better | awesome | spotify"
6514;"Shouldbeyuang 😭🔥🔥🇮🇹🎧🎹";5;"female";"Sydney, Australia";"2025-09-11";"positivo";"shouldbeyuang";4;"app | music | better | awesome | spotify"
6526;"is pretty good ya, less ads please";5;"female";"Brisbane, Australia";"2025-10-11";"positivo";"is pretty good ya less ads please";4;"app | music | better | awesome | spotify"
6530;"No words can express my thoughts.... more nice app. to me";5;"female";"Suva, Fiji";"2025-11-04";"positivo";"no words can express my thoughts more nice app to me";6;"nice | app | music | no | songs"
6535;"yeah boi!!!🤯";5;"female";"Adelaide, Australia";"2025-08-19";"positivo";"yeah boi";4;"app | music | better | awesome | spotify"
6540;"Good 👍";5;"female";"Quito, Ecuador";"2025-03-24";"positivo";"good";0;"good | app | music | experience | really"
6543;"splendiferous";5;"female";"Melbourne, Australia";"2025-10-18";"positivo";"splendiferous";4;"app | music | better | awesome | spotify"
6547;"SoundCloud will always be a fav cause of the unreleased and no officially tracks on it... As a music lover and creator it still stands as one of the best platforms for the under sound.";5;"female";"Medellín, Colombia";"2025-03-29";"positivo";"soundcloud will always be a fav cause of the unreleased and no officially tracks on it as a music lover and creator it still stands as one of the best platforms for the under sound";4;"app | music | better | awesome | spotify"
6558;"پو پو پو";5;"female";"Nadi, Fiji";"2025-07-20";"positivo";"پو پو پو";4;"app | music | better | awesome | spotify"
6575;"👍🏻";5;"female";"Auckland, New Zealand";"2025-08-31";"positivo";"";4;"app | music | better | awesome | spotify"
6576;"love it 🥰";5;"female";"Canberra, Australia";"2025-10-30";"positivo";"love it";5;"love | app | music | much | amazing"
6589;"really good app";5;"female";"Gold Coast, Australia";"2025-09-21";"positivo";"really good app";4;"app | music | better | awesome | spotify"
6595;"nice";5;"female";"Sydney, Australia";"2025-08-04";"positivo";"nice";6;"nice | app | music | no | songs"
6598;"amazing app";5;"female";"Gold Coast, Australia";"2025-06-29";"positivo";"amazing app";4;"app | music | better | awesome | spotify"
6599;"Better than Spotify 😎";5;"female";"Santa Cruz, Bolivia";"2025-04-28";"positivo";"better than spotify";4;"app | music | better | awesome | spotify"
6600;"excellent quality sound";5;"female";"Port Moresby, Papua New Guinea";"2025-12-18";"positivo";"excellent quality sound";4;"app | music | better | awesome | spotify"
6606;"get my music out !";5;"female";"Medellín, Colombia";"2025-04-17";"positivo";"get my music out";4;"app | music | better | awesome | spotify"
6607;"it's better than Spotify";5;"female";"Queenstown, New Zealand";"2025-12-21";"positivo";"it s better than spotify";4;"app | music | better | awesome | spotify"
6612;"very good ⚡🤍🌹";5;"female";"Adelaide, Australia";"2025-12-21";"positivo";"very good";0;"good | app | music | experience | really"
6613;"Making the rest 😁";5;"female";"Queenstown, New Zealand";"2025-11-20";"positivo";"making the rest";4;"app | music | better | awesome | spotify"
6619;"Goat but some of my Juice Wrld music is missing but it's okay though 😭😭😭";5;"female";"Nadi, Fiji";"2025-12-06";"positivo";"goat but some of my juice wrld music is missing but it s okay though";4;"app | music | better | awesome | spotify"
6621;"Very good! Not as greedy as spotify and can comment on music. very cool";5;"female";"Gold Coast, Australia";"2025-07-27";"positivo";"very good not as greedy as spotify and can comment on music very cool";4;"app | music | better | awesome | spotify"
6626;"Iko poaa sanaa";5;"female";"Canberra, Australia";"2025-05-07";"positivo";"iko poaa sanaa";4;"app | music | better | awesome | spotify"
6638;"Excellent app";5;"female";"Queenstown, New Zealand";"2025-12-22";"positivo";"excellent app";4;"app | music | better | awesome | spotify"
6641;"I like it";5;"female";"Perth, Australia";"2025-06-24";"positivo";"i like it";3;"like | app | music | really | songs"
6647;"Jonathab Birdshealo e Taylor swift plAto is my dad of Hollywood news 😄";5;"female";"Gold Coast, Australia";"2025-12-20";"positivo";"jonathab birdshealo e taylor swift plato is my dad of hollywood news";4;"app | music | better | awesome | spotify"
6650;"love it 😍";5;"female";"Canberra, Australia";"2025-11-05";"positivo";"love it";5;"love | app | music | much | amazing"
6661;"Great!!!";5;"female";"Gold Coast, Australia";"2025-08-27";"positivo";"great";2;"great | app | music | back | really"
6667;"love it";5;"female";"Gold Coast, Australia";"2025-10-27";"positivo";"love it";5;"love | app | music | much | amazing"
6668;"عالی";5;"female";"Gold Coast, Australia";"2025-07-25";"positivo";"عالی";4;"app | music | better | awesome | spotify"
6681;"عالیه حتما نصب کنید";5;"female";"Fortaleza, Brazil";"2025-04-14";"positivo";"عالیه حتما نصب کنید";4;"app | music | better | awesome | spotify"
6699;"lit";5;"female";"Queenstown, New Zealand";"2025-11-02";"positivo";"lit";4;"app | music | better | awesome | spotify"
6722;"Is free great sound and better then spotfiy in my opinion you should try make it offline free tho to get more people to use this app";5;"female";"Medellín, Colombia";"2025-03-27";"positivo";"is free great sound and better then spotfiy in my opinion you should try make it offline free tho to get more people to use this app";4;"app | music | better | awesome | spotify"
6728;"on point 👉";5;"female";"Port Moresby, Papua New Guinea";"2025-09-09";"positivo";"on point";4;"app | music | better | awesome | spotify"
6731;"LOVE ❤️ These 💓 Beatz/Music ✨️🎶";5;"female";"Wellington, New Zealand";"2025-12-16";"positivo";"love these beatz music";4;"app | music | better | awesome | spotify"
6732;"good";5;"female";"Perth, Australia";"2025-09-06";"positivo";"good";0;"good | app | music | experience | really"
6734;"good";5;"female";"Christchurch, New Zealand";"2025-12-27";"positivo";"good";0;"good | app | music | experience | really"
6736;"great app";5;"female";"Lima, Peru";"2025-02-28";"positivo";"great app";2;"great | app | music | back | really"
6740;"I love this app!";5;"female";"Christchurch, New Zealand";"2025-10-24";"positivo";"i love this app";5;"love | app | music | much | amazing"
6744;"Good app better then Spotify";5;"female";"Asunción, Paraguay";"2025-04-15";"positivo";"good app better then spotify";4;"app | music | better | awesome | spotify"
6748;"superb";5;"female";"Buenos Aires, Argentina";"2025-04-02";"positivo";"superb";4;"app | music | better | awesome | spotify"
6749;"it's the best";5;"female";"Nadi, Fiji";"2025-10-18";"positivo";"it s the best";1;"best | app | music | ever | listen"
6753;"greatness";5;"female";"Sydney, Australia";"2025-08-03";"positivo";"greatness";4;"app | music | better | awesome | spotify"
6762;"this is good app for music 👍⚡✔️";5;"female";"Brisbane, Australia";"2025-05-25";"positivo";"this is good app for music";0;"good | app | music | experience | really"
6769;"nice👌🏾✨️";5;"female";"Queenstown, New Zealand";"2025-07-03";"positivo";"nice";6;"nice | app | music | no | songs"
6771;"fantastic";5;"female";"Melbourne, Australia";"2025-09-22";"positivo";"fantastic";4;"app | music | better | awesome | spotify"
6793;"I love this app tumps up👍❤😀";5;"female";"Auckland, New Zealand";"2025-07-16";"positivo";"i love this app tumps up";5;"love | app | music | much | amazing"
6794;"Masha allah";5;"female";"Auckland, New Zealand";"2025-12-08";"positivo";"masha allah";4;"app | music | better | awesome | spotify"
6800;"I love this app";5;"female";"Suva, Fiji";"2025-09-30";"positivo";"i love this app";5;"love | app | music | much | amazing"
6807;"it's simple easy and good and the best music app in the world , I was always listening to music in Spotify but It was So annoying and when I get disappointed I tried different apps,all was bad until I found SoundCloud. And now ilooooooove it. Thank you. but I wish that you can add lyrics bc. i love reading lyrics. And not glitching cuz it glitches alot .Nothing else to say except I love ittt🖤";5;"female";"São Paulo, Brazil";"2025-04-29";"positivo";"it s simple easy and good and the best music app in the world i was always listening to music in spotify but it was so annoying and when i get disappointed i tried different apps all was bad until i found soundcloud and now ilooooooove it thank you but i wish that you can add lyrics bc i love reading lyrics and not glitching cuz it glitches alot nothing else to say except i love ittt";4;"app | music | better | awesome | spotify"
6814;"Legit my favorite app, like I would choose SoundCloud over ANY MUSIC APP!! It sooo good I truly love this it's free and even when I'm listening it recommends the songs of same taste which is also why I LOVE THIS app plus the songs can also be played offline ✨💗💗💗";5;"female";"Wellington, New Zealand";"2025-10-15";"positivo";"legit my favorite app like i would choose soundcloud over any music app it sooo good i truly love this it s free and even when i m listening it recommends the songs of same taste which is also why i love this app plus the songs can also be played offline";4;"app | music | better | awesome | spotify"
6816;"I think it's a great app that can help you to be a famous artist in the world 1";5;"female";"Perth, Australia";"2025-06-20";"positivo";"i think it s a great app that can help you to be a famous artist in the world";4;"app | music | better | awesome | spotify"
6820;"Better than Spotify";5;"female";"Port Moresby, Papua New Guinea";"2025-10-09";"positivo";"better than spotify";4;"app | music | better | awesome | spotify"
6821;"cool app👍";5;"female";"Suva, Fiji";"2025-11-07";"positivo";"cool app";4;"app | music | better | awesome | spotify"
6826;"GOOD";5;"female";"Queenstown, New Zealand";"2025-08-14";"positivo";"good";0;"good | app | music | experience | really"
6828;"Very good 💯💯";5;"female";"Sydney, Australia";"2025-08-10";"positivo";"very good";0;"good | app | music | experience | really"
6829;"good";5;"female";"Gold Coast, Australia";"2025-06-19";"positivo";"good";0;"good | app | music | experience | really"
6834;"✨🖤";5;"female";"Sydney, Australia";"2025-12-24";"positivo";"";4;"app | music | better | awesome | spotify"
6840;"is the best app";5;"female";"Perth, Australia";"2025-06-19";"positivo";"is the best app";1;"best | app | music | ever | listen"
6845;"great app for streaming music.";5;"female";"Suva, Fiji";"2025-10-06";"positivo";"great app for streaming music";2;"great | app | music | back | really"
6853;"one in million";5;"female";"Melbourne, Australia";"2025-07-11";"positivo";"one in million";4;"app | music | better | awesome | spotify"
6865;"Definitely enjoying SoundCloud! It's definitely fun sharing my lyrics! Along with my songs!";5;"female";"Gold Coast, Australia";"2025-05-07";"positivo";"definitely enjoying soundcloud it s definitely fun sharing my lyrics along with my songs";4;"app | music | better | awesome | spotify"
6885;"Good";5;"female";"Hobart, Australia";"2025-10-17";"positivo";"good";0;"good | app | music | experience | really"
6893;"good";5;"female";"Melbourne, Australia";"2025-10-27";"positivo";"good";0;"good | app | music | experience | really"
6895;"19/2/25 edit: all bugs seem to have been fixed, now this app is the beloved music app I remember :]";5;"female";"Perth, Australia";"2025-10-22";"positivo";"edit all bugs seem to have been fixed now this app is the beloved music app i remember";4;"app | music | better | awesome | spotify"
6897;"Loveing this aap. Not forcing you to buy it's premium, just save your favourite song create playlists and enjoy. Simple and easy.";5;"female";"Bogotá, Colombia";"2025-02-21";"positivo";"loveing this aap not forcing you to buy it s premium just save your favourite song create playlists and enjoy simple and easy";4;"app | music | better | awesome | spotify"
6901;"REQUEST FOR APP UPDATE: HI will u please program original date of release on edits also program the songs to play upwards from play to chronological order in order of release or at least have an option to mix the songs in between ques. i loved you since you were born. thank you for working for soundcloud and i appreciate all that you do. also please create a game that questions about music knowledge while listening";5;"female";"Adelaide, Australia";"2025-09-19";"positivo";"request for app update hi will u please program original date of release on edits also program the songs to play upwards from play to chronological order in order of release or at least have an option to mix the songs in between ques i loved you since you were born thank you for working for soundcloud and i appreciate all that you do also please create a game that questions about music knowledge while listening";4;"app | music | better | awesome | spotify"
6921;"songs u cant find anywhere else found here";5;"female";"Canberra, Australia";"2025-10-31";"positivo";"songs u cant find anywhere else found here";4;"app | music | better | awesome | spotify"
6923;"Really good but sometimes skips songs on its own";5;"female";"Christchurch, New Zealand";"2025-09-05";"positivo";"really good but sometimes skips songs on its own";4;"app | music | better | awesome | spotify"
6929;"love this app💗";5;"female";"Christchurch, New Zealand";"2025-08-24";"positivo";"love this app";5;"love | app | music | much | amazing"
6932;"cool 😎";5;"female";"Auckland, New Zealand";"2025-10-22";"positivo";"cool";4;"app | music | better | awesome | spotify"
6942;"so bast";5;"female";"Christchurch, New Zealand";"2025-11-16";"positivo";"so bast";4;"app | music | better | awesome | spotify"
6946;"Better than Spotify, nice quality UI, why are u still reading this instead of downloading it?";5;"female";"Port Moresby, Papua New Guinea";"2025-09-16";"positivo";"better than spotify nice quality ui why are u still reading this instead of downloading it";4;"app | music | better | awesome | spotify"
6948;"Mooi";5;"female";"Perth, Australia";"2025-09-01";"positivo";"mooi";4;"app | music | better | awesome | spotify"
6989;"super 👍";5;"female";"Suva, Fiji";"2025-06-12";"positivo";"super";4;"app | music | better | awesome | spotify"
6993;"Good app 💯";5;"female";"Christchurch, New Zealand";"2025-12-17";"positivo";"good app";0;"good | app | music | experience | really"
7000;"I've been so well this week! I did great doing so hard. I made sound effects such as humans, dinosaurs, monsters, wildlife, animals and various characters. I can Used my voice doing animal sounds such as tigers, elephants, Leopards and bears.";5;"female";"Nadi, Fiji";"2025-09-15";"positivo";"i ve been so well this week i did great doing so hard i made sound effects such as humans dinosaurs monsters wildlife animals and various characters i can used my voice doing animal sounds such as tigers elephants leopards and bears";4;"app | music | better | awesome | spotify"
7005;"it is really fun 1000/10";5;"female";"Perth, Australia";"2025-07-10";"positivo";"it is really fun";4;"app | music | better | awesome | spotify"
7012;"The sound is very nice";5;"female";"Christchurch, New Zealand";"2025-08-06";"positivo";"the sound is very nice";6;"nice | app | music | no | songs"
7015;"I love you love SoundCloud";5;"female";"Hobart, Australia";"2025-06-08";"positivo";"i love you love soundcloud";5;"love | app | music | much | amazing"
7020;"wonderful";5;"female";"Perth, Australia";"2025-10-09";"positivo";"wonderful";4;"app | music | better | awesome | spotify"
7027;"no comment yahoo";5;"female";"São Paulo, Brazil";"2025-03-11";"positivo";"no comment yahoo";4;"app | music | better | awesome | spotify"
7031;"Nice app";5;"female";"Nadi, Fiji";"2025-10-20";"positivo";"nice app";6;"nice | app | music | no | songs"
7032;"cool music";5;"female";"Santa Cruz, Bolivia";"2025-02-23";"positivo";"cool music";4;"app | music | better | awesome | spotify"
7037;"قابلیت دانلود رو اضافه کنه خوبه 👍";5;"female";"Canberra, Australia";"2025-10-24";"positivo";"قابلیت دانلود رو اضافه کنه خوبه";4;"app | music | better | awesome | spotify"
7045;"pretty good for listening songs 👍🏾";5;"female";"Hobart, Australia";"2025-05-11";"positivo";"pretty good for listening songs";4;"app | music | better | awesome | spotify"
7058;"This Is A One Best A artists that I've met who was very creative. I met him through Leonard Haze from the band called y&t that Leonard started. And I Came Up With A Project Name Of (Black ""N"" Haze) But As Went On We All Ended Up Going In Different Dr Directions . Leonard Went Out On The Road With Ian Gillan. I Ended Out On The Road As A Guitar and Drum Tech For Different Artist. And Ended Up In Union Building Trades and Building OldSchool Cars. and eventually lost contact with Lauren.";5;"female";"Wellington, New Zealand";"2025-07-01";"positivo";"this is a one best a artists that i ve met who was very creative i met him through leonard haze from the band called y t that leonard started and i came up with a project name of black n haze but as went on we all ended up going in different dr directions leonard went out on the road with ian gillan i ended out on the road as a guitar and drum tech for different artist and ended up in union building trades and building oldschool cars and eventually lost contact with lauren";4;"app | music | better | awesome | spotify"
7063;"songs";5;"female";"Canberra, Australia";"2025-06-08";"positivo";"songs";4;"app | music | better | awesome | spotify"
7085;"nice";5;"female";"Wellington, New Zealand";"2025-06-05";"positivo";"nice";6;"nice | app | music | no | songs"
7109;"Ok";5;"female";"Suva, Fiji";"2025-10-03";"positivo";"ok";4;"app | music | better | awesome | spotify"
7115;"Nun Of Dem Nah Bad Mahn 🏁";5;"female";"Auckland, New Zealand";"2025-06-11";"positivo";"nun of dem nah bad mahn";4;"app | music | better | awesome | spotify"
7120;"love it really love it";5;"female";"Melbourne, Australia";"2025-10-22";"positivo";"love it really love it";5;"love | app | music | much | amazing"
7121;"sound cloud is just like that in it my different stages of life waves which are my connections with it like a soul if me was get motivated from it is properly save and secondly very easily if screen of mobile is off it will make at best of it's moments the frequency of liked of heart ❤️❤️❤️❤️❤️❤️❤️";5;"female";"Christchurch, New Zealand";"2025-08-13";"positivo";"sound cloud is just like that in it my different stages of life waves which are my connections with it like a soul if me was get motivated from it is properly save and secondly very easily if screen of mobile is off it will make at best of it s moments the frequency of liked of heart";4;"app | music | better | awesome | spotify"
7123;"🔥👌";5;"female";"Hobart, Australia";"2025-12-26";"positivo";"";4;"app | music | better | awesome | spotify"
7135;"Music streaming platform that is underrated.";5;"female";"Suva, Fiji";"2025-08-16";"positivo";"music streaming platform that is underrated";4;"app | music | better | awesome | spotify"
7137;"excellent";5;"female";"Sydney, Australia";"2025-09-29";"positivo";"excellent";4;"app | music | better | awesome | spotify"
7143;"simply great 👍";5;"female";"Suva, Fiji";"2025-05-14";"positivo";"simply great";2;"great | app | music | back | really"
7154;"Michael Jordan of all music apps 🔥🔥🔥";5;"female";"Montevideo, Uruguay";"2025-03-26";"positivo";"michael jordan of all music apps";4;"app | music | better | awesome | spotify"
7156;"awesome minus ads";5;"female";"Suva, Fiji";"2025-09-30";"positivo";"awesome minus ads";4;"app | music | better | awesome | spotify"
7165;"🖤💙❤Love Music 🖤💙❤";5;"female";"Canberra, Australia";"2025-07-31";"positivo";"love music";5;"love | app | music | much | amazing"
7171;"SoundCloud is by far the best music app I've ever had!! Ive learned about so many artists I've never heard of with good AND bad songs lol. I have multiple playlist with hundreds of songs on them. I hate radio (mainstream) music so this app is my go-to for music. Love the recommendations for new songs. can't say enough good things about this app. now don't get me wrong there are some terrible artist on here but I've always managed to find music I love here.";5;"female";"Queenstown, New Zealand";"2025-10-03";"positivo";"soundcloud is by far the best music app i ve ever had ive learned about so many artists i ve never heard of with good and bad songs lol i have multiple playlist with hundreds of songs on them i hate radio mainstream music so this app is my go to for music love the recommendations for new songs can t say enough good things about this app now don t get me wrong there are some terrible artist on here but i ve always managed to find music i love here";4;"app | music | better | awesome | spotify"
7176;"Better than spotify, it keeps stoping tho, happy new year tho broskiz";5;"female";"Sydney, Australia";"2025-09-14";"positivo";"better than spotify it keeps stoping tho happy new year tho broskiz";4;"app | music | better | awesome | spotify"
7181;"best free music app on play store";5;"female";"Auckland, New Zealand";"2025-08-05";"positivo";"best free music app on play store";1;"best | app | music | ever | listen"
7192;"Add the download option please 🥺 for free please 🙏🙏";5;"female";"Asunción, Paraguay";"2025-02-08";"positivo";"add the download option please for free please";4;"app | music | better | awesome | spotify"
7196;"Top!";5;"female";"Arequipa, Peru";"2025-03-25";"positivo";"top";4;"app | music | better | awesome | spotify"
7205;"Awesome online music software";5;"female";"Brisbane, Australia";"2025-07-10";"positivo";"awesome online music software";4;"app | music | better | awesome | spotify"
7206;"very simple and wonderful app";5;"female";"Arequipa, Peru";"2025-04-21";"positivo";"very simple and wonderful app";4;"app | music | better | awesome | spotify"
7208;"Good job";5;"female";"Wellington, New Zealand";"2025-07-23";"positivo";"good job";4;"app | music | better | awesome | spotify"
7211;"better than Spotify";5;"female";"Medellín, Colombia";"2025-03-08";"positivo";"better than spotify";4;"app | music | better | awesome | spotify"
7219;"Very good";5;"female";"Lima, Peru";"2025-03-13";"positivo";"very good";0;"good | app | music | experience | really"
7231;"love it 😀";5;"female";"Canberra, Australia";"2025-08-14";"positivo";"love it";5;"love | app | music | much | amazing"
7241;"👍";5;"female";"Christchurch, New Zealand";"2025-10-22";"positivo";"";4;"app | music | better | awesome | spotify"
7249;"I've used this since 2018 and 2019 good everything has all my artists I love";5;"female";"Nadi, Fiji";"2025-09-28";"positivo";"i ve used this since and good everything has all my artists i love";4;"app | music | better | awesome | spotify"
7252;"Is not make sure";5;"female";"Port Moresby, Papua New Guinea";"2025-12-05";"positivo";"is not make sure";4;"app | music | better | awesome | spotify"
7253;"best music app";5;"female";"Sydney, Australia";"2025-09-19";"positivo";"best music app";1;"best | app | music | ever | listen"
7255;"Great app";5;"female";"Medellín, Colombia";"2025-03-28";"positivo";"great app";2;"great | app | music | back | really"
7256;"عالی";5;"female";"Queenstown, New Zealand";"2025-12-30";"positivo";"عالی";4;"app | music | better | awesome | spotify"
7259;"✨️";5;"female";"Nadi, Fiji";"2025-09-20";"positivo";"";4;"app | music | better | awesome | spotify"
7275;"love all things soundcloud";5;"female";"Caracas, Venezuela";"2025-02-05";"positivo";"love all things soundcloud";5;"love | app | music | much | amazing"
7280;"burning alive i love this";5;"female";"Hobart, Australia";"2025-09-06";"positivo";"burning alive i love this";5;"love | app | music | much | amazing"
7281;"Great app, been using it as an artist for over a decade now! 10/10 Maiki";5;"female";"Canberra, Australia";"2025-07-30";"positivo";"great app been using it as an artist for over a decade now maiki";4;"app | music | better | awesome | spotify"
7299;"I like";5;"female";"Perth, Australia";"2025-06-06";"positivo";"i like";3;"like | app | music | really | songs"
7329;"the best free music app ever";5;"female";"Port Moresby, Papua New Guinea";"2025-07-21";"positivo";"the best free music app ever";1;"best | app | music | ever | listen"
7330;"Good service 👍";5;"female";"Brisbane, Australia";"2025-11-12";"positivo";"good service";4;"app | music | better | awesome | spotify"
7337;"Who frauded me";5;"female";"Suva, Fiji";"2025-05-22";"positivo";"who frauded me";4;"app | music | better | awesome | spotify"
7353;"it's really amazing 🤩 I love it";5;"female";"Gold Coast, Australia";"2025-05-28";"positivo";"it s really amazing i love it";5;"love | app | music | much | amazing"
7354;"Osm";5;"female";"Queenstown, New Zealand";"2025-05-08";"positivo";"osm";4;"app | music | better | awesome | spotify"
7368;"Good thanks";5;"female";"Canberra, Australia";"2025-12-25";"positivo";"good thanks";4;"app | music | better | awesome | spotify"
7369;"Brilliant, Team of Professionals that always make Us Smile ♥️";5;"female";"Medellín, Colombia";"2025-03-27";"positivo";"brilliant team of professionals that always make us smile";4;"app | music | better | awesome | spotify"
7373;"Better than spotify";5;"female";"Wellington, New Zealand";"2025-12-26";"positivo";"better than spotify";4;"app | music | better | awesome | spotify"
7374;"it's a really good app for music";5;"female";"Canberra, Australia";"2025-08-13";"positivo";"it s a really good app for music";4;"app | music | better | awesome | spotify"
7375;"excellent";5;"female";"Sydney, Australia";"2025-10-07";"positivo";"excellent";4;"app | music | better | awesome | spotify"
7378;"good 👍🏼";5;"female";"Montevideo, Uruguay";"2025-03-13";"positivo";"good";0;"good | app | music | experience | really"
7379;"best app🤘😎";5;"female";"Sydney, Australia";"2025-08-29";"positivo";"best app";1;"best | app | music | ever | listen"
7385;"love this app. however don't like the new format of it. Turn it back to the old version SoundCloud";5;"female";"Montevideo, Uruguay";"2025-02-14";"positivo";"love this app however don t like the new format of it turn it back to the old version soundcloud";4;"app | music | better | awesome | spotify"
7386;"Amazzzzing music!! 🎶";5;"female";"Nadi, Fiji";"2025-11-29";"positivo";"amazzzzing music";4;"app | music | better | awesome | spotify"
7387;"🥲❤️";5;"female";"Adelaide, Australia";"2025-08-28";"positivo";"";4;"app | music | better | awesome | spotify"
7402;"have always loved this platform. 20 years ago I found SoundCloud. Still my go to for good music.";5;"female";"Santa Cruz, Bolivia";"2025-04-15";"positivo";"have always loved this platform years ago i found soundcloud still my go to for good music";4;"app | music | better | awesome | spotify"
7412;"I love the musics from sound cloud";5;"female";"Gold Coast, Australia";"2025-11-22";"positivo";"i love the musics from sound cloud";5;"love | app | music | much | amazing"
7419;"It's a good app it's basically like Spotify but better bc it has more songs and you could also turn ur phone off and I don't see anything wrong with it.";5;"female";"Auckland, New Zealand";"2025-11-16";"positivo";"it s a good app it s basically like spotify but better bc it has more songs and you could also turn ur phone off and i don t see anything wrong with it";4;"app | music | better | awesome | spotify"
7435;"So Very beautiful apps";5;"female";"Melbourne, Australia";"2025-11-04";"positivo";"so very beautiful apps";4;"app | music | better | awesome | spotify"
7439;"Better than Spotify";5;"female";"Rio de Janeiro, Brazil";"2025-04-12";"positivo";"better than spotify";4;"app | music | better | awesome | spotify"
7440;"pure healing";5;"female";"Adelaide, Australia";"2025-08-24";"positivo";"pure healing";4;"app | music | better | awesome | spotify"
7442;"👍";5;"female";"Caracas, Venezuela";"2025-01-28";"positivo";"";4;"app | music | better | awesome | spotify"
7445;"This is the best app I have never seen, but I can't find a download option on my own track. is it because I ain't premium?";5;"female";"Asunción, Paraguay";"2025-02-09";"positivo";"this is the best app i have never seen but i can t find a download option on my own track is it because i ain t premium";4;"app | music | better | awesome | spotify"
7446;"❤️🫶";5;"female";"Adelaide, Australia";"2025-11-04";"positivo";"";4;"app | music | better | awesome | spotify"
7456;"amazing";5;"female";"Adelaide, Australia";"2025-07-11";"positivo";"amazing";4;"app | music | better | awesome | spotify"
7460;"It is safe";5;"female";"Suva, Fiji";"2025-12-16";"positivo";"it is safe";4;"app | music | better | awesome | spotify"
7475;"user friendly interface...nice and simple...join SoundCloud Music and feed you soul...";5;"female";"Nadi, Fiji";"2025-07-09";"positivo";"user friendly interface nice and simple join soundcloud music and feed you soul";4;"app | music | better | awesome | spotify"
7477;"free...good I have nothing bad to say...";5;"female";"Melbourne, Australia";"2025-11-21";"positivo";"free good i have nothing bad to say";4;"app | music | better | awesome | spotify"
7488;"This app is very good";5;"female";"Port Moresby, Papua New Guinea";"2025-11-17";"positivo";"this app is very good";0;"good | app | music | experience | really"
7497;"great service.. but needs streamline with all dj software";5;"female";"Córdoba, Argentina";"2025-03-19";"positivo";"great service but needs streamline with all dj software";4;"app | music | better | awesome | spotify"
7502;"lots lots lots of options available - I like that very much! plus, lots lots lots of obscure tunes to discover - I dig that very much as well! I'm a freeloader and don't mind the unpaid version 🥴";5;"female";"Bogotá, Colombia";"2025-02-17";"positivo";"lots lots lots of options available i like that very much plus lots lots lots of obscure tunes to discover i dig that very much as well i m a freeloader and don t mind the unpaid version";4;"app | music | better | awesome | spotify"
7508;"عالی";5;"female";"Wellington, New Zealand";"2025-12-23";"positivo";"عالی";4;"app | music | better | awesome | spotify"
7510;"It's literally the best 😀 You should totally get it";5;"female";"Canberra, Australia";"2025-12-18";"positivo";"it s literally the best you should totally get it";4;"app | music | better | awesome | spotify"
7514;"amazing";5;"female";"Gold Coast, Australia";"2025-08-20";"positivo";"amazing";4;"app | music | better | awesome | spotify"
7518;"💯!!";5;"female";"Hobart, Australia";"2025-10-19";"positivo";"";4;"app | music | better | awesome | spotify"
7534;"I love it";5;"female";"Wellington, New Zealand";"2025-05-12";"positivo";"i love it";5;"love | app | music | much | amazing"
7544;"This is like Spotify without the ads";5;"female";"Queenstown, New Zealand";"2025-10-31";"positivo";"this is like spotify without the ads";3;"like | app | music | really | songs"
7551;"cool";5;"female";"Auckland, New Zealand";"2025-05-13";"positivo";"cool";4;"app | music | better | awesome | spotify"
7553;"Nice";5;"female";"Hobart, Australia";"2025-06-09";"positivo";"nice";6;"nice | app | music | no | songs"
7554;"good";5;"female";"Cali, Colombia";"2025-03-04";"positivo";"good";0;"good | app | music | experience | really"
7568;"a good Percentage of my ls dedicated to this app 100% no Cap #INLOVE";5;"female";"La Paz, Bolivia";"2025-04-07";"positivo";"a good percentage of my ls dedicated to this app no cap inlove";4;"app | music | better | awesome | spotify"
7569;"simple and transparent for artists of all kind myself included";5;"female";"Brisbane, Australia";"2025-05-02";"positivo";"simple and transparent for artists of all kind myself included";4;"app | music | better | awesome | spotify"
7572;"it's a very good and useful app";5;"female";"Canberra, Australia";"2025-08-16";"positivo";"it s a very good and useful app";4;"app | music | better | awesome | spotify"
7573;"my mom used this app before she passed away with her music so when I used this app I love it thank you soundClound";5;"female";"Santa Cruz, Bolivia";"2025-04-25";"positivo";"my mom used this app before she passed away with her music so when i used this app i love it thank you soundclound";4;"app | music | better | awesome | spotify"
7581;"greatest";5;"female";"São Paulo, Brazil";"2025-02-26";"positivo";"greatest";4;"app | music | better | awesome | spotify"
7583;"way good";5;"female";"Suva, Fiji";"2025-10-11";"positivo";"way good";4;"app | music | better | awesome | spotify"
7602;"awesome artist 😎 👏 wonderful song to the Lord 🙏 I";5;"female";"Port Moresby, Papua New Guinea";"2025-09-09";"positivo";"awesome artist wonderful song to the lord i";4;"app | music | better | awesome | spotify"
7614;"w app also why is my socket making a screeching noise";5;"female";"Hobart, Australia";"2025-07-04";"positivo";"w app also why is my socket making a screeching noise";4;"app | music | better | awesome | spotify"
7617;"❤️";5;"female";"Santa Cruz, Bolivia";"2025-01-25";"positivo";"";4;"app | music | better | awesome | spotify"
7633;"love it keep improving";5;"female";"Salvador, Brazil";"2025-03-11";"positivo";"love it keep improving";5;"love | app | music | much | amazing"
7641;"I would like to download them as well.";5;"female";"Auckland, New Zealand";"2025-11-14";"positivo";"i would like to download them as well";3;"like | app | music | really | songs"
7647;"it's a secure app";5;"female";"Brisbane, Australia";"2025-05-03";"positivo";"it s a secure app";4;"app | music | better | awesome | spotify"
7649;"the best";5;"female";"Guayaquil, Ecuador";"2025-04-25";"positivo";"the best";1;"best | app | music | ever | listen"
7651;"Awesome👍";5;"female";"Arequipa, Peru";"2025-02-07";"positivo";"awesome";4;"app | music | better | awesome | spotify"
7656;"that's good true";5;"female";"Gold Coast, Australia";"2025-08-20";"positivo";"that s good true";0;"good | app | music | experience | really"
7658;"Best";5;"female";"Melbourne, Australia";"2025-08-11";"positivo";"best";1;"best | app | music | ever | listen"
7659;"best ever";5;"female";"Christchurch, New Zealand";"2025-10-13";"positivo";"best ever";1;"best | app | music | ever | listen"
7667;"Very nice thank you so much";5;"female";"Adelaide, Australia";"2025-06-02";"positivo";"very nice thank you so much";6;"nice | app | music | no | songs"
7669;"very great app";5;"female";"Hobart, Australia";"2025-11-26";"positivo";"very great app";2;"great | app | music | back | really"
7683;"best app ever you can choose this app for instead of spotify";5;"female";"Gold Coast, Australia";"2025-10-21";"positivo";"best app ever you can choose this app for instead of spotify";4;"app | music | better | awesome | spotify"
7687;"Woohoo 🎉🙌🏻";5;"female";"Sydney, Australia";"2025-11-14";"positivo";"woohoo";4;"app | music | better | awesome | spotify"
7704;"owsom (◉‿◉) (◉‿◉) (◉‿◉) (◉‿◉) (◉‿◉";5;"female";"Christchurch, New Zealand";"2025-09-26";"positivo";"owsom";4;"app | music | better | awesome | spotify"
7705;"Has Music I InJoy An Lots Of It!?!";5;"female";"Perth, Australia";"2025-07-23";"positivo";"has music i injoy an lots of it";4;"app | music | better | awesome | spotify"
7711;"awesome";5;"female";"Gold Coast, Australia";"2025-10-06";"positivo";"awesome";4;"app | music | better | awesome | spotify"
7715;"Super";5;"female";"Sydney, Australia";"2025-10-03";"positivo";"super";4;"app | music | better | awesome | spotify"
7716;"Banging tunes from the future and past 👌";5;"female";"Wellington, New Zealand";"2025-12-02";"positivo";"banging tunes from the future and past";4;"app | music | better | awesome | spotify"
7730;"nice";5;"female";"Rosario, Argentina";"2025-04-26";"positivo";"nice";6;"nice | app | music | no | songs"
7731;"love it";5;"female";"Caracas, Venezuela";"2025-04-25";"positivo";"love it";5;"love | app | music | much | amazing"
7736;"any BTS army here cuz I download this app just to listen BTS music*lol*";5;"female";"Gold Coast, Australia";"2025-07-20";"positivo";"any bts army here cuz i download this app just to listen bts music lol";4;"app | music | better | awesome | spotify"
7740;"nice";5;"female";"Adelaide, Australia";"2025-12-02";"positivo";"nice";6;"nice | app | music | no | songs"
7742;"I like the large collection of Music, however the app stops and closes 
itself if you play more than 3 songs on your playlist";5;"female";"Medellín, Colombia";"2025-04-22";"positivo";"i like the large collection of music however the app stops and closes itself if you play more than songs on your playlist";4;"app | music | better | awesome | spotify"
7744;"yeehhh";5;"female";"Gold Coast, Australia";"2025-05-18";"positivo";"yeehhh";4;"app | music | better | awesome | spotify"
7753;"good❤";5;"female";"Christchurch, New Zealand";"2025-09-16";"positivo";"good";0;"good | app | music | experience | really"
7754;"Soundcloud is VERY good, it doesnt havr much ads and the ui isnt bad at all yeah ofc it needs some updates but its very good.";5;"female";"Brasília, Brazil";"2025-03-21";"positivo";"soundcloud is very good it doesnt havr much ads and the ui isnt bad at all yeah ofc it needs some updates but its very good";4;"app | music | better | awesome | spotify"
7757;"Bloody love it!!!!💃🏾🤸🏾‍♀️💃🏾🤸🏾‍♀️💃🏾🤸🏾‍♀️💃🏾🔥🔥🔥🔥🔥🔥";5;"female";"Hobart, Australia";"2025-07-24";"positivo";"bloody love it";5;"love | app | music | much | amazing"
7763;"love it";5;"female";"Suva, Fiji";"2025-12-22";"positivo";"love it";5;"love | app | music | much | amazing"
7765;"great voice and great lyrics";5;"female";"Melbourne, Australia";"2025-09-23";"positivo";"great voice and great lyrics";2;"great | app | music | back | really"
7774;"exilent";5;"female";"La Paz, Bolivia";"2025-03-26";"positivo";"exilent";4;"app | music | better | awesome | spotify"
7785;"Very good";5;"female";"Wellington, New Zealand";"2025-11-05";"positivo";"very good";0;"good | app | music | experience | really"
7791;"lmao";5;"female";"Suva, Fiji";"2025-08-31";"positivo";"lmao";4;"app | music | better | awesome | spotify"
7792;"It's that good vibes good times forease.";5;"female";"Gold Coast, Australia";"2025-05-28";"positivo";"it s that good vibes good times forease";0;"good | app | music | experience | really"
7798;"👏🏻";5;"female";"Wellington, New Zealand";"2025-06-04";"positivo";"";4;"app | music | better | awesome | spotify"
7807;"🔥🔥🔥";5;"female";"Christchurch, New Zealand";"2025-06-26";"positivo";"";4;"app | music | better | awesome | spotify"
7827;"thx you";5;"female";"Wellington, New Zealand";"2025-08-27";"positivo";"thx you";4;"app | music | better | awesome | spotify"
7832;"i can die for you.....sound cloud....❤️";5;"female";"Melbourne, Australia";"2025-08-02";"positivo";"i can die for you sound cloud";4;"app | music | better | awesome | spotify"
7836;"To save press on the name";5;"female";"Córdoba, Argentina";"2025-04-04";"positivo";"to save press on the name";4;"app | music | better | awesome | spotify"
7838;"good 👍";5;"female";"Hobart, Australia";"2025-08-08";"positivo";"good";0;"good | app | music | experience | really"
7844;"Lil peeps era was a had to be there.. now I'm next.";5;"female";"Sydney, Australia";"2025-11-10";"positivo";"lil peeps era was a had to be there now i m next";4;"app | music | better | awesome | spotify"
7853;"amazing, just amazing 👏";5;"female";"Nadi, Fiji";"2025-09-23";"positivo";"amazing just amazing";4;"app | music | better | awesome | spotify"
7858;"I have been using sound cloud for a long time now and it's Incredible easy to use and free";5;"female";"Sydney, Australia";"2025-12-12";"positivo";"i have been using sound cloud for a long time now and it s incredible easy to use and free";4;"app | music | better | awesome | spotify"
7868;"cool thanks";5;"female";"Brasília, Brazil";"2025-04-26";"positivo";"cool thanks";4;"app | music | better | awesome | spotify"
7873;"I luv this app!!!";5;"female";"Asunción, Paraguay";"2025-03-21";"positivo";"i luv this app";4;"app | music | better | awesome | spotify"
7881;"Pls help me grow";5;"female";"Hobart, Australia";"2025-05-03";"positivo";"pls help me grow";4;"app | music | better | awesome | spotify"
7896;"الصوت واضح جدا";5;"female";"Guayaquil, Ecuador";"2025-02-14";"positivo";"الصوت واضح جدا";4;"app | music | better | awesome | spotify"
7897;"the best";5;"female";"Bogotá, Colombia";"2025-03-31";"positivo";"the best";1;"best | app | music | ever | listen"
7898;"My New Favorite DJ..";5;"female";"Suva, Fiji";"2025-08-27";"positivo";"my new favorite dj";4;"app | music | better | awesome | spotify"
7899;"perfect 5 𝕤𝕥𝕒𝕣𝕤";5;"female";"Wellington, New Zealand";"2025-08-26";"positivo";"perfect 𝕤𝕥𝕒𝕣𝕤";7;"perfect | music | update | much | love"
7902;"Best music";5;"female";"Gold Coast, Australia";"2025-07-19";"positivo";"best music";1;"best | app | music | ever | listen"
7906;"I love";5;"female";"Melbourne, Australia";"2025-05-20";"positivo";"i love";5;"love | app | music | much | amazing"
7926;"Nice app always";5;"female";"Suva, Fiji";"2025-11-18";"positivo";"nice app always";6;"nice | app | music | no | songs"
7931;"Changing my reviews from 2 stars to 5 because I found a similar playlist to listen to. Who needs InfiniteShadow when you've got Cosen? His playlist of a music app but better is so cool!😀";5;"female";"Canberra, Australia";"2025-06-12";"positivo";"changing my reviews from stars to because i found a similar playlist to listen to who needs infiniteshadow when you ve got cosen his playlist of a music app but better is so cool";4;"app | music | better | awesome | spotify"
7934;"it let's u make an account for free";5;"female";"Wellington, New Zealand";"2025-07-31";"positivo";"it let s u make an account for free";4;"app | music | better | awesome | spotify"
7943;"I like it";5;"female";"Canberra, Australia";"2025-12-11";"positivo";"i like it";3;"like | app | music | really | songs"
7944;"viva la underground amigos";5;"female";"Quito, Ecuador";"2025-04-09";"positivo";"viva la underground amigos";4;"app | music | better | awesome | spotify"
7951;"Player curser issues.";5;"female";"Gold Coast, Australia";"2025-08-25";"positivo";"player curser issues";4;"app | music | better | awesome | spotify"
7960;"Nice👌";5;"female";"Canberra, Australia";"2025-11-25";"positivo";"nice";6;"nice | app | music | no | songs"
7962;"artists need this app";5;"female";"La Paz, Bolivia";"2025-03-09";"positivo";"artists need this app";4;"app | music | better | awesome | spotify"
7965;"Superb quality";5;"female";"Salvador, Brazil";"2025-02-17";"positivo";"superb quality";4;"app | music | better | awesome | spotify"
7966;"If I tell you so it is an excellent or I can say that make you feel fun you can easily Singh song or enjoy the songs different songs in like different categories are there you can enjoy your favourite favourite category and sometimes this app is I think offline";5;"female";"Santiago, Chile";"2025-01-28";"positivo";"if i tell you so it is an excellent or i can say that make you feel fun you can easily singh song or enjoy the songs different songs in like different categories are there you can enjoy your favourite favourite category and sometimes this app is i think offline";4;"app | music | better | awesome | spotify"
7976;"Soundcloud, I absolutely LOVE YOU ALL... it's the perfect platform to share, create, and mingle with other artists and like-minded people... 🙏🙏💯💯💯🙏🙏";5;"female";"Rio de Janeiro, Brazil";"2025-02-23";"positivo";"soundcloud i absolutely love you all it s the perfect platform to share create and mingle with other artists and like minded people";4;"app | music | better | awesome | spotify"
7977;"It's really good and don't forget to stream my music. Thanks";5;"female";"Nadi, Fiji";"2025-12-26";"positivo";"it s really good and don t forget to stream my music thanks";4;"app | music | better | awesome | spotify"
7987;"Absolutely PERFECT except for my tracks getting copyrighted yet putting full credits in to people who help/make them I re uploaded some arcane soundtracks(WATCH ARCANE) and they got copyrighted but I put the credits in but everything else is perfect tho the ads aren't frequent u can listen to music in order and it doesn't make u listen to other songs before ur main one! It's PERFECT!!";5;"female";"Gold Coast, Australia";"2025-08-24";"positivo";"absolutely perfect except for my tracks getting copyrighted yet putting full credits in to people who help make them i re uploaded some arcane soundtracks watch arcane and they got copyrighted but i put the credits in but everything else is perfect tho the ads aren t frequent u can listen to music in order and it doesn t make u listen to other songs before ur main one it s perfect";4;"app | music | better | awesome | spotify"
7996;"Great app";5;"female";"Salvador, Brazil";"2025-04-20";"positivo";"great app";2;"great | app | music | back | really"
8006;"18 lbc to north hollywood.";5;"female";"Arequipa, Peru";"2025-01-17";"positivo";"lbc to north hollywood";4;"app | music | better | awesome | spotify"
8010;"good";5;"female";"Queenstown, New Zealand";"2025-11-09";"positivo";"good";0;"good | app | music | experience | really"
8011;"Best Song Listening app , Too much better than Spotify 😐";5;"female";"Adelaide, Australia";"2025-11-19";"positivo";"best song listening app too much better than spotify";4;"app | music | better | awesome | spotify"
8021;"Love SoundCloud";5;"female";"Lima, Peru";"2025-01-25";"positivo";"love soundcloud";5;"love | app | music | much | amazing"
8024;"okkkk";5;"female";"Brisbane, Australia";"2025-09-14";"positivo";"okkkk";4;"app | music | better | awesome | spotify"
8025;"nice";5;"female";"Quito, Ecuador";"2025-04-27";"positivo";"nice";6;"nice | app | music | no | songs"
8027;"👍🏻";5;"female";"Santiago, Chile";"2025-02-04";"positivo";"";4;"app | music | better | awesome | spotify"
8042;"عالیه";5;"female";"Santiago, Chile";"2025-04-17";"positivo";"عالیه";4;"app | music | better | awesome | spotify"
8050;"It's a great app but for some reason It won't let me share any of the music anymore Like on Instagram or on Facebook anywhere And I have to update this app again to fix that";5;"female";"Medellín, Colombia";"2025-02-08";"positivo";"it s a great app but for some reason it won t let me share any of the music anymore like on instagram or on facebook anywhere and i have to update this app again to fix that";4;"app | music | better | awesome | spotify"
8051;"cool music";5;"female";"Perth, Australia";"2025-07-14";"positivo";"cool music";4;"app | music | better | awesome | spotify"
8061;"Runs smoothly.";5;"female";"Melbourne, Australia";"2025-11-09";"positivo";"runs smoothly";4;"app | music | better | awesome | spotify"
8063;"awesome";5;"female";"Queenstown, New Zealand";"2025-12-19";"positivo";"awesome";4;"app | music | better | awesome | spotify"
8069;"Lovely";5;"female";"Sydney, Australia";"2025-08-17";"positivo";"lovely";4;"app | music | better | awesome | spotify"
8072;"Great App!";5;"female";"Perth, Australia";"2025-05-31";"positivo";"great app";2;"great | app | music | back | really"
8073;"better than spotify 🥱";5;"female";"Salvador, Brazil";"2025-03-05";"positivo";"better than spotify";4;"app | music | better | awesome | spotify"
8089;"i love this app I grew up w this ❤️";5;"female";"Suva, Fiji";"2025-08-27";"positivo";"i love this app i grew up w this";5;"love | app | music | much | amazing"
8091;"good";5;"female";"Lima, Peru";"2025-01-21";"positivo";"good";0;"good | app | music | experience | really"
8097;"good";5;"female";"Guayaquil, Ecuador";"2025-04-23";"positivo";"good";0;"good | app | music | experience | really"
8101;"Good";5;"female";"Melbourne, Australia";"2025-11-16";"positivo";"good";0;"good | app | music | experience | really"
8110;"Good";5;"female";"Gold Coast, Australia";"2025-05-25";"positivo";"good";0;"good | app | music | experience | really"
8111;"❤️❤️";5;"female";"Perth, Australia";"2025-07-23";"positivo";"";4;"app | music | better | awesome | spotify"
8113;"Much better than Spotify";5;"female";"Port Moresby, Papua New Guinea";"2025-07-30";"positivo";"much better than spotify";4;"app | music | better | awesome | spotify"
8120;"I love it";5;"female";"Gold Coast, Australia";"2025-05-04";"positivo";"i love it";5;"love | app | music | much | amazing"
8122;"Great app, I've been an everyday sound cloud user for years!";5;"female";"Rosario, Argentina";"2025-04-19";"positivo";"great app i ve been an everyday sound cloud user for years";4;"app | music | better | awesome | spotify"
8125;"nice";5;"female";"Quito, Ecuador";"2025-04-18";"positivo";"nice";6;"nice | app | music | no | songs"
8129;"It's most best app I used since ever";5;"female";"Nadi, Fiji";"2025-08-23";"positivo";"it s most best app i used since ever";4;"app | music | better | awesome | spotify"
8138;"nice for gameing or at gym and even for relaxing no ads";5;"female";"Perth, Australia";"2025-08-16";"positivo";"nice for gameing or at gym and even for relaxing no ads";6;"nice | app | music | no | songs"
8144;"loving every bit of it";5;"female";"Queenstown, New Zealand";"2025-12-18";"positivo";"loving every bit of it";4;"app | music | better | awesome | spotify"
8146;"best sound";5;"female";"Queenstown, New Zealand";"2025-09-19";"positivo";"best sound";1;"best | app | music | ever | listen"
8151;"This is better than Spotify";5;"female";"Port Moresby, Papua New Guinea";"2025-10-26";"positivo";"this is better than spotify";4;"app | music | better | awesome | spotify"
8157;"So immersive and cool!";5;"female";"Nadi, Fiji";"2025-11-17";"positivo";"so immersive and cool";4;"app | music | better | awesome | spotify"
8168;"Skill issue";5;"female";"Lima, Peru";"2025-01-26";"positivo";"skill issue";4;"app | music | better | awesome | spotify"
8175;"good";5;"female";"Caracas, Venezuela";"2025-03-15";"positivo";"good";0;"good | app | music | experience | really"
8178;"wonderful ❤️💪";5;"female";"Christchurch, New Zealand";"2025-12-20";"positivo";"wonderful";4;"app | music | better | awesome | spotify"
8182;"just right for all people.. 🥳🥳🥴🤪😜🥲🙃🙃💯🔥";5;"female";"Canberra, Australia";"2025-06-08";"positivo";"just right for all people";4;"app | music | better | awesome | spotify"
8183;"Good 😊";5;"female";"Hobart, Australia";"2025-11-12";"positivo";"good";0;"good | app | music | experience | really"
8185;"Jenny Niengaw ❤️‍🔥😘";5;"female";"Queenstown, New Zealand";"2025-08-03";"positivo";"jenny niengaw";4;"app | music | better | awesome | spotify"
8193;"I've got the best";5;"female";"Montevideo, Uruguay";"2025-04-23";"positivo";"i ve got the best";1;"best | app | music | ever | listen"
8197;"great";5;"female";"La Paz, Bolivia";"2025-03-10";"positivo";"great";2;"great | app | music | back | really"
8199;"✍️";5;"female";"Melbourne, Australia";"2025-06-21";"positivo";"";4;"app | music | better | awesome | spotify"
8201;"I like it a lot";5;"female";"Brisbane, Australia";"2025-08-19";"positivo";"i like it a lot";3;"like | app | music | really | songs"
8203;"good 👍";5;"female";"Adelaide, Australia";"2025-05-20";"positivo";"good";0;"good | app | music | experience | really"
8204;"That's the best way to listen to music";5;"female";"Sydney, Australia";"2025-05-14";"positivo";"that s the best way to listen to music";1;"best | app | music | ever | listen"
8207;"very good apps and I love to listen the song";5;"female";"Suva, Fiji";"2025-12-16";"positivo";"very good apps and i love to listen the song";4;"app | music | better | awesome | spotify"
8220;"(We need a sleep timer on app). BEST MUSIC STREAM APP.";5;"female";"Perth, Australia";"2025-12-21";"positivo";"we need a sleep timer on app best music stream app";1;"best | app | music | ever | listen"
8221;"love it";5;"female";"Auckland, New Zealand";"2025-06-19";"positivo";"love it";5;"love | app | music | much | amazing"
8225;"love this app picks every song for you and you can play songs without wifi";5;"female";"Queenstown, New Zealand";"2025-05-15";"positivo";"love this app picks every song for you and you can play songs without wifi";4;"app | music | better | awesome | spotify"
8235;"is good";5;"female";"Christchurch, New Zealand";"2025-12-18";"positivo";"is good";0;"good | app | music | experience | really"
8238;"yeahhhh good bro";5;"female";"Sydney, Australia";"2025-12-17";"positivo";"yeahhhh good bro";4;"app | music | better | awesome | spotify"
8246;"Wow wow wow";5;"female";"Wellington, New Zealand";"2025-06-24";"positivo";"wow wow wow";4;"app | music | better | awesome | spotify"
8247;"amazing👍👍👍👍";5;"female";"Queenstown, New Zealand";"2025-05-16";"positivo";"amazing";4;"app | music | better | awesome | spotify"
8249;"Great";5;"female";"Perth, Australia";"2025-08-25";"positivo";"great";2;"great | app | music | back | really"
8255;"ruwakis ujok nusman";5;"female";"La Paz, Bolivia";"2025-01-05";"positivo";"ruwakis ujok nusman";4;"app | music | better | awesome | spotify"
8256;"wow wow i love it";5;"female";"Christchurch, New Zealand";"2025-05-25";"positivo";"wow wow i love it";4;"app | music | better | awesome | spotify"
8260;"music is my live";5;"female";"Perth, Australia";"2025-10-31";"positivo";"music is my live";4;"app | music | better | awesome | spotify"
8270;"it's so easy to use";5;"female";"Brasília, Brazil";"2025-04-15";"positivo";"it s so easy to use";4;"app | music | better | awesome | spotify"
8281;"I love how you can listen with no Wi-Fi";5;"female";"Santiago, Chile";"2025-01-20";"positivo";"i love how you can listen with no wi fi";5;"love | app | music | much | amazing"
8284;"it's great u should lisen to Dahlia Darko";5;"female";"Valparaíso, Chile";"2025-03-06";"positivo";"it s great u should lisen to dahlia darko";2;"great | app | music | back | really"
8286;"the best music streaming platform imo.";5;"female";"Brisbane, Australia";"2025-12-09";"positivo";"the best music streaming platform imo";1;"best | app | music | ever | listen"
8288;"good🙃🙂🙃";5;"female";"Hobart, Australia";"2025-07-14";"positivo";"good";0;"good | app | music | experience | really"
8289;"ok";5;"female";"Medellín, Colombia";"2025-03-01";"positivo";"ok";4;"app | music | better | awesome | spotify"
8305;"👍";5;"female";"Quito, Ecuador";"2025-02-16";"positivo";"";4;"app | music | better | awesome | spotify"
8308;"Partner of journey's ❤️";5;"female";"Gold Coast, Australia";"2025-09-05";"positivo";"partner of journey s";4;"app | music | better | awesome | spotify"
8314;"My go to.";5;"female";"Arequipa, Peru";"2025-01-28";"positivo";"my go to";4;"app | music | better | awesome | spotify"
8322;"legendary still!!!";5;"female";"Adelaide, Australia";"2025-09-10";"positivo";"legendary still";4;"app | music | better | awesome | spotify"
8335;"Fantastic";5;"female";"Suva, Fiji";"2025-12-05";"positivo";"fantastic";4;"app | music | better | awesome | spotify"
8336;"Its simple and work in our country better than spotify tnx";5;"female";"Sydney, Australia";"2025-09-09";"positivo";"its simple and work in our country better than spotify tnx";4;"app | music | better | awesome | spotify"
8340;"this is THE best music listening platform, they aren't greedy like Spotify, a total recommend";5;"female";"Suva, Fiji";"2025-09-19";"positivo";"this is the best music listening platform they aren t greedy like spotify a total recommend";4;"app | music | better | awesome | spotify"
8341;"My favorite music streaming app 🤗💚";5;"female";"Suva, Fiji";"2025-05-29";"positivo";"my favorite music streaming app";4;"app | music | better | awesome | spotify"
8345;"Good graphics";5;"female";"Gold Coast, Australia";"2025-05-30";"positivo";"good graphics";0;"good | app | music | experience | really"
8355;"good";5;"female";"Fortaleza, Brazil";"2025-01-17";"positivo";"good";0;"good | app | music | experience | really"
8356;"This app is very good and helpful, this app song better than all music app ✨✨✨";5;"female";"La Paz, Bolivia";"2025-04-10";"positivo";"this app is very good and helpful this app song better than all music app";4;"app | music | better | awesome | spotify"
8357;"Nice bro";5;"female";"Adelaide, Australia";"2025-11-10";"positivo";"nice bro";6;"nice | app | music | no | songs"
8362;"Everything's perfect! Just minor improvements you can make (i didn't find a feedback menu) the notification player doesn't let me 'like' songs or play previous songs(idk exactly if it depends on device) and maybe integrate crossfade option inbetween songs...";5;"female";"Queenstown, New Zealand";"2025-05-13";"positivo";"everything s perfect just minor improvements you can make i didn t find a feedback menu the notification player doesn t let me like songs or play previous songs idk exactly if it depends on device and maybe integrate crossfade option inbetween songs";4;"app | music | better | awesome | spotify"
8364;"Good 👍👍👍";5;"female";"Wellington, New Zealand";"2025-05-29";"positivo";"good";0;"good | app | music | experience | really"
8365;"Great 👍 👌";5;"female";"Brisbane, Australia";"2025-10-06";"positivo";"great";2;"great | app | music | back | really"
8370;"best music app";5;"female";"Suva, Fiji";"2025-12-14";"positivo";"best music app";1;"best | app | music | ever | listen"
8371;"👌";5;"female";"Suva, Fiji";"2025-06-06";"positivo";"";4;"app | music | better | awesome | spotify"
8376;"my go to party mix app";5;"female";"Canberra, Australia";"2025-12-02";"positivo";"my go to party mix app";4;"app | music | better | awesome | spotify"
8380;"how to download";5;"female";"Wellington, New Zealand";"2025-07-30";"positivo";"how to download";4;"app | music | better | awesome | spotify"
8385;"👏";5;"female";"Hobart, Australia";"2025-07-03";"positivo";"";4;"app | music | better | awesome | spotify"
8394;"Works better than Spotify guys like it's free too. I'm in love with this app";5;"female";"Gold Coast, Australia";"2025-08-01";"positivo";"works better than spotify guys like it s free too i m in love with this app";4;"app | music | better | awesome | spotify"
8399;"Very good to use, I've been using this app for years now!";5;"female";"Brisbane, Australia";"2025-07-23";"positivo";"very good to use i ve been using this app for years now";4;"app | music | better | awesome | spotify"
8425;"Awesome 👍";5;"female";"Hobart, Australia";"2025-11-23";"positivo";"awesome";4;"app | music | better | awesome | spotify"
8433;"its nice,but maybe add listen on repeat and lyrcis?";5;"female";"Suva, Fiji";"2025-12-17";"positivo";"its nice but maybe add listen on repeat and lyrcis";4;"app | music | better | awesome | spotify"
8434;"i love u for long time";5;"female";"Perth, Australia";"2025-05-31";"positivo";"i love u for long time";4;"app | music | better | awesome | spotify"
8435;"Nice App";5;"female";"Perth, Australia";"2025-11-01";"positivo";"nice app";6;"nice | app | music | no | songs"
8437;"very gooooooood👌👑💥";5;"female";"Brisbane, Australia";"2025-06-12";"positivo";"very gooooooood";4;"app | music | better | awesome | spotify"
8438;"This is dope 👌";5;"female";"Montevideo, Uruguay";"2025-01-05";"positivo";"this is dope";4;"app | music | better | awesome | spotify"
8443;"I Love the Vibe on this! Thank you ♥";5;"female";"Wellington, New Zealand";"2025-08-17";"positivo";"i love the vibe on this thank you";5;"love | app | music | much | amazing"
8444;"it good better than Spotify a bit even though Spotify gives me 5 or 2 ads and this gives like only 1 only giving 5 cause it has my favorite songs 👍";5;"female";"Melbourne, Australia";"2025-08-10";"positivo";"it good better than spotify a bit even though spotify gives me or ads and this gives like only only giving cause it has my favorite songs";4;"app | music | better | awesome | spotify"
8449;"Good";5;"female";"Caracas, Venezuela";"2025-03-01";"positivo";"good";0;"good | app | music | experience | really"
8454;"⭐️⭐️⭐️⭐️⭐️";5;"female";"Queenstown, New Zealand";"2025-12-21";"positivo";"";4;"app | music | better | awesome | spotify"
8458;"Till date I have never found such an application on any platform. not found Very nice fun, very very good 👍";5;"female";"Asunción, Paraguay";"2025-04-10";"positivo";"till date i have never found such an application on any platform not found very nice fun very very good";4;"app | music | better | awesome | spotify"
8469;"good one";5;"female";"Nadi, Fiji";"2025-09-23";"positivo";"good one";4;"app | music | better | awesome | spotify"
8472;"This is such nostalgia";5;"female";"Cali, Colombia";"2025-03-05";"positivo";"this is such nostalgia";4;"app | music | better | awesome | spotify"
8477;"the best";5;"female";"Brasília, Brazil";"2025-04-12";"positivo";"the best";1;"best | app | music | ever | listen"
8485;"peeled off like a potato chip and goated LLSC";5;"female";"Adelaide, Australia";"2025-11-16";"positivo";"peeled off like a potato chip and goated llsc";3;"like | app | music | really | songs"
8491;"amazing";5;"female";"Brisbane, Australia";"2025-09-27";"positivo";"amazing";4;"app | music | better | awesome | spotify"
8494;"good";5;"female";"Rio de Janeiro, Brazil";"2025-03-10";"positivo";"good";0;"good | app | music | experience | really"
8496;"🍑🤘🏽";5;"female";"Port Moresby, Papua New Guinea";"2025-10-07";"positivo";"";4;"app | music | better | awesome | spotify"
8500;"Good";5;"female";"Córdoba, Argentina";"2025-02-11";"positivo";"good";0;"good | app | music | experience | really"
8511;"Good for bass quality.pure sound🌟";5;"female";"Suva, Fiji";"2025-11-16";"positivo";"good for bass quality pure sound";4;"app | music | better | awesome | spotify"
8512;"nice app";5;"female";"Brisbane, Australia";"2025-06-20";"positivo";"nice app";6;"nice | app | music | no | songs"
8523;"Praised";5;"female";"São Paulo, Brazil";"2025-01-14";"positivo";"praised";4;"app | music | better | awesome | spotify"
8543;"How is";5;"female";"Gold Coast, Australia";"2025-08-13";"positivo";"how is";4;"app | music | better | awesome | spotify"
8544;"good👌🏼👍🏼";5;"female";"Arequipa, Peru";"2025-03-26";"positivo";"good";0;"good | app | music | experience | really"
8545;"perfect!";5;"female";"Buenos Aires, Argentina";"2025-01-22";"positivo";"perfect";7;"perfect | music | update | much | love"
8548;"tima jude";5;"female";"Melbourne, Australia";"2025-09-14";"positivo";"tima jude";4;"app | music | better | awesome | spotify"
8551;"good";5;"female";"Christchurch, New Zealand";"2025-09-09";"positivo";"good";0;"good | app | music | experience | really"
8555;"🥰";5;"female";"Nadi, Fiji";"2025-11-19";"positivo";"";4;"app | music | better | awesome | spotify"
8560;"it's good but bring back ""u weren't here i really miss you"" please.";5;"female";"Port Moresby, Papua New Guinea";"2025-06-03";"positivo";"it s good but bring back u weren t here i really miss you please";4;"app | music | better | awesome | spotify"
8568;"💕";5;"female";"Perth, Australia";"2025-12-12";"positivo";"";4;"app | music | better | awesome | spotify"
8570;"😎 Cool";5;"female";"Brisbane, Australia";"2025-06-20";"positivo";"cool";4;"app | music | better | awesome | spotify"
8572;"Very good app there is no adds and there is ultimate skips";5;"female";"Suva, Fiji";"2025-08-26";"positivo";"very good app there is no adds and there is ultimate skips";4;"app | music | better | awesome | spotify"
8579;"Best";5;"female";"Salvador, Brazil";"2025-01-06";"positivo";"best";1;"best | app | music | ever | listen"
8584;"the bestt";5;"female";"Suva, Fiji";"2025-09-28";"positivo";"the bestt";4;"app | music | better | awesome | spotify"
8587;"good";5;"female";"Port Moresby, Papua New Guinea";"2025-09-22";"positivo";"good";0;"good | app | music | experience | really"
8589;"goood";5;"female";"Adelaide, Australia";"2025-08-16";"positivo";"goood";4;"app | music | better | awesome | spotify"
8591;"Awesome!";5;"female";"Brisbane, Australia";"2025-10-11";"positivo";"awesome";4;"app | music | better | awesome | spotify"
8596;"love it";5;"female";"Canberra, Australia";"2025-05-06";"positivo";"love it";5;"love | app | music | much | amazing"
8598;"Best way to get our feeling out";5;"female";"Brisbane, Australia";"2025-08-21";"positivo";"best way to get our feeling out";1;"best | app | music | ever | listen"
8600;"soundClouds ❤️";5;"female";"Port Moresby, Papua New Guinea";"2025-06-13";"positivo";"soundclouds";4;"app | music | better | awesome | spotify"
8603;"Recent updates since previous review certainly has made app an ease of an tool,such as being able to change profile and background pictures via mobile,was the cherry on the logos cake";5;"female";"Adelaide, Australia";"2025-07-02";"positivo";"recent updates since previous review certainly has made app an ease of an tool such as being able to change profile and background pictures via mobile was the cherry on the logos cake";4;"app | music | better | awesome | spotify"
8616;"✨$treetLiteE.N.T.💨";5;"female";"Perth, Australia";"2025-08-13";"positivo";"treetlitee n t";4;"app | music | better | awesome | spotify"
8629;"wonderful.. practical.. Easy.. I love it";5;"female";"Auckland, New Zealand";"2025-12-15";"positivo";"wonderful practical easy i love it";4;"app | music | better | awesome | spotify"
8630;"The Best App for Music Till Date 👏🏼🔪";5;"female";"Canberra, Australia";"2025-05-29";"positivo";"the best app for music till date";1;"best | app | music | ever | listen"
8649;"quality";5;"female";"Fortaleza, Brazil";"2025-04-13";"positivo";"quality";4;"app | music | better | awesome | spotify"
8657;"If u can't find any song on Spotify.. then u have this app ... Damn fantastic";5;"female";"Caracas, Venezuela";"2025-03-17";"positivo";"if u can t find any song on spotify then u have this app damn fantastic";4;"app | music | better | awesome | spotify"
8659;"I enjoyed all the music I search found here🥰";5;"female";"Brisbane, Australia";"2025-09-28";"positivo";"i enjoyed all the music i search found here";4;"app | music | better | awesome | spotify"
8662;"Spotify to SoundCloud, 2025 hope to be uniquely as #soundcloud";5;"female";"Suva, Fiji";"2025-10-16";"positivo";"spotify to soundcloud hope to be uniquely as soundcloud";4;"app | music | better | awesome | spotify"
8663;"juice wrld";5;"female";"Port Moresby, Papua New Guinea";"2025-10-08";"positivo";"juice wrld";4;"app | music | better | awesome | spotify"
8665;"good";5;"female";"Brisbane, Australia";"2025-08-16";"positivo";"good";0;"good | app | music | experience | really"
8670;"It's sooooo good";5;"female";"Cali, Colombia";"2025-01-25";"positivo";"it s sooooo good";0;"good | app | music | experience | really"
8671;"The February 2025 update ruined it. Now it looks like the phone app, slick but not practical for a car app at all. It only opens when I go through the Google Playstore, otherwise the screen flashes and I cannot access the app. This also makes accessing other apps via the touchscreen impossible. Once it does launch through the process stated above, the car also prevents use of the screen in app once in motion. '25/03/10 Reinstalled, I think there was an app roll back. Works perfectly now!";5;"female";"Salvador, Brazil";"2025-01-10";"positivo";"the february update ruined it now it looks like the phone app slick but not practical for a car app at all it only opens when i go through the google playstore otherwise the screen flashes and i cannot access the app this also makes accessing other apps via the touchscreen impossible once it does launch through the process stated above the car also prevents use of the screen in app once in motion reinstalled i think there was an app roll back works perfectly now";4;"app | music | better | awesome | spotify"
8673;"good";5;"female";"Suva, Fiji";"2025-08-07";"positivo";"good";0;"good | app | music | experience | really"
8677;"Great app for music";5;"female";"Canberra, Australia";"2025-08-22";"positivo";"great app for music";2;"great | app | music | back | really"
8678;"it's the bomb";5;"female";"Brisbane, Australia";"2025-09-23";"positivo";"it s the bomb";4;"app | music | better | awesome | spotify"
8683;"fabulous";5;"female";"Fortaleza, Brazil";"2025-04-09";"positivo";"fabulous";4;"app | music | better | awesome | spotify"
8686;"This App Is The Best App Of Music";5;"female";"Suva, Fiji";"2025-08-09";"positivo";"this app is the best app of music";1;"best | app | music | ever | listen"
8694;"veryyy good";5;"female";"La Paz, Bolivia";"2025-03-11";"positivo";"veryyy good";0;"good | app | music | experience | really"
8708;"good";5;"female";"Valparaíso, Chile";"2025-01-14";"positivo";"good";0;"good | app | music | experience | really"
8717;"best app for music trust";5;"female";"Rio de Janeiro, Brazil";"2025-04-18";"positivo";"best app for music trust";1;"best | app | music | ever | listen"
8746;"This app is excellent. 🤍🤍";5;"female";"Auckland, New Zealand";"2025-12-25";"positivo";"this app is excellent";4;"app | music | better | awesome | spotify"
8751;"complex but beautifully designed like the songs on it.";5;"female";"Suva, Fiji";"2025-09-09";"positivo";"complex but beautifully designed like the songs on it";3;"like | app | music | really | songs"
8757;"Good";5;"female";"Perth, Australia";"2025-05-30";"positivo";"good";0;"good | app | music | experience | really"
8770;"dank yo";5;"female";"Santiago, Chile";"2025-01-24";"positivo";"dank yo";4;"app | music | better | awesome | spotify"
8776;"تمام يا با تشو";5;"female";"Hobart, Australia";"2025-09-01";"positivo";"تمام يا با تشو";4;"app | music | better | awesome | spotify"
8778;"good songs";5;"female";"Medellín, Colombia";"2025-03-13";"positivo";"good songs";0;"good | app | music | experience | really"
8781;"it's a awesome app";5;"female";"Fortaleza, Brazil";"2025-04-14";"positivo";"it s a awesome app";4;"app | music | better | awesome | spotify"
8789;"Super";5;"female";"Adelaide, Australia";"2025-10-03";"positivo";"super";4;"app | music | better | awesome | spotify"
8802;"goooooood";5;"female";"Suva, Fiji";"2025-09-04";"positivo";"goooooood";4;"app | music | better | awesome | spotify"
8806;"it's Genuinely the best app I ever Used";5;"female";"Brisbane, Australia";"2025-12-05";"positivo";"it s genuinely the best app i ever used";1;"best | app | music | ever | listen"
8811;"very Beautiful ❤️";5;"female";"Perth, Australia";"2025-11-21";"positivo";"very beautiful";4;"app | music | better | awesome | spotify"
8812;"less ads are very useful and music is good";5;"female";"Gold Coast, Australia";"2025-09-11";"positivo";"less ads are very useful and music is good";4;"app | music | better | awesome | spotify"
8813;"kittsiku on sc";5;"female";"Melbourne, Australia";"2025-08-22";"positivo";"kittsiku on sc";4;"app | music | better | awesome | spotify"
8817;"thanks for welcoming me";5;"female";"Melbourne, Australia";"2025-11-15";"positivo";"thanks for welcoming me";4;"app | music | better | awesome | spotify"
8822;"great app";5;"female";"Buenos Aires, Argentina";"2025-04-02";"positivo";"great app";2;"great | app | music | back | really"
8843;"Best artist2artist music social media app and website available still 10 years on! Edited to reflect that multiple functions of the application were fixed with the recent update. Upgraded";5;"female";"Port Moresby, Papua New Guinea";"2025-08-13";"positivo";"best artistartist music social media app and website available still years on edited to reflect that multiple functions of the application were fixed with the recent update upgraded";4;"app | music | better | awesome | spotify"
8845;"perfect remixes!!! 👌";5;"female";"Perth, Australia";"2025-11-05";"positivo";"perfect remixes";7;"perfect | music | update | much | love"
8850;"great for filthy riddim";5;"female";"Adelaide, Australia";"2025-06-26";"positivo";"great for filthy riddim";2;"great | app | music | back | really"
8858;"Best";5;"female";"Buenos Aires, Argentina";"2025-04-21";"positivo";"best";1;"best | app | music | ever | listen"
8860;"good";5;"female";"Port Moresby, Papua New Guinea";"2025-09-09";"positivo";"good";0;"good | app | music | experience | really"
8862;"this app saved my life";5;"female";"Nadi, Fiji";"2025-08-23";"positivo";"this app saved my life";4;"app | music | better | awesome | spotify"
8864;"Amazing";5;"female";"Perth, Australia";"2025-09-27";"positivo";"amazing";4;"app | music | better | awesome | spotify"
8869;"the app is in progress so far";5;"female";"Auckland, New Zealand";"2025-07-28";"positivo";"the app is in progress so far";4;"app | music | better | awesome | spotify"
8871;"👌";5;"female";"Caracas, Venezuela";"2025-02-14";"positivo";"";4;"app | music | better | awesome | spotify"
8879;"💕";5;"female";"Bogotá, Colombia";"2025-04-16";"positivo";"";4;"app | music | better | awesome | spotify"
8881;"Good.";5;"female";"Rio de Janeiro, Brazil";"2024-12-19";"positivo";"good";0;"good | app | music | experience | really"
8884;"Inspirational anthem for our times, fighting for what our fathers defended in WW II.";5;"female";"Salvador, Brazil";"2025-03-09";"positivo";"inspirational anthem for our times fighting for what our fathers defended in ww ii";4;"app | music | better | awesome | spotify"
8893;"too good";5;"female";"Perth, Australia";"2025-06-17";"positivo";"too good";0;"good | app | music | experience | really"
8894;"amazing";5;"female";"Melbourne, Australia";"2025-08-27";"positivo";"amazing";4;"app | music | better | awesome | spotify"
8895;"the best";5;"female";"Adelaide, Australia";"2025-10-06";"positivo";"the best";1;"best | app | music | ever | listen"
8898;"favorite music app I wish that if u forget to pay for ur premium ur downloaded music would still stay in a playlist or something n automatically redownload when u do pay for it because current have to go refind n redownload them all manually if u don't pay for ur premium right away. wish u could skip adds like YouTube when u don't have premium as well. Other then that I love this app";5;"female";"Sydney, Australia";"2025-06-24";"positivo";"favorite music app i wish that if u forget to pay for ur premium ur downloaded music would still stay in a playlist or something n automatically redownload when u do pay for it because current have to go refind n redownload them all manually if u don t pay for ur premium right away wish u could skip adds like youtube when u don t have premium as well other then that i love this app";4;"app | music | better | awesome | spotify"
8908;"the best I think it's better than Spotify";5;"female";"Rio de Janeiro, Brazil";"2025-02-16";"positivo";"the best i think it s better than spotify";4;"app | music | better | awesome | spotify"
8916;"So much better then Spotify";5;"female";"Perth, Australia";"2025-07-25";"positivo";"so much better then spotify";4;"app | music | better | awesome | spotify"
8917;"How do I download a music to my computer or cellphone";5;"female";"Sydney, Australia";"2025-11-29";"positivo";"how do i download a music to my computer or cellphone";4;"app | music | better | awesome | spotify"
8923;"I love all Gangster Rap and Pop";5;"female";"Perth, Australia";"2025-05-23";"positivo";"i love all gangster rap and pop";5;"love | app | music | much | amazing"
8927;"That's great";5;"female";"Canberra, Australia";"2025-06-05";"positivo";"that s great";2;"great | app | music | back | really"
8928;"best aap... and it's not like other apps like spotify... uh need to pay for them... this is free and doesnot comsume more data.. I m impress with it";5;"female";"Adelaide, Australia";"2025-11-06";"positivo";"best aap and it s not like other apps like spotify uh need to pay for them this is free and doesnot comsume more data i m impress with it";3;"like | app | music | really | songs"
8933;"Lovely";5;"female";"Suva, Fiji";"2025-11-18";"positivo";"lovely";4;"app | music | better | awesome | spotify"
8938;"Good";5;"female";"Adelaide, Australia";"2025-12-24";"positivo";"good";0;"good | app | music | experience | really"
8940;"banging user interface!!";5;"female";"Guayaquil, Ecuador";"2025-01-02";"positivo";"banging user interface";4;"app | music | better | awesome | spotify"
8953;"love it";5;"female";"Auckland, New Zealand";"2025-12-20";"positivo";"love it";5;"love | app | music | much | amazing"
8961;"it is a very good app for listening music but maybe to many add but very good app I also wish you could play more songs offline with out having to buy them but I liked this app";5;"female";"Santiago, Chile";"2025-01-21";"positivo";"it is a very good app for listening music but maybe to many add but very good app i also wish you could play more songs offline with out having to buy them but i liked this app";4;"app | music | better | awesome | spotify"
8964;"I LOVE THIS ITS AMAZING";5;"female";"Adelaide, Australia";"2025-11-15";"positivo";"i love this its amazing";5;"love | app | music | much | amazing"
8975;"Fiya for juice wrld unreleased songs";5;"female";"Port Moresby, Papua New Guinea";"2025-10-09";"positivo";"fiya for juice wrld unreleased songs";4;"app | music | better | awesome | spotify"
8981;"great resource for underground tracks and mixes";5;"female";"Canberra, Australia";"2025-12-05";"positivo";"great resource for underground tracks and mixes";4;"app | music | better | awesome | spotify"
8988;"👍";5;"female";"Lima, Peru";"2025-03-02";"positivo";"";4;"app | music | better | awesome | spotify"
8991;"👍";5;"female";"Sydney, Australia";"2025-12-21";"positivo";"";4;"app | music | better | awesome | spotify"
8997;"gooood";5;"female";"Canberra, Australia";"2025-07-05";"positivo";"gooood";4;"app | music | better | awesome | spotify"
8999;"W unreleased juice wrld";5;"female";"Christchurch, New Zealand";"2025-07-09";"positivo";"w unreleased juice wrld";4;"app | music | better | awesome | spotify"
9002;"it's great";5;"female";"Salvador, Brazil";"2025-02-26";"positivo";"it s great";2;"great | app | music | back | really"
9005;"okay 👍";5;"female";"Brisbane, Australia";"2025-09-28";"positivo";"okay";4;"app | music | better | awesome | spotify"
9019;"Needed good";5;"female";"Hobart, Australia";"2025-06-04";"positivo";"needed good";0;"good | app | music | experience | really"
9020;"luv SoundCloud";5;"female";"Rio de Janeiro, Brazil";"2024-12-24";"positivo";"luv soundcloud";4;"app | music | better | awesome | spotify"
9023;"one suggestion: make a playlist's visibility be able to have the ""unlisted"" option";5;"female";"Port Moresby, Papua New Guinea";"2025-07-11";"positivo";"one suggestion make a playlist s visibility be able to have the unlisted option";4;"app | music | better | awesome | spotify"
9035;"padu";5;"female";"Auckland, New Zealand";"2025-09-15";"positivo";"padu";4;"app | music | better | awesome | spotify"
9044;"I like it";5;"female";"Melbourne, Australia";"2025-09-17";"positivo";"i like it";3;"like | app | music | really | songs"
9046;"good";5;"female";"Wellington, New Zealand";"2025-10-12";"positivo";"good";0;"good | app | music | experience | really"
9047;"This app basically has all songs I know It's honestly the best music app I know";5;"female";"Auckland, New Zealand";"2025-11-07";"positivo";"this app basically has all songs i know it s honestly the best music app i know";4;"app | music | better | awesome | spotify"
9055;"I love my songs between the ads🙏🙏";5;"female";"Brasília, Brazil";"2025-02-27";"positivo";"i love my songs between the ads";4;"app | music | better | awesome | spotify"
9056;"👍🏻";5;"female";"Queenstown, New Zealand";"2025-08-07";"positivo";"";4;"app | music | better | awesome | spotify"
9057;"so nice 🤠";5;"female";"Brisbane, Australia";"2025-08-21";"positivo";"so nice";6;"nice | app | music | no | songs"
9062;"that's the favorite app I have ever seen 😁😍 ,.";5;"female";"Port Moresby, Papua New Guinea";"2025-08-28";"positivo";"that s the favorite app i have ever seen";4;"app | music | better | awesome | spotify"
9070;"Best";5;"female";"Auckland, New Zealand";"2025-10-05";"positivo";"best";1;"best | app | music | ever | listen"
9073;"Love this app 💯";5;"female";"Rosario, Argentina";"2025-04-19";"positivo";"love this app";5;"love | app | music | much | amazing"
9075;"wow 😮";5;"female";"Perth, Australia";"2025-11-10";"positivo";"wow";4;"app | music | better | awesome | spotify"
9087;"psyfy✌️";5;"female";"Suva, Fiji";"2025-06-02";"positivo";"psyfy";4;"app | music | better | awesome | spotify"
9090;"خوب";5;"female";"Montevideo, Uruguay";"2025-01-10";"positivo";"خوب";4;"app | music | better | awesome | spotify"
9100;"This app fire";5;"female";"Asunción, Paraguay";"2024-12-25";"positivo";"this app fire";4;"app | music | better | awesome | spotify"
9102;"nic";5;"female";"Buenos Aires, Argentina";"2024-12-26";"positivo";"nic";4;"app | music | better | awesome | spotify"
9114;"Love";5;"female";"Bogotá, Colombia";"2024-12-30";"positivo";"love";5;"love | app | music | much | amazing"
9118;"Best app for listen music";5;"female";"Auckland, New Zealand";"2025-05-26";"positivo";"best app for listen music";1;"best | app | music | ever | listen"
9120;"this is real nice songs";5;"female";"Port Moresby, Papua New Guinea";"2025-09-21";"positivo";"this is real nice songs";6;"nice | app | music | no | songs"
9124;"Most useful music app";5;"female";"Port Moresby, Papua New Guinea";"2025-08-27";"positivo";"most useful music app";4;"app | music | better | awesome | spotify"
9131;"chill asf app";5;"female";"Salvador, Brazil";"2025-02-08";"positivo";"chill asf app";4;"app | music | better | awesome | spotify"
9133;"1000 times better then Spotify";5;"female";"Hobart, Australia";"2025-10-07";"positivo";"times better then spotify";4;"app | music | better | awesome | spotify"
9142;"excellent";5;"female";"Suva, Fiji";"2025-12-22";"positivo";"excellent";4;"app | music | better | awesome | spotify"
9153;"Best Music App 🩷🫶🏻";5;"female";"Guayaquil, Ecuador";"2024-12-09";"positivo";"best music app";1;"best | app | music | ever | listen"
9155;"no ads FIREEEE 🔥🔥🔥";5;"female";"Brisbane, Australia";"2025-08-24";"positivo";"no ads fireeee";4;"app | music | better | awesome | spotify"
9159;"it is way better than spotifyyy";5;"female";"Melbourne, Australia";"2025-06-19";"positivo";"it is way better than spotifyyy";4;"app | music | better | awesome | spotify"
9162;"download it .";5;"female";"Arequipa, Peru";"2025-04-23";"positivo";"download it";4;"app | music | better | awesome | spotify"
9163;"so good sound cloud";5;"female";"Nadi, Fiji";"2025-10-21";"positivo";"so good sound cloud";0;"good | app | music | experience | really"
9177;"good vibes great music";5;"female";"Adelaide, Australia";"2025-05-06";"positivo";"good vibes great music";2;"great | app | music | back | really"
9178;"very happy and impressed with what they do. Only request for old users who started when it first launched without ads and stuff they should be offered at least ad free use and some paid premium services on discounted rates. Thanks";5;"female";"Valparaíso, Chile";"2025-03-20";"positivo";"very happy and impressed with what they do only request for old users who started when it first launched without ads and stuff they should be offered at least ad free use and some paid premium services on discounted rates thanks";4;"app | music | better | awesome | spotify"
9180;"Sound Cloud is the Ideal Audio/ Musical Platform for promoting your work!";5;"female";"Port Moresby, Papua New Guinea";"2025-10-05";"positivo";"sound cloud is the ideal audio musical platform for promoting your work";4;"app | music | better | awesome | spotify"
9184;"love the remixes!";5;"female";"Christchurch, New Zealand";"2025-11-08";"positivo";"love the remixes";5;"love | app | music | much | amazing"
9187;"Great App!";5;"female";"Suva, Fiji";"2025-12-02";"positivo";"great app";2;"great | app | music | back | really"
9192;"it's very nice using this application..";5;"female";"Melbourne, Australia";"2025-05-29";"positivo";"it s very nice using this application";4;"app | music | better | awesome | spotify"
9200;"Perfect";5;"female";"Asunción, Paraguay";"2025-04-08";"positivo";"perfect";7;"perfect | music | update | much | love"
9204;"w app but less ads will be better ik there is Pro but like kids use this app aswell and not all guys can buy it";5;"female";"Valparaíso, Chile";"2024-12-29";"positivo";"w app but less ads will be better ik there is pro but like kids use this app aswell and not all guys can buy it";4;"app | music | better | awesome | spotify"
9211;"super";5;"female";"Hobart, Australia";"2025-07-05";"positivo";"super";4;"app | music | better | awesome | spotify"
9215;"good";5;"female";"Port Moresby, Papua New Guinea";"2025-07-15";"positivo";"good";0;"good | app | music | experience | really"
9217;"it good";5;"female";"Christchurch, New Zealand";"2025-12-15";"positivo";"it good";0;"good | app | music | experience | really"
9222;"I LOVE ITTTTTTTTTTTTTTTT YASSSSSSSS QUEEEN";5;"female";"Queenstown, New Zealand";"2025-09-19";"positivo";"i love itttttttttttttttt yassssssss queeen";5;"love | app | music | much | amazing"
9226;"This app is actually better than Spotify";5;"female";"Rosario, Argentina";"2024-12-12";"positivo";"this app is actually better than spotify";4;"app | music | better | awesome | spotify"
9232;"I had a great time with SoundCloud. It was always one of my favorite programs. Now I want to install it again. It's definitely much better now with the new updates.";5;"female";"Suva, Fiji";"2025-12-18";"positivo";"i had a great time with soundcloud it was always one of my favorite programs now i want to install it again it s definitely much better now with the new updates";4;"app | music | better | awesome | spotify"
9235;"That's what I wanted 👌🏻🌝";5;"female";"Brisbane, Australia";"2025-10-20";"positivo";"that s what i wanted";4;"app | music | better | awesome | spotify"
9241;"poooooooof";5;"female";"Cali, Colombia";"2025-01-28";"positivo";"poooooooof";4;"app | music | better | awesome | spotify"
9242;"boom";5;"female";"Canberra, Australia";"2025-09-05";"positivo";"boom";4;"app | music | better | awesome | spotify"
9253;"perfecttttttttttt👍🏻";5;"female";"Bogotá, Colombia";"2024-12-26";"positivo";"perfecttttttttttt";4;"app | music | better | awesome | spotify"
9254;"soundcloud is 👍🏻";5;"female";"Christchurch, New Zealand";"2025-12-06";"positivo";"soundcloud is";4;"app | music | better | awesome | spotify"
9259;"it's fast. No loading waiting time.";5;"female";"Rio de Janeiro, Brazil";"2025-02-08";"positivo";"it s fast no loading waiting time";4;"app | music | better | awesome | spotify"
9260;"best for tranc";5;"female";"Melbourne, Australia";"2025-08-23";"positivo";"best for tranc";1;"best | app | music | ever | listen"
9262;"best app to listen to music";5;"female";"Asunción, Paraguay";"2025-04-18";"positivo";"best app to listen to music";1;"best | app | music | ever | listen"
9271;"good";5;"female";"Canberra, Australia";"2025-06-06";"positivo";"good";0;"good | app | music | experience | really"
9276;"nice";5;"female";"Arequipa, Peru";"2025-03-12";"positivo";"nice";6;"nice | app | music | no | songs"
9284;"I just love it";5;"female";"Gold Coast, Australia";"2025-05-12";"positivo";"i just love it";5;"love | app | music | much | amazing"
9293;"Good luck";5;"female";"Salvador, Brazil";"2025-02-13";"positivo";"good luck";4;"app | music | better | awesome | spotify"
9298;"exceptional ✨";5;"female";"Hobart, Australia";"2025-07-24";"positivo";"exceptional";4;"app | music | better | awesome | spotify"
9302;"Better then YouTube Audio";5;"female";"Santiago, Chile";"2025-01-07";"positivo";"better then youtube audio";4;"app | music | better | awesome | spotify"
9305;"I think is helping us so much starving artists";5;"female";"Hobart, Australia";"2025-10-28";"positivo";"i think is helping us so much starving artists";4;"app | music | better | awesome | spotify"
9310;"I love it";5;"female";"Arequipa, Peru";"2025-04-07";"positivo";"i love it";5;"love | app | music | much | amazing"
9316;"happy❤️";5;"female";"Auckland, New Zealand";"2025-09-27";"positivo";"happy";4;"app | music | better | awesome | spotify"
9319;"always feeling free";5;"female";"Córdoba, Argentina";"2025-02-12";"positivo";"always feeling free";4;"app | music | better | awesome | spotify"
9321;"very nice 👍";5;"female";"Gold Coast, Australia";"2025-07-03";"positivo";"very nice";6;"nice | app | music | no | songs"
9326;"best app";5;"female";"Lima, Peru";"2024-12-21";"positivo";"best app";1;"best | app | music | ever | listen"
9327;"I JUST LOVE IT ITS AMAZING AND ITS BEST FOR BROKE 💔💔";5;"female";"Nadi, Fiji";"2025-05-27";"positivo";"i just love it its amazing and its best for broke";4;"app | music | better | awesome | spotify"
9334;"Perfect";5;"female";"Christchurch, New Zealand";"2025-05-11";"positivo";"perfect";7;"perfect | music | update | much | love"
9336;"By downloading any audio song from here, if you add that song on Facebook, will the copyright come? Please reply this solution..";5;"female";"Queenstown, New Zealand";"2025-11-26";"positivo";"by downloading any audio song from here if you add that song on facebook will the copyright come please reply this solution";4;"app | music | better | awesome | spotify"
9353;"nurhhn";5;"female";"Sydney, Australia";"2025-08-02";"positivo";"nurhhn";4;"app | music | better | awesome | spotify"
9356;"حلو";5;"female";"Adelaide, Australia";"2025-10-24";"positivo";"حلو";4;"app | music | better | awesome | spotify"
9359;"it's all about the music when it comes to electro music I hit play and don't need to waste time searching it's got a great selection ⭐️⭐️⭐️⭐️";5;"female";"Guayaquil, Ecuador";"2025-04-05";"positivo";"it s all about the music when it comes to electro music i hit play and don t need to waste time searching it s got a great selection";4;"app | music | better | awesome | spotify"
9363;"Kia ora & G'day Friends! You guys and girls on the software development team are true geniuses! I've had guys work for me and the guys and girls ability to take a crazy idea of mine and build a piece of software that exceeds all my expectations! Truly Heaven Sent! All of you! Warm regards, John Hobbins Auckland, Aotearoa";5;"female";"Adelaide, Australia";"2025-07-14";"positivo";"kia ora g day friends you guys and girls on the software development team are true geniuses i ve had guys work for me and the guys and girls ability to take a crazy idea of mine and build a piece of software that exceeds all my expectations truly heaven sent all of you warm regards john hobbins auckland aotearoa";4;"app | music | better | awesome | spotify"
9364;"🥰🥰🥰 love it";5;"female";"Lima, Peru";"2025-03-02";"positivo";"love it";5;"love | app | music | much | amazing"
9365;"best";5;"female";"Medellín, Colombia";"2025-03-25";"positivo";"best";1;"best | app | music | ever | listen"
9366;"Nice 👍👍 🙂";5;"female";"Adelaide, Australia";"2025-11-26";"positivo";"nice";6;"nice | app | music | no | songs"
9370;"Nice app";5;"female";"Queenstown, New Zealand";"2025-09-23";"positivo";"nice app";6;"nice | app | music | no | songs"
9375;"good";5;"female";"Perth, Australia";"2025-10-17";"positivo";"good";0;"good | app | music | experience | really"
9376;"need more integrations";5;"female";"Port Moresby, Papua New Guinea";"2025-07-10";"positivo";"need more integrations";4;"app | music | better | awesome | spotify"
9377;"Perfect update❤️‍🔥";5;"female";"Canberra, Australia";"2025-11-28";"positivo";"perfect update";7;"perfect | music | update | much | love"
9379;"great";5;"female";"Gold Coast, Australia";"2025-11-26";"positivo";"great";2;"great | app | music | back | really"
9385;"Great variety of music... Keep the good work🔥💪";5;"female";"Queenstown, New Zealand";"2025-07-10";"positivo";"great variety of music keep the good work";4;"app | music | better | awesome | spotify"
9390;"Awesome";5;"female";"Queenstown, New Zealand";"2025-12-23";"positivo";"awesome";4;"app | music | better | awesome | spotify"
9405;"fantastic app to use";5;"female";"Brisbane, Australia";"2025-10-15";"positivo";"fantastic app to use";4;"app | music | better | awesome | spotify"
9415;"osame and great app for sound lover";5;"female";"Melbourne, Australia";"2025-10-23";"positivo";"osame and great app for sound lover";2;"great | app | music | back | really"
9421;"I dig the groove and the lyrics...";5;"female";"Nadi, Fiji";"2025-05-16";"positivo";"i dig the groove and the lyrics";4;"app | music | better | awesome | spotify"
9425;"yay";5;"female";"Wellington, New Zealand";"2025-10-22";"positivo";"yay";4;"app | music | better | awesome | spotify"
9426;"It's the best. Everything I expected.";5;"female";"Wellington, New Zealand";"2025-12-19";"positivo";"it s the best everything i expected";1;"best | app | music | ever | listen"
9427;"Excellent";5;"female";"Wellington, New Zealand";"2025-10-08";"positivo";"excellent";4;"app | music | better | awesome | spotify"
9431;"it's awesome";5;"female";"Sydney, Australia";"2025-07-26";"positivo";"it s awesome";4;"app | music | better | awesome | spotify"
9454;"perfect";5;"female";"Brisbane, Australia";"2025-08-24";"positivo";"perfect";7;"perfect | music | update | much | love"
9458;"nice";5;"female";"Port Moresby, Papua New Guinea";"2025-12-27";"positivo";"nice";6;"nice | app | music | no | songs"
9459;"well done";5;"female";"Bogotá, Colombia";"2025-03-05";"positivo";"well done";4;"app | music | better | awesome | spotify"
9460;"Best of the best";5;"female";"Valparaíso, Chile";"2025-03-14";"positivo";"best of the best";1;"best | app | music | ever | listen"
9464;"it was amazing";5;"female";"Queenstown, New Zealand";"2025-12-25";"positivo";"it was amazing";4;"app | music | better | awesome | spotify"
9473;"like it";5;"female";"Salvador, Brazil";"2024-12-02";"positivo";"like it";3;"like | app | music | really | songs"
9474;"Good experience";5;"female";"Adelaide, Australia";"2025-12-18";"positivo";"good experience";0;"good | app | music | experience | really"
9492;"Better than Spotify";5;"female";"Adelaide, Australia";"2025-05-24";"positivo";"better than spotify";4;"app | music | better | awesome | spotify"
9499;"Definitely Recommend 😀";5;"female";"Auckland, New Zealand";"2025-09-01";"positivo";"definitely recommend";4;"app | music | better | awesome | spotify"
9502;"The devs are great at responding to user complaints and fixing them to the best of their abilities. I can go on for a long while stating why I prefer this app over the other music streaming services, but I'll leave it at that. There are ADs, but I believe they're tolerable. 💜💜";5;"female";"Caracas, Venezuela";"2025-03-18";"positivo";"the devs are great at responding to user complaints and fixing them to the best of their abilities i can go on for a long while stating why i prefer this app over the other music streaming services but i ll leave it at that there are ads but i believe they re tolerable";4;"app | music | better | awesome | spotify"
9503;"I just got into this app so when I have more time on this app I'll update this in the future!";5;"female";"Brisbane, Australia";"2025-11-30";"positivo";"i just got into this app so when i have more time on this app i ll update this in the future";4;"app | music | better | awesome | spotify"
9507;"nic experience 💮";5;"female";"Santiago, Chile";"2025-02-27";"positivo";"nic experience";4;"app | music | better | awesome | spotify"
9514;"Nice";5;"female";"Brasília, Brazil";"2024-12-19";"positivo";"nice";6;"nice | app | music | no | songs"
9517;"goood";5;"female";"Melbourne, Australia";"2025-08-10";"positivo";"goood";4;"app | music | better | awesome | spotify"
9518;"Bomb app that's been around from the beginning. Deeprooted with excellent in the app build. For a free app, the baseline features are generous. Thanks for taking care of us.";5;"female";"Canberra, Australia";"2025-06-30";"positivo";"bomb app that s been around from the beginning deeprooted with excellent in the app build for a free app the baseline features are generous thanks for taking care of us";4;"app | music | better | awesome | spotify"
9527;"all i can say is that it is a great app";5;"female";"Montevideo, Uruguay";"2024-12-22";"positivo";"all i can say is that it is a great app";2;"great | app | music | back | really"
9529;"I could explore my fav artist Juicewrld's unreleased music so am more then grateful 📈";5;"female";"Rio de Janeiro, Brazil";"2025-03-29";"positivo";"i could explore my fav artist juicewrld s unreleased music so am more then grateful";4;"app | music | better | awesome | spotify"
9531;"good";5;"female";"Port Moresby, Papua New Guinea";"2025-10-07";"positivo";"good";0;"good | app | music | experience | really"
9533;"Very good";5;"female";"Queenstown, New Zealand";"2025-07-30";"positivo";"very good";0;"good | app | music | experience | really"
9542;"the great app to share music's";5;"female";"Perth, Australia";"2025-05-14";"positivo";"the great app to share music s";2;"great | app | music | back | really"
9546;"Even tho it tells me to update all the time, I love the unlimited skips but I don't like how some songs you need to pay for-";5;"female";"Queenstown, New Zealand";"2025-11-20";"positivo";"even tho it tells me to update all the time i love the unlimited skips but i don t like how some songs you need to pay for";4;"app | music | better | awesome | spotify"
9548;"Good";5;"female";"Caracas, Venezuela";"2025-01-14";"positivo";"good";0;"good | app | music | experience | really"
9551;"awesome 👍";5;"female";"Wellington, New Zealand";"2025-09-24";"positivo";"awesome";4;"app | music | better | awesome | spotify"
9561;"Its a fantastic app but I gave it a 4 star rating because we can't download songs on it , so its pretty much useless when ur traveling where there is no proper internet available I request soundcloud team to enter a setting like download to listen to songs offline (u can make sure Noone can post it outside the app if the artists have problems) Being a loyal user of soundcloud , the lack of the offline song(download) is forcing me to use spotify :(";5;"female";"Cali, Colombia";"2025-01-08";"positivo";"its a fantastic app but i gave it a star rating because we can t download songs on it so its pretty much useless when ur traveling where there is no proper internet available i request soundcloud team to enter a setting like download to listen to songs offline u can make sure noone can post it outside the app if the artists have problems being a loyal user of soundcloud the lack of the offline song download is forcing me to use spotify";4;"app | music | better | awesome | spotify"
9575;"Watch & listen my youtube channel,so I will be inspired to select more interesting songs.Thank you.";5;"female";"Perth, Australia";"2025-09-04";"positivo";"watch listen my youtube channel so i will be inspired to select more interesting songs thank you";4;"app | music | better | awesome | spotify"
9576;"came here for one thing. and one thing only, YOUNG LORD CHURCHILL";5;"female";"Hobart, Australia";"2025-09-05";"positivo";"came here for one thing and one thing only young lord churchill";4;"app | music | better | awesome | spotify"
9577;"Favorite";5;"female";"Hobart, Australia";"2025-08-05";"positivo";"favorite";4;"app | music | better | awesome | spotify"
9580;"very good";5;"female";"Melbourne, Australia";"2025-09-30";"positivo";"very good";0;"good | app | music | experience | really"
9587;"Omg this is actually so good, I tried Spotify and way more stuff but this one has so many options! ty SoundCloud";5;"female";"Lima, Peru";"2025-04-23";"positivo";"omg this is actually so good i tried spotify and way more stuff but this one has so many options ty soundcloud";4;"app | music | better | awesome | spotify"
9590;"You need to add back SoundCloud recourt. It's only fair for us underground rappers. I grew up as a underground rap. Per and I always used SoundCloud record. I don't like using o the public. Please be fair to the public and give us back. Our SoundCloud record so that we can be in our own studio with sound. Cloud that's how we practice to put out music";5;"female";"Auckland, New Zealand";"2025-09-13";"positivo";"you need to add back soundcloud recourt it s only fair for us underground rappers i grew up as a underground rap per and i always used soundcloud record i don t like using o the public please be fair to the public and give us back our soundcloud record so that we can be in our own studio with sound cloud that s how we practice to put out music";4;"app | music | better | awesome | spotify"
9591;"love it";5;"female";"Nadi, Fiji";"2025-11-21";"positivo";"love it";5;"love | app | music | much | amazing"
9596;"❤️❤️";5;"female";"Rio de Janeiro, Brazil";"2025-03-04";"positivo";"";4;"app | music | better | awesome | spotify"
9597;"very wide variety of music dubstep especially 🫠";5;"female";"Port Moresby, Papua New Guinea";"2025-09-26";"positivo";"very wide variety of music dubstep especially";4;"app | music | better | awesome | spotify"
9602;"Love it, too many ads tho but whatcanyadoaboutit";5;"female";"Adelaide, Australia";"2025-12-23";"positivo";"love it too many ads tho but whatcanyadoaboutit";4;"app | music | better | awesome | spotify"
9606;"I can give 5 stars.Because without paying a penny gives all songs without ads";5;"female";"Wellington, New Zealand";"2025-06-09";"positivo";"i can give stars because without paying a penny gives all songs without ads";4;"app | music | better | awesome | spotify"
9619;"Awesome 😎👍";5;"female";"Sydney, Australia";"2025-11-19";"positivo";"awesome";4;"app | music | better | awesome | spotify"
9622;"كده";5;"female";"Cali, Colombia";"2024-12-03";"positivo";"كده";4;"app | music | better | awesome | spotify"
9629;"My happy pill..first and last app i use";5;"female";"Guayaquil, Ecuador";"2025-04-09";"positivo";"my happy pill first and last app i use";4;"app | music | better | awesome | spotify"
9631;"Love it";5;"female";"Caracas, Venezuela";"2025-03-21";"positivo";"love it";5;"love | app | music | much | amazing"
9634;"👌🏻";5;"female";"Santa Cruz, Bolivia";"2024-12-23";"positivo";"";4;"app | music | better | awesome | spotify"
9635;"Good";5;"female";"Brisbane, Australia";"2025-12-23";"positivo";"good";0;"good | app | music | experience | really"
9638;"I love it";5;"female";"Perth, Australia";"2025-09-25";"positivo";"i love it";5;"love | app | music | much | amazing"
9643;"fire skibidi PUMPKIN ohio alpha max 👽🌀🔥💩💨 mama a sound cloud puchina behind u 💜 she knows 😳 thank you Beyonce drake drake go away come and get me another day 🏃‍♀️ 💨 -2024.";5;"female";"Perth, Australia";"2025-10-10";"positivo";"fire skibidi pumpkin ohio alpha max mama a sound cloud puchina behind u she knows thank you beyonce drake drake go away come and get me another day";4;"app | music | better | awesome | spotify"
9647;"I like music";5;"female";"Montevideo, Uruguay";"2024-12-02";"positivo";"i like music";3;"like | app | music | really | songs"
9649;"verey good";5;"female";"Hobart, Australia";"2025-11-06";"positivo";"verey good";0;"good | app | music | experience | really"
9658;"great app. loads of stuff available";5;"female";"Salvador, Brazil";"2025-02-17";"positivo";"great app loads of stuff available";4;"app | music | better | awesome | spotify"
9665;"boss";5;"female";"Fortaleza, Brazil";"2024-12-03";"positivo";"boss";4;"app | music | better | awesome | spotify"
9673;"I love SoundCloud!!! can find anything and everything on here...";5;"female";"Canberra, Australia";"2025-08-03";"positivo";"i love soundcloud can find anything and everything on here";4;"app | music | better | awesome | spotify"
9679;"has good balance for indie and publishers with good less ads.";5;"female";"Asunción, Paraguay";"2025-02-06";"positivo";"has good balance for indie and publishers with good less ads";0;"good | app | music | experience | really"
9680;"muito bom gostei 👌👌";5;"female";"Adelaide, Australia";"2025-07-20";"positivo";"muito bom gostei";4;"app | music | better | awesome | spotify"
9688;"very good app";5;"female";"La Paz, Bolivia";"2025-04-05";"positivo";"very good app";0;"good | app | music | experience | really"
9690;"way better than Spotify";5;"female";"Sydney, Australia";"2025-07-24";"positivo";"way better than spotify";4;"app | music | better | awesome | spotify"
9691;"great app";5;"female";"Valparaíso, Chile";"2025-04-27";"positivo";"great app";2;"great | app | music | back | really"
9714;"cutely starts using this because i've lowk had enough of spotify >>";5;"female";"Cali, Colombia";"2025-02-23";"positivo";"cutely starts using this because i ve lowk had enough of spotify";4;"app | music | better | awesome | spotify"
9719;"Thanks for the greatest Music App";5;"female";"Medellín, Colombia";"2024-12-08";"positivo";"thanks for the greatest music app";4;"app | music | better | awesome | spotify"
9728;"I love soundcloud and always have for years since I first got it years back. it has some brilliant stuff on it. utube is a bit of a let down with all the adverts you get all the time 6";5;"female";"Auckland, New Zealand";"2025-11-10";"positivo";"i love soundcloud and always have for years since i first got it years back it has some brilliant stuff on it utube is a bit of a let down with all the adverts you get all the time";4;"app | music | better | awesome | spotify"
9731;"👌👌👌";5;"female";"Wellington, New Zealand";"2025-10-31";"positivo";"";4;"app | music | better | awesome | spotify"
9732;"hi, thanks for you";5;"female";"Valparaíso, Chile";"2025-03-20";"positivo";"hi thanks for you";4;"app | music | better | awesome | spotify"
9740;"the sounds is good";5;"female";"Adelaide, Australia";"2025-08-12";"positivo";"the sounds is good";4;"app | music | better | awesome | spotify"
9753;"super";5;"female";"Valparaíso, Chile";"2025-02-26";"positivo";"super";4;"app | music | better | awesome | spotify"
9754;"I love soundcloud, they have a large assortment of different types of music and I like certain DJ's & house music and soundcloud has it all!😃";5;"female";"Adelaide, Australia";"2025-07-30";"positivo";"i love soundcloud they have a large assortment of different types of music and i like certain dj s house music and soundcloud has it all";4;"app | music | better | awesome | spotify"
9756;"so lately, every time I'm playing a game while listening to music, my music just stops completely, and I have to leave the game, and then it puts a different song. update: I fixed it. If this happens, your SoundCloud is on sleep mode, guys😅";5;"female";"Canberra, Australia";"2025-05-02";"positivo";"so lately every time i m playing a game while listening to music my music just stops completely and i have to leave the game and then it puts a different song update i fixed it if this happens your soundcloud is on sleep mode guys";4;"app | music | better | awesome | spotify"
9757;"Top track. great energy, interesting melodies.";5;"female";"Port Moresby, Papua New Guinea";"2025-07-07";"positivo";"top track great energy interesting melodies";4;"app | music | better | awesome | spotify"
9771;"good app for music";5;"female";"Melbourne, Australia";"2025-11-28";"positivo";"good app for music";0;"good | app | music | experience | really"
9772;"One of best, why i am so late 😭🥺";5;"female";"Wellington, New Zealand";"2025-07-19";"positivo";"one of best why i am so late";4;"app | music | better | awesome | spotify"
9773;"Excellent";5;"female";"Salvador, Brazil";"2025-01-22";"positivo";"excellent";4;"app | music | better | awesome | spotify"
9776;"amazing! find your new music here! so many undiscovered tunes!";5;"female";"Hobart, Australia";"2025-08-12";"positivo";"amazing find your new music here so many undiscovered tunes";4;"app | music | better | awesome | spotify"
9780;"very ok ok";5;"female";"Salvador, Brazil";"2025-04-06";"positivo";"very ok ok";4;"app | music | better | awesome | spotify"
9782;"huh";5;"female";"Nadi, Fiji";"2025-11-19";"positivo";"huh";4;"app | music | better | awesome | spotify"
9787;"عالیییییی";5;"female";"Melbourne, Australia";"2025-08-05";"positivo";"عالیییییی";4;"app | music | better | awesome | spotify"
9794;"better then sportifi";5;"female";"Canberra, Australia";"2025-08-23";"positivo";"better then sportifi";4;"app | music | better | awesome | spotify"
9795;"good";5;"female";"Wellington, New Zealand";"2025-05-27";"positivo";"good";0;"good | app | music | experience | really"
9796;"good";5;"female";"Wellington, New Zealand";"2025-11-06";"positivo";"good";0;"good | app | music | experience | really"
9798;"nice";5;"female";"Canberra, Australia";"2025-07-18";"positivo";"nice";6;"nice | app | music | no | songs"
9802;"Ty for great development and ambitious 🍀💜";5;"female";"Port Moresby, Papua New Guinea";"2025-08-05";"positivo";"ty for great development and ambitious";2;"great | app | music | back | really"
9803;"🔥🔥🔥";5;"female";"Perth, Australia";"2025-12-07";"positivo";"";4;"app | music | better | awesome | spotify"
9805;"sufficent";5;"female";"Cali, Colombia";"2024-12-02";"positivo";"sufficent";4;"app | music | better | awesome | spotify"
9809;"it's literally just Spotify but without the restrictions";5;"female";"Auckland, New Zealand";"2025-05-28";"positivo";"it s literally just spotify but without the restrictions";4;"app | music | better | awesome | spotify"
9811;"music is art, let's spread it";5;"female";"Suva, Fiji";"2025-06-17";"positivo";"music is art let s spread it";4;"app | music | better | awesome | spotify"
9815;"Great 👍";5;"female";"Port Moresby, Papua New Guinea";"2025-09-22";"positivo";"great";2;"great | app | music | back | really"
9819;"Grrreeeeeeaaaaat";5;"female";"Sydney, Australia";"2025-06-01";"positivo";"grrreeeeeeaaaaat";4;"app | music | better | awesome | spotify"
9820;"great app";5;"female";"Suva, Fiji";"2025-05-01";"positivo";"great app";2;"great | app | music | back | really"
9837;"nice 👍";5;"female";"Canberra, Australia";"2025-09-30";"positivo";"nice";6;"nice | app | music | no | songs"
9844;"wayyy better than Spotify but the app really needs a song transition for smoother listening";5;"female";"Adelaide, Australia";"2025-08-10";"positivo";"wayyy better than spotify but the app really needs a song transition for smoother listening";4;"app | music | better | awesome | spotify"
9846;"Let's Play Good Music Together";5;"female";"Rosario, Argentina";"2025-03-13";"positivo";"let s play good music together";4;"app | music | better | awesome | spotify"
9847;"very good";5;"female";"Nadi, Fiji";"2025-10-21";"positivo";"very good";0;"good | app | music | experience | really"
9849;"💋";5;"female";"Brisbane, Australia";"2025-10-18";"positivo";"";4;"app | music | better | awesome | spotify"
9853;"bahot achha";5;"female";"Melbourne, Australia";"2025-10-15";"positivo";"bahot achha";4;"app | music | better | awesome | spotify"
9858;"Great!";5;"female";"Quito, Ecuador";"2025-04-10";"positivo";"great";2;"great | app | music | back | really"
9860;"😁🎵🫂 P";5;"female";"Asunción, Paraguay";"2025-02-15";"positivo";"p";4;"app | music | better | awesome | spotify"
9865;"re on 🇿🇦🇿🇦🇿🇦 @scs012gp";5;"female";"Brasília, Brazil";"2025-03-01";"positivo";"re on scsgp";4;"app | music | better | awesome | spotify"
9885;"can't live without SoundCloud, just wish it was still 100% free.";5;"female";"Caracas, Venezuela";"2025-04-20";"positivo";"can t live without soundcloud just wish it was still free";4;"app | music | better | awesome | spotify"
9886;"I like s c";5;"female";"Valparaíso, Chile";"2025-04-06";"positivo";"i like s c";3;"like | app | music | really | songs"
9894;"i still trying it";5;"female";"Caracas, Venezuela";"2025-04-30";"positivo";"i still trying it";4;"app | music | better | awesome | spotify"
9901;"awesome 👌 👏 👍 😍 💖";5;"female";"Bogotá, Colombia";"2025-03-26";"positivo";"awesome";4;"app | music | better | awesome | spotify"
9911;"best";5;"female";"Rosario, Argentina";"2025-03-30";"positivo";"best";1;"best | app | music | ever | listen"
9912;"Yes, just yes";5;"female";"Brasília, Brazil";"2024-12-22";"positivo";"yes just yes";4;"app | music | better | awesome | spotify"
9913;"😍😍😍😍😍😍";5;"female";"Buenos Aires, Argentina";"2025-03-15";"positivo";"";4;"app | music | better | awesome | spotify"
9914;"very good 😊👍";5;"female";"Canberra, Australia";"2025-08-24";"positivo";"very good";0;"good | app | music | experience | really"
9915;"I've had my account on this for 3 years and everything is still here";5;"female";"Gold Coast, Australia";"2025-08-06";"positivo";"i ve had my account on this for years and everything is still here";4;"app | music | better | awesome | spotify"
9924;"underrated";5;"female";"Bogotá, Colombia";"2025-04-09";"positivo";"underrated";4;"app | music | better | awesome | spotify"
9925;"i am satisfied.";5;"female";"Caracas, Venezuela";"2025-03-16";"positivo";"i am satisfied";4;"app | music | better | awesome | spotify"
9932;"highly recommend 👍";5;"female";"Wellington, New Zealand";"2025-05-16";"positivo";"highly recommend";4;"app | music | better | awesome | spotify"
9933;"Love this app! I personally use it when doing homework or basic chores, but it's almost as if I use it all day! although there was this one glitch where my playlists suddenly deleted all of the songs I had saved on it and it was like a year worth of songs! hope you guys fixed this bug!!";5;"female";"Wellington, New Zealand";"2025-11-01";"positivo";"love this app i personally use it when doing homework or basic chores but it s almost as if i use it all day although there was this one glitch where my playlists suddenly deleted all of the songs i had saved on it and it was like a year worth of songs hope you guys fixed this bug";4;"app | music | better | awesome | spotify"
9936;"best music app";5;"female";"Perth, Australia";"2025-11-25";"positivo";"best music app";1;"best | app | music | ever | listen"
9938;"great, better use than Spotify!";5;"female";"Nadi, Fiji";"2025-05-28";"positivo";"great better use than spotify";4;"app | music | better | awesome | spotify"
9943;"ich liebe eure app, aber aktuell doch sehr viel Werbung solange man nicht zahlt und einzelne tracks von unterschiedlichen Künstlern anhört. klar, es sind ""nur"" 30 sekunden, aber nach fast jedem einzelnen track nervt das doch sehr.";5;"female";"La Paz, Bolivia";"2025-01-16";"positivo";"ich liebe eure app aber aktuell doch sehr viel werbung solange man nicht zahlt und einzelne tracks von unterschiedlichen künstlern anhört klar es sind nur sekunden aber nach fast jedem einzelnen track nervt das doch sehr";4;"app | music | better | awesome | spotify"
9946;"good job";5;"female";"São Paulo, Brazil";"2025-02-12";"positivo";"good job";4;"app | music | better | awesome | spotify"
9948;"perfect";5;"female";"Fortaleza, Brazil";"2025-02-21";"positivo";"perfect";7;"perfect | music | update | much | love"
9951;"super";5;"female";"Queenstown, New Zealand";"2025-06-25";"positivo";"super";4;"app | music | better | awesome | spotify"
9952;"Amazing";5;"female";"São Paulo, Brazil";"2024-12-29";"positivo";"amazing";4;"app | music | better | awesome | spotify"
9957;"i think it's a very cool app and I'm pretty sure other people like the app as well but in my own words i very much like the app.";5;"female";"Queenstown, New Zealand";"2025-06-16";"positivo";"i think it s a very cool app and i m pretty sure other people like the app as well but in my own words i very much like the app";4;"app | music | better | awesome | spotify"
9965;"love this app. been using it for years and have no complaints";5;"female";"Melbourne, Australia";"2025-08-02";"positivo";"love this app been using it for years and have no complaints";4;"app | music | better | awesome | spotify"
9974;"it's the best app I've ever seen";5;"female";"Gold Coast, Australia";"2025-05-11";"positivo";"it s the best app i ve ever seen";1;"best | app | music | ever | listen"
9976;"cool";5;"female";"Nadi, Fiji";"2025-10-13";"positivo";"cool";4;"app | music | better | awesome | spotify"
9985;"love it.. thanks 😍😍";5;"female";"Brasília, Brazil";"2024-12-30";"positivo";"love it thanks";5;"love | app | music | much | amazing"
9986;"No ad and so much free thing use";5;"female";"Quito, Ecuador";"2025-02-21";"positivo";"no ad and so much free thing use";4;"app | music | better | awesome | spotify"
9988;"This is better";5;"female";"Melbourne, Australia";"2025-10-26";"positivo";"this is better";4;"app | music | better | awesome | spotify"
9991;"It's WAY BETTER then SPOTIFY!";5;"female";"Santa Cruz, Bolivia";"2025-02-12";"positivo";"it s way better then spotify";4;"app | music | better | awesome | spotify"
9993;"good";5;"female";"Lima, Peru";"2025-04-29";"positivo";"good";0;"good | app | music | experience | really"
9999;"only place for fast paced energy like mine to listen to my favorite makina sets 🔊🎼🎶";5;"female";"Wellington, New Zealand";"2025-06-23";"positivo";"only place for fast paced energy like mine to listen to my favorite makina sets";4;"app | music | better | awesome | spotify"
10000;"😍😍";5;"female";"Melbourne, Australia";"2025-05-11";"positivo";"";4;"app | music | better | awesome | spotify"
10003;"good experience";5;"female";"Auckland, New Zealand";"2025-07-26";"positivo";"good experience";0;"good | app | music | experience | really"
10011;"favorite music player and discovery for electronic style wizardry";5;"female";"Brasília, Brazil";"2025-01-17";"positivo";"favorite music player and discovery for electronic style wizardry";4;"app | music | better | awesome | spotify"
10017;"Awesome Music 🎶";5;"female";"Santa Cruz, Bolivia";"2024-11-27";"positivo";"awesome music";4;"app | music | better | awesome | spotify"
10026;"Good";5;"female";"Wellington, New Zealand";"2025-12-08";"positivo";"good";0;"good | app | music | experience | really"
10029;"🥃";5;"female";"Bogotá, Colombia";"2024-12-14";"positivo";"";4;"app | music | better | awesome | spotify"
10035;"soo sweet";5;"female";"Suva, Fiji";"2025-06-13";"positivo";"soo sweet";4;"app | music | better | awesome | spotify"
10038;"This app is better than Spotify but one problem I got here now: I want to add TE GANE, but every time I try it does not add. Please help.";5;"female";"Gold Coast, Australia";"2025-06-30";"positivo";"this app is better than spotify but one problem i got here now i want to add te gane but every time i try it does not add please help";4;"app | music | better | awesome | spotify"
10039;"super song salutations nice app";5;"female";"Gold Coast, Australia";"2025-07-18";"positivo";"super song salutations nice app";4;"app | music | better | awesome | spotify"
10040;"Great";5;"female";"Arequipa, Peru";"2024-11-19";"positivo";"great";2;"great | app | music | back | really"
10052;"nice...";5;"female";"Santiago, Chile";"2025-04-10";"positivo";"nice";6;"nice | app | music | no | songs"
10054;"I've had no problems with this app, It had all the songs I was looking for and actually gives me good songs that match my music taste, I haven't seen ads, overall it's a great app to listen to music on.";5;"female";"Christchurch, New Zealand";"2025-12-09";"positivo";"i ve had no problems with this app it had all the songs i was looking for and actually gives me good songs that match my music taste i haven t seen ads overall it s a great app to listen to music on";4;"app | music | better | awesome | spotify"
10056;"mad and very exciting to us sound cloud";5;"female";"Sydney, Australia";"2025-09-09";"positivo";"mad and very exciting to us sound cloud";4;"app | music | better | awesome | spotify"
10062;"best platform for artists";5;"female";"Auckland, New Zealand";"2025-09-23";"positivo";"best platform for artists";1;"best | app | music | ever | listen"
10083;"awesome 💀App";5;"female";"Medellín, Colombia";"2025-01-13";"positivo";"awesome app";4;"app | music | better | awesome | spotify"
10091;"i realy like this";5;"female";"Brasília, Brazil";"2025-03-14";"positivo";"i realy like this";3;"like | app | music | really | songs"
10093;"sc>spot any day";5;"female";"São Paulo, Brazil";"2025-02-16";"positivo";"sc spot any day";4;"app | music | better | awesome | spotify"
10097;"v good";5;"female";"Cali, Colombia";"2025-03-10";"positivo";"v good";0;"good | app | music | experience | really"
10101;"really good app.";5;"female";"Salvador, Brazil";"2025-03-18";"positivo";"really good app";4;"app | music | better | awesome | spotify"
10117;"perfect";5;"female";"Caracas, Venezuela";"2024-12-30";"positivo";"perfect";7;"perfect | music | update | much | love"
10118;"as a music lover, I appreciate your fantastic job";5;"female";"Queenstown, New Zealand";"2025-10-18";"positivo";"as a music lover i appreciate your fantastic job";4;"app | music | better | awesome | spotify"
10121;"Good 😊👍🏻";5;"female";"Canberra, Australia";"2025-06-24";"positivo";"good";0;"good | app | music | experience | really"
10125;"good";5;"female";"Queenstown, New Zealand";"2025-07-04";"positivo";"good";0;"good | app | music | experience | really"
10126;"I like the ap";5;"female";"Gold Coast, Australia";"2025-05-26";"positivo";"i like the ap";3;"like | app | music | really | songs"
10129;"👍";5;"female";"Medellín, Colombia";"2025-04-04";"positivo";"";4;"app | music | better | awesome | spotify"
10132;"Jah guide we";5;"female";"Asunción, Paraguay";"2025-04-17";"positivo";"jah guide we";4;"app | music | better | awesome | spotify"
10133;"amazing app to enjoy the music";5;"female";"Brasília, Brazil";"2025-03-06";"positivo";"amazing app to enjoy the music";4;"app | music | better | awesome | spotify"
10141;"Wonderful, provides you with precise control of the music you'd like to listen to. I love it!";5;"female";"Sydney, Australia";"2025-11-16";"positivo";"wonderful provides you with precise control of the music you d like to listen to i love it";3;"like | app | music | really | songs"
10142;"super";5;"female";"Adelaide, Australia";"2025-05-10";"positivo";"super";4;"app | music | better | awesome | spotify"
10144;"This platform cool fr";5;"female";"Gold Coast, Australia";"2025-06-13";"positivo";"this platform cool fr";4;"app | music | better | awesome | spotify"
10149;"Spotify is 4 plebs. Soundcloud scratches my niche itches & expands my musical palate. Offered so much for free, upfront that I now WANT to pay for it";5;"female";"Brisbane, Australia";"2025-07-20";"positivo";"spotify is plebs soundcloud scratches my niche itches expands my musical palate offered so much for free upfront that i now want to pay for it";4;"app | music | better | awesome | spotify"
10152;"gas";5;"female";"Bogotá, Colombia";"2025-03-15";"positivo";"gas";4;"app | music | better | awesome | spotify"
10156;"wow that's amazing thank you for";5;"female";"São Paulo, Brazil";"2025-02-04";"positivo";"wow that s amazing thank you for";4;"app | music | better | awesome | spotify"
10163;"goooooooooooooood";5;"female";"Montevideo, Uruguay";"2025-03-24";"positivo";"goooooooooooooood";4;"app | music | better | awesome | spotify"
10172;"great for offline and on the road";5;"female";"Melbourne, Australia";"2025-07-22";"positivo";"great for offline and on the road";2;"great | app | music | back | really"
10177;"love it 😍";5;"female";"Auckland, New Zealand";"2025-11-26";"positivo";"love it";5;"love | app | music | much | amazing"
10179;"nice";5;"female";"Auckland, New Zealand";"2025-08-21";"positivo";"nice";6;"nice | app | music | no | songs"
10187;"👍";5;"female";"Queenstown, New Zealand";"2025-11-18";"positivo";"";4;"app | music | better | awesome | spotify"
10190;"лучшее приложение для музыки, как для авторов так и для слушателей, правда вы тут быстрее ремикс найдете чем оригинальный трек но в этом и изюминка.";5;"female";"Nadi, Fiji";"2025-08-24";"positivo";"лучшее приложение для музыки как для авторов так и для слушателей правда вы тут быстрее ремикс найдете чем оригинальный трек но в этом и изюминка";4;"app | music | better | awesome | spotify"
10199;"good job";5;"female";"Hobart, Australia";"2025-12-06";"positivo";"good job";4;"app | music | better | awesome | spotify"
10202;"It works well. You can listen to basically any music and you don't even need Internet if you make a playlist.";5;"female";"Nadi, Fiji";"2025-07-27";"positivo";"it works well you can listen to basically any music and you don t even need internet if you make a playlist";4;"app | music | better | awesome | spotify"
10210;"lovely 😍";5;"female";"Cali, Colombia";"2024-11-20";"positivo";"lovely";4;"app | music | better | awesome | spotify"
10215;"great";5;"female";"Sydney, Australia";"2025-11-13";"positivo";"great";2;"great | app | music | back | really"
10219;"great business";5;"female";"Perth, Australia";"2025-11-30";"positivo";"great business";2;"great | app | music | back | really"
10220;"Best music app ever";5;"female";"Buenos Aires, Argentina";"2025-04-24";"positivo";"best music app ever";1;"best | app | music | ever | listen"
10222;"Finally a music app for filling basic music app purposes like being able to play any song at any time... looking at you Spotify...";5;"female";"Brisbane, Australia";"2025-09-11";"positivo";"finally a music app for filling basic music app purposes like being able to play any song at any time looking at you spotify";4;"app | music | better | awesome | spotify"
10227;"very good";5;"female";"Brisbane, Australia";"2025-06-19";"positivo";"very good";0;"good | app | music | experience | really"
10229;"best app for music,all time,all moment🫶🫂";5;"female";"Santa Cruz, Bolivia";"2025-01-08";"positivo";"best app for music all time all moment";1;"best | app | music | ever | listen"
10234;"I love Sound Cloud";5;"female";"Lima, Peru";"2025-04-20";"positivo";"i love sound cloud";5;"love | app | music | much | amazing"
10237;"good";5;"female";"Port Moresby, Papua New Guinea";"2025-08-02";"positivo";"good";0;"good | app | music | experience | really"
10239;"awesome app";5;"female";"Nadi, Fiji";"2025-05-31";"positivo";"awesome app";4;"app | music | better | awesome | spotify"
10251;"nice";5;"female";"Bogotá, Colombia";"2025-01-24";"positivo";"nice";6;"nice | app | music | no | songs"
10252;"This app is free and better than Spotify";5;"female";"Queenstown, New Zealand";"2025-07-13";"positivo";"this app is free and better than spotify";4;"app | music | better | awesome | spotify"
10255;"Awesome";5;"female";"Wellington, New Zealand";"2025-11-25";"positivo";"awesome";4;"app | music | better | awesome | spotify"
10260;"good";5;"female";"Guayaquil, Ecuador";"2025-02-22";"positivo";"good";0;"good | app | music | experience | really"
10261;"Too good";5;"female";"Asunción, Paraguay";"2024-12-02";"positivo";"too good";0;"good | app | music | experience | really"
10264;"better then Spotify.";5;"female";"Melbourne, Australia";"2025-09-13";"positivo";"better then spotify";4;"app | music | better | awesome | spotify"
10267;"best app";5;"female";"Hobart, Australia";"2025-05-15";"positivo";"best app";1;"best | app | music | ever | listen"
10277;"I love it ❤️";5;"female";"Melbourne, Australia";"2025-08-16";"positivo";"i love it";5;"love | app | music | much | amazing"
10278;"❤️";5;"female";"Suva, Fiji";"2025-11-10";"positivo";"";4;"app | music | better | awesome | spotify"
10281;"excellent";5;"female";"Brisbane, Australia";"2025-08-11";"positivo";"excellent";4;"app | music | better | awesome | spotify"
10286;"Hi,thanks";5;"female";"Christchurch, New Zealand";"2025-06-03";"positivo";"hi thanks";4;"app | music | better | awesome | spotify"
10289;"it's good 👍 😌 👌";5;"female";"Lima, Peru";"2025-02-06";"positivo";"it s good";0;"good | app | music | experience | really"
10290;"great app to explore new music";5;"female";"Rio de Janeiro, Brazil";"2025-01-29";"positivo";"great app to explore new music";2;"great | app | music | back | really"
10294;"Incredible better than spotify";5;"female";"Canberra, Australia";"2025-11-08";"positivo";"incredible better than spotify";4;"app | music | better | awesome | spotify"
10297;"cool";5;"female";"Canberra, Australia";"2025-05-18";"positivo";"cool";4;"app | music | better | awesome | spotify"
10300;"a great learning experience.";5;"female";"Santiago, Chile";"2025-02-01";"positivo";"a great learning experience";2;"great | app | music | back | really"
10304;"I love this app. it is free for music lovers. i suggest using this app one time. It's free...❤️❤️";5;"female";"Valparaíso, Chile";"2024-12-20";"positivo";"i love this app it is free for music lovers i suggest using this app one time it s free";4;"app | music | better | awesome | spotify"
10313;"helps to have a good mix of songs for work 😉";5;"female";"Sydney, Australia";"2025-07-13";"positivo";"helps to have a good mix of songs for work";4;"app | music | better | awesome | spotify"
10316;"so much music it's perfect";5;"female";"Wellington, New Zealand";"2025-08-08";"positivo";"so much music it s perfect";7;"perfect | music | update | much | love"
10323;"love it 😻";5;"female";"Perth, Australia";"2025-08-16";"positivo";"love it";5;"love | app | music | much | amazing"
10324;"loml";5;"female";"Wellington, New Zealand";"2025-07-02";"positivo";"loml";4;"app | music | better | awesome | spotify"
10325;"barely any ads and not 1 min long like Spotify";5;"female";"Asunción, Paraguay";"2025-03-03";"positivo";"barely any ads and not min long like spotify";4;"app | music | better | awesome | spotify"
10330;"Good 👍";5;"female";"Queenstown, New Zealand";"2025-12-03";"positivo";"good";0;"good | app | music | experience | really"
10331;"Nice";5;"female";"Port Moresby, Papua New Guinea";"2025-08-18";"positivo";"nice";6;"nice | app | music | no | songs"
10333;"Good App";5;"female";"Medellín, Colombia";"2024-12-10";"positivo";"good app";0;"good | app | music | experience | really"
10334;"way better than Spotify";5;"female";"Gold Coast, Australia";"2025-09-24";"positivo";"way better than spotify";4;"app | music | better | awesome | spotify"
10335;"Tunes and tunes";5;"female";"Valparaíso, Chile";"2025-04-01";"positivo";"tunes and tunes";4;"app | music | better | awesome | spotify"
10336;"Dark Deep Cloud Sound @$";5;"female";"Christchurch, New Zealand";"2025-09-30";"positivo";"dark deep cloud sound";4;"app | music | better | awesome | spotify"
10337;"The best app every song u want u got rite here on SoundCloud I would give it 6 stars it's so much easier n can download all the music u want n listen off line";5;"female";"Perth, Australia";"2025-11-22";"positivo";"the best app every song u want u got rite here on soundcloud i would give it stars it s so much easier n can download all the music u want n listen off line";4;"app | music | better | awesome | spotify"
10340;"It's amazing and no glitching for me personally";5;"female";"Santiago, Chile";"2025-02-25";"positivo";"it s amazing and no glitching for me personally";4;"app | music | better | awesome | spotify"
10342;"awesome 😎👍";5;"female";"Queenstown, New Zealand";"2025-11-10";"positivo";"awesome";4;"app | music | better | awesome | spotify"
10345;"Nice";5;"female";"Montevideo, Uruguay";"2025-01-14";"positivo";"nice";6;"nice | app | music | no | songs"
10346;"I hope downloads to phone";5;"female";"Brisbane, Australia";"2025-10-31";"positivo";"i hope downloads to phone";4;"app | music | better | awesome | spotify"
10350;"Hey, SC😁Great app! but concider this, from my side Spotify is 500Ksh per month , but you price your monthly plan at 1700Ksh. Massive, just reduce it please 😑";5;"female";"Auckland, New Zealand";"2025-09-06";"positivo";"hey sc great app but concider this from my side spotify is ksh per month but you price your monthly plan at ksh massive just reduce it please";2;"great | app | music | back | really"
10360;"i can listen to music";5;"female";"Caracas, Venezuela";"2025-03-01";"positivo";"i can listen to music";4;"app | music | better | awesome | spotify"
10367;"The Prince frfr ON MInblowda de dopelahoma grown slattified facts 17 but now I'm like 30 found me worthy really Español fr4real";5;"female";"Santiago, Chile";"2025-03-16";"positivo";"the prince frfr on minblowda de dopelahoma grown slattified facts but now i m like found me worthy really español frreal";3;"like | app | music | really | songs"
10372;"I like cloud sound like hmm GREAT SONGS EVEN IT HAVE MY FAV ARTISTS!!!!!!😁😁😁😁🤗🤗😊😊😊";5;"female";"Caracas, Venezuela";"2024-12-06";"positivo";"i like cloud sound like hmm great songs even it have my fav artists";3;"like | app | music | really | songs"
10377;"I like this app.";5;"female";"Santiago, Chile";"2024-12-21";"positivo";"i like this app";3;"like | app | music | really | songs"
10384;"goooodddd";5;"female";"Suva, Fiji";"2025-11-22";"positivo";"goooodddd";4;"app | music | better | awesome | spotify"
10390;"ads & commercials are destroying the app and experience";5;"female";"Caracas, Venezuela";"2025-04-16";"positivo";"ads commercials are destroying the app and experience";4;"app | music | better | awesome | spotify"
10393;"Very good";5;"female";"Quito, Ecuador";"2024-11-27";"positivo";"very good";0;"good | app | music | experience | really"
10398;"nice X3";5;"female";"Salvador, Brazil";"2024-11-29";"positivo";"nice x";6;"nice | app | music | no | songs"
10399;"out of this world";5;"female";"Suva, Fiji";"2025-05-14";"positivo";"out of this world";4;"app | music | better | awesome | spotify"
10401;"beautiful Georgie. you have a gift, you were born to sing. wishing you all the very best of luck. ☘⭐⭐⭐⭐⭐";5;"female";"Wellington, New Zealand";"2025-09-29";"positivo";"beautiful georgie you have a gift you were born to sing wishing you all the very best of luck";4;"app | music | better | awesome | spotify"
10404;"I like it";5;"female";"Guayaquil, Ecuador";"2024-12-03";"positivo";"i like it";3;"like | app | music | really | songs"
10406;"amazing app for better collection of songs 🎵 👏 👌";5;"female";"Melbourne, Australia";"2025-10-23";"positivo";"amazing app for better collection of songs";4;"app | music | better | awesome | spotify"
10420;"W AND the other two aa a q IN my mouth SO IT CAN W w w I Can't a";5;"female";"Hobart, Australia";"2025-12-23";"positivo";"w and the other two aa a q in my mouth so it can w w w i can t a";4;"app | music | better | awesome | spotify"
10425;"good";5;"female";"Lima, Peru";"2024-11-27";"positivo";"good";0;"good | app | music | experience | really"
10429;"brilliant list of wedding lunch menu.";5;"female";"Gold Coast, Australia";"2025-07-16";"positivo";"brilliant list of wedding lunch menu";4;"app | music | better | awesome | spotify"
10432;"I had this app many years ago on another phone, then on my new phone I could not find it, but today after so many years I found it again, I'm so happy, if ur looking for an app u can find all ur looking for SoundCloud is #1 will never regret having it & I got it back yay!!!!";5;"female";"Nadi, Fiji";"2025-12-13";"positivo";"i had this app many years ago on another phone then on my new phone i could not find it but today after so many years i found it again i m so happy if ur looking for an app u can find all ur looking for soundcloud is will never regret having it i got it back yay";4;"app | music | better | awesome | spotify"
10433;"good";5;"female";"São Paulo, Brazil";"2025-04-02";"positivo";"good";0;"good | app | music | experience | really"
10434;"Perfect for those with the love of music!";5;"female";"Port Moresby, Papua New Guinea";"2025-11-19";"positivo";"perfect for those with the love of music";7;"perfect | music | update | much | love"
10437;"good good";5;"female";"Nadi, Fiji";"2025-07-23";"positivo";"good good";0;"good | app | music | experience | really"
10439;"I love SoundCloud";5;"female";"Canberra, Australia";"2025-10-22";"positivo";"i love soundcloud";5;"love | app | music | much | amazing"
10446;"smooth";5;"female";"Hobart, Australia";"2025-08-21";"positivo";"smooth";4;"app | music | better | awesome | spotify"
10453;"thank you";5;"female";"Salvador, Brazil";"2024-12-12";"positivo";"thank you";4;"app | music | better | awesome | spotify"
10454;"Perfect";5;"female";"Queenstown, New Zealand";"2025-10-30";"positivo";"perfect";7;"perfect | music | update | much | love"
10455;"best";5;"female";"Rosario, Argentina";"2025-02-11";"positivo";"best";1;"best | app | music | ever | listen"
10458;"awesomeness 👌";5;"female";"Queenstown, New Zealand";"2025-07-21";"positivo";"awesomeness";4;"app | music | better | awesome | spotify"
10460;"liquid hit magma.!! 🔥🔥";5;"female";"Wellington, New Zealand";"2025-08-15";"positivo";"liquid hit magma";4;"app | music | better | awesome | spotify"
10471;"Gooooooooood";5;"female";"Canberra, Australia";"2025-12-04";"positivo";"gooooooooood";4;"app | music | better | awesome | spotify"
10476;"good";5;"female";"Christchurch, New Zealand";"2025-07-20";"positivo";"good";0;"good | app | music | experience | really"
10479;"incredibly";5;"female";"Port Moresby, Papua New Guinea";"2025-10-24";"positivo";"incredibly";4;"app | music | better | awesome | spotify"
10480;"please let my music keep going with out internet I would like to keep em thanks";5;"female";"Buenos Aires, Argentina";"2025-04-08";"positivo";"please let my music keep going with out internet i would like to keep em thanks";4;"app | music | better | awesome | spotify"
10484;"very good";5;"female";"Rosario, Argentina";"2025-04-24";"positivo";"very good";0;"good | app | music | experience | really"
10486;"rei <3";5;"female";"Salvador, Brazil";"2024-12-09";"positivo";"rei";4;"app | music | better | awesome | spotify"
10496;"I can't log in to my account";5;"female";"Wellington, New Zealand";"2025-11-20";"positivo";"i can t log in to my account";4;"app | music | better | awesome | spotify"
10500;"goooooood";5;"female";"Salvador, Brazil";"2025-03-19";"positivo";"goooooood";4;"app | music | better | awesome | spotify"
10501;"amazing service, just great in every way has all my songs that aren't on Spotify, free skips unlike Spotify, barely any adds, just amazing!!";5;"female";"Santa Cruz, Bolivia";"2025-01-12";"positivo";"amazing service just great in every way has all my songs that aren t on spotify free skips unlike spotify barely any adds just amazing";4;"app | music | better | awesome | spotify"
10503;"the best 👌";5;"female";"Guayaquil, Ecuador";"2025-03-26";"positivo";"the best";1;"best | app | music | ever | listen"
10508;"this is the bomb 💣 🙌 😍 👌";5;"female";"Wellington, New Zealand";"2025-07-07";"positivo";"this is the bomb";4;"app | music | better | awesome | spotify"
10511;"😎 cool";5;"female";"Auckland, New Zealand";"2025-08-12";"positivo";"cool";4;"app | music | better | awesome | spotify"
10513;"🖤";5;"female";"Santa Cruz, Bolivia";"2025-03-23";"positivo";"";4;"app | music | better | awesome | spotify"
10518;"the best";5;"female";"Sydney, Australia";"2025-05-02";"positivo";"the best";1;"best | app | music | ever | listen"
10535;"needs seperate ui from phone SoundCloud on tv so we know it's tv version.";5;"female";"Lima, Peru";"2025-01-16";"positivo";"needs seperate ui from phone soundcloud on tv so we know it s tv version";4;"app | music | better | awesome | spotify"
10539;"awesome app power full sound clarity ❤️‍🔥";5;"female";"Gold Coast, Australia";"2025-10-23";"positivo";"awesome app power full sound clarity";4;"app | music | better | awesome | spotify"
10542;"Waay better than Spotify!!!";5;"female";"Rosario, Argentina";"2025-02-27";"positivo";"waay better than spotify";4;"app | music | better | awesome | spotify"
10545;"❤❤❤";5;"female";"Adelaide, Australia";"2025-09-25";"positivo";"";4;"app | music | better | awesome | spotify"
10546;"Story hon yr";5;"female";"Valparaíso, Chile";"2024-11-05";"positivo";"story hon yr";4;"app | music | better | awesome | spotify"
10548;"Very wonderful app";5;"female";"Perth, Australia";"2025-06-18";"positivo";"very wonderful app";4;"app | music | better | awesome | spotify"
10550;"honest feelings";5;"female";"Auckland, New Zealand";"2025-09-25";"positivo";"honest feelings";4;"app | music | better | awesome | spotify"
10553;"nice app";5;"female";"Perth, Australia";"2025-05-07";"positivo";"nice app";6;"nice | app | music | no | songs"
10562;"geat app";5;"female";"Santa Cruz, Bolivia";"2025-02-22";"positivo";"geat app";4;"app | music | better | awesome | spotify"
10563;"Love this song";5;"female";"Buenos Aires, Argentina";"2025-04-30";"positivo";"love this song";5;"love | app | music | much | amazing"
10567;"goooood";5;"female";"Sydney, Australia";"2025-05-16";"positivo";"goooood";4;"app | music | better | awesome | spotify"
10568;"Great app if you do not want to pay to use Spotify you can always use SOUNDCLOUD!";5;"female";"Guayaquil, Ecuador";"2024-12-09";"positivo";"great app if you do not want to pay to use spotify you can always use soundcloud";4;"app | music | better | awesome | spotify"
10572;"best music in this appp. i love it";5;"female";"Auckland, New Zealand";"2025-06-12";"positivo";"best music in this appp i love it";1;"best | app | music | ever | listen"
10575;"Great";5;"female";"Sydney, Australia";"2025-12-20";"positivo";"great";2;"great | app | music | back | really"
10580;"perfect";5;"female";"Perth, Australia";"2025-10-08";"positivo";"perfect";7;"perfect | music | update | much | love"
10582;"ứng dụng nghe nhạc mượt";5;"female";"Gold Coast, Australia";"2025-10-30";"positivo";"ứng dụng nghe nhạc mượt";4;"app | music | better | awesome | spotify"
10589;"fantastic songs app";5;"female";"Montevideo, Uruguay";"2025-03-02";"positivo";"fantastic songs app";4;"app | music | better | awesome | spotify"
10591;"amazing music app!";5;"female";"Canberra, Australia";"2025-05-11";"positivo";"amazing music app";4;"app | music | better | awesome | spotify"
10600;"The best app in the industry hands down 😘";5;"female";"Port Moresby, Papua New Guinea";"2025-07-15";"positivo";"the best app in the industry hands down";1;"best | app | music | ever | listen"
10615;"Very good 😊😊";5;"female";"Queenstown, New Zealand";"2025-10-10";"positivo";"very good";0;"good | app | music | experience | really"
10623;"good 🌏👌";5;"female";"Salvador, Brazil";"2025-02-06";"positivo";"good";0;"good | app | music | experience | really"
10624;"this is the greatest app in the playstore";5;"female";"Auckland, New Zealand";"2025-07-07";"positivo";"this is the greatest app in the playstore";4;"app | music | better | awesome | spotify"
10626;"My number 1 source for music";5;"female";"Suva, Fiji";"2025-06-17";"positivo";"my number source for music";4;"app | music | better | awesome | spotify"
10629;"love it 😍";5;"female";"Asunción, Paraguay";"2024-10-30";"positivo";"love it";5;"love | app | music | much | amazing"
10646;"best";5;"female";"Guayaquil, Ecuador";"2025-02-02";"positivo";"best";1;"best | app | music | ever | listen"
10648;"like this 👍🏻🤌🏻👌🏼";5;"female";"Rosario, Argentina";"2025-01-20";"positivo";"like this";3;"like | app | music | really | songs"
10651;"like";5;"female";"Medellín, Colombia";"2024-12-27";"positivo";"like";3;"like | app | music | really | songs"
10658;"amazing 😍😍😍😍";5;"female";"Nadi, Fiji";"2025-06-03";"positivo";"amazing";4;"app | music | better | awesome | spotify"
10662;"It's very good";5;"female";"Sydney, Australia";"2025-07-23";"positivo";"it s very good";0;"good | app | music | experience | really"
10671;"great";5;"female";"Sydney, Australia";"2025-09-05";"positivo";"great";2;"great | app | music | back | really"
10672;"nice";5;"female";"Asunción, Paraguay";"2025-03-28";"positivo";"nice";6;"nice | app | music | no | songs"
10673;"شكرا";5;"female";"Bogotá, Colombia";"2025-03-06";"positivo";"شكرا";4;"app | music | better | awesome | spotify"
10685;"🏆💪🏾!";5;"female";"Arequipa, Peru";"2025-02-01";"positivo";"";4;"app | music | better | awesome | spotify"
10686;"This is the first time I'm using this app and I trust it.";5;"female";"Santa Cruz, Bolivia";"2025-01-30";"positivo";"this is the first time i m using this app and i trust it";4;"app | music | better | awesome | spotify"
10690;"Outstanding";5;"female";"Bogotá, Colombia";"2025-04-01";"positivo";"outstanding";4;"app | music | better | awesome | spotify"
10695;"nice app";5;"female";"Auckland, New Zealand";"2025-05-26";"positivo";"nice app";6;"nice | app | music | no | songs"
10700;"جيد";5;"female";"Wellington, New Zealand";"2025-10-14";"positivo";"جيد";4;"app | music | better | awesome | spotify"
10702;"magical 💖♥️♥️";5;"female";"Canberra, Australia";"2025-07-07";"positivo";"magical";4;"app | music | better | awesome | spotify"
10706;"nice";5;"female";"Canberra, Australia";"2025-11-11";"positivo";"nice";6;"nice | app | music | no | songs"
10711;"perfect";5;"female";"Santa Cruz, Bolivia";"2025-01-13";"positivo";"perfect";7;"perfect | music | update | much | love"
10713;"This is my best";5;"female";"Sydney, Australia";"2025-06-14";"positivo";"this is my best";1;"best | app | music | ever | listen"
10715;"TurNs eM ON YeP";5;"female";"Perth, Australia";"2025-12-17";"positivo";"turns em on yep";4;"app | music | better | awesome | spotify"
10716;"this app so cute";5;"female";"Adelaide, Australia";"2025-09-20";"positivo";"this app so cute";4;"app | music | better | awesome | spotify"
10732;"ok app";5;"female";"Port Moresby, Papua New Guinea";"2025-11-18";"positivo";"ok app";4;"app | music | better | awesome | spotify"
10751;"I have this for one song and one song only.";5;"female";"Santiago, Chile";"2024-11-19";"positivo";"i have this for one song and one song only";4;"app | music | better | awesome | spotify"
10752;"Excellent";5;"female";"Asunción, Paraguay";"2025-04-16";"positivo";"excellent";4;"app | music | better | awesome | spotify"
10756;"fantastic";5;"female";"Christchurch, New Zealand";"2025-12-20";"positivo";"fantastic";4;"app | music | better | awesome | spotify"
10769;"You need to pot an account and it so so so so good";5;"female";"Sydney, Australia";"2025-07-06";"positivo";"you need to pot an account and it so so so so good";4;"app | music | better | awesome | spotify"
10774;"that's amazing";5;"female";"Quito, Ecuador";"2024-12-09";"positivo";"that s amazing";4;"app | music | better | awesome | spotify"
10778;"nice app";5;"female";"Asunción, Paraguay";"2024-12-19";"positivo";"nice app";6;"nice | app | music | no | songs"
10783;"I haven't heard nice and clean music for years";5;"female";"Brisbane, Australia";"2025-08-05";"positivo";"i haven t heard nice and clean music for years";6;"nice | app | music | no | songs"
10784;"great and easy to use .";5;"female";"Montevideo, Uruguay";"2025-01-25";"positivo";"great and easy to use";2;"great | app | music | back | really"
10785;"best";5;"female";"Port Moresby, Papua New Guinea";"2025-07-03";"positivo";"best";1;"best | app | music | ever | listen"
10786;"I've used this app for years, Its never let me down🤩";5;"female";"Santa Cruz, Bolivia";"2025-03-12";"positivo";"i ve used this app for years its never let me down";4;"app | music | better | awesome | spotify"
10795;"I LAV ITTAYTATA";5;"female";"Wellington, New Zealand";"2025-07-14";"positivo";"i lav ittaytata";4;"app | music | better | awesome | spotify"
10802;"Very good and perfect and i prefer to download this app";5;"female";"Queenstown, New Zealand";"2025-08-28";"positivo";"very good and perfect and i prefer to download this app";4;"app | music | better | awesome | spotify"
10805;"so good";5;"female";"Córdoba, Argentina";"2025-04-15";"positivo";"so good";0;"good | app | music | experience | really"
10813;"nic";5;"female";"Cali, Colombia";"2024-12-15";"positivo";"nic";4;"app | music | better | awesome | spotify"
10814;"💜";5;"female";"Santiago, Chile";"2025-01-27";"positivo";"";4;"app | music | better | awesome | spotify"
10821;"I've been a totally huge huge fan of Blake Tollison Shelton for 22 whole yrs since Austin came out in 2001";5;"female";"Nadi, Fiji";"2025-12-17";"positivo";"i ve been a totally huge huge fan of blake tollison shelton for whole yrs since austin came out in";4;"app | music | better | awesome | spotify"
10824;"please I want listen to music offline please add this future for playing music offline thanks 🙏🏻 and this is the best application for playing music 🎵🎶";5;"female";"Guayaquil, Ecuador";"2025-04-26";"positivo";"please i want listen to music offline please add this future for playing music offline thanks and this is the best application for playing music";4;"app | music | better | awesome | spotify"
10836;"Nice";5;"female";"Wellington, New Zealand";"2025-06-25";"positivo";"nice";6;"nice | app | music | no | songs"
10839;"Best app for music but im using it withoud upgrade still good";5;"female";"Lima, Peru";"2025-04-01";"positivo";"best app for music but im using it withoud upgrade still good";4;"app | music | better | awesome | spotify"
10843;"I want a automatic save a song";5;"female";"Brisbane, Australia";"2025-07-10";"positivo";"i want a automatic save a song";4;"app | music | better | awesome | spotify"
10844;"SoundCloud is the best app I've been always using only because it has all music even from people from different cultures and languages and also all these beautiful remix , bass boost. there ain't no other that can compete with sound cloud not when their are so many music from different race and different cultures. SoundCloud Rocks.";5;"female";"Buenos Aires, Argentina";"2025-01-24";"positivo";"soundcloud is the best app i ve been always using only because it has all music even from people from different cultures and languages and also all these beautiful remix bass boost there ain t no other that can compete with sound cloud not when their are so many music from different race and different cultures soundcloud rocks";4;"app | music | better | awesome | spotify"
10845;"I lost all my crates as well Big Daddy fix it but I still lost a lot of songs";5;"female";"Lima, Peru";"2025-02-15";"positivo";"i lost all my crates as well big daddy fix it but i still lost a lot of songs";4;"app | music | better | awesome | spotify"
10847;"good just expensive";5;"female";"Medellín, Colombia";"2025-01-11";"positivo";"good just expensive";0;"good | app | music | experience | really"
10850;"It's";5;"female";"Adelaide, Australia";"2025-11-20";"positivo";"it s";4;"app | music | better | awesome | spotify"
10860;"Great Music, been using it since 2018";5;"female";"Wellington, New Zealand";"2025-12-07";"positivo";"great music been using it since";4;"app | music | better | awesome | spotify"
10866;"it best app ever";5;"female";"Lima, Peru";"2025-01-22";"positivo";"it best app ever";1;"best | app | music | ever | listen"
10868;"This is the best music app even if I close the phone it still plays";5;"female";"Wellington, New Zealand";"2025-05-11";"positivo";"this is the best music app even if i close the phone it still plays";1;"best | app | music | ever | listen"
10869;"The best app I have seen for songs";5;"female";"Arequipa, Peru";"2025-04-18";"positivo";"the best app i have seen for songs";1;"best | app | music | ever | listen"
10873;"nice";5;"female";"Salvador, Brazil";"2024-12-02";"positivo";"nice";6;"nice | app | music | no | songs"
10877;"good ok";5;"female";"Montevideo, Uruguay";"2024-11-18";"positivo";"good ok";4;"app | music | better | awesome | spotify"
10886;"it's the best app for music experience";5;"female";"Suva, Fiji";"2025-11-08";"positivo";"it s the best app for music experience";1;"best | app | music | ever | listen"
10887;"seesh besr";5;"female";"Santiago, Chile";"2025-03-15";"positivo";"seesh besr";4;"app | music | better | awesome | spotify"
10889;"Love it❣️❣️💯";5;"female";"Arequipa, Peru";"2025-01-26";"positivo";"love it";5;"love | app | music | much | amazing"
10890;"Very good app☺️";5;"female";"Brisbane, Australia";"2025-08-17";"positivo";"very good app";0;"good | app | music | experience | really"
10898;"good";5;"female";"Córdoba, Argentina";"2025-04-13";"positivo";"good";0;"good | app | music | experience | really"
10902;"ok";5;"female";"Arequipa, Peru";"2025-01-29";"positivo";"ok";4;"app | music | better | awesome | spotify"
10907;"good";5;"female";"Gold Coast, Australia";"2025-05-18";"positivo";"good";0;"good | app | music | experience | really"
10909;"that's good.";5;"female";"Auckland, New Zealand";"2025-07-16";"positivo";"that s good";0;"good | app | music | experience | really"
10910;"I love It 💕";5;"female";"Melbourne, Australia";"2025-12-19";"positivo";"i love it";5;"love | app | music | much | amazing"
10911;"I can find my favourite songs in this app unlike Spotify There are no songs released like Hearken Demo, and less ads";5;"female";"Rosario, Argentina";"2024-11-27";"positivo";"i can find my favourite songs in this app unlike spotify there are no songs released like hearken demo and less ads";4;"app | music | better | awesome | spotify"
10915;"good";5;"female";"Bogotá, Colombia";"2024-11-18";"positivo";"good";0;"good | app | music | experience | really"
10922;"I Love this app";5;"female";"Bogotá, Colombia";"2024-11-07";"positivo";"i love this app";5;"love | app | music | much | amazing"
10930;"unlimited music great app";5;"female";"Asunción, Paraguay";"2024-11-03";"positivo";"unlimited music great app";2;"great | app | music | back | really"
10931;"Exceptional sound quality, & wonderful choices";5;"female";"Hobart, Australia";"2025-12-16";"positivo";"exceptional sound quality wonderful choices";4;"app | music | better | awesome | spotify"
10939;"gooood😎";5;"female";"Rio de Janeiro, Brazil";"2025-03-16";"positivo";"gooood";4;"app | music | better | awesome | spotify"
10945;"fab music, fresh, free spirit. I listen to all of the music.";5;"female";"Córdoba, Argentina";"2025-03-04";"positivo";"fab music fresh free spirit i listen to all of the music";4;"app | music | better | awesome | spotify"
10952;"good";5;"female";"Sydney, Australia";"2025-07-11";"positivo";"good";0;"good | app | music | experience | really"
10953;"it's good";5;"female";"Christchurch, New Zealand";"2025-07-19";"positivo";"it s good";0;"good | app | music | experience | really"
10955;"good";5;"female";"Sydney, Australia";"2025-12-20";"positivo";"good";0;"good | app | music | experience | really"
10959;"brilliant";5;"female";"Brasília, Brazil";"2025-02-17";"positivo";"brilliant";4;"app | music | better | awesome | spotify"
10963;"Best music app ever there are some ads";5;"female";"Asunción, Paraguay";"2025-03-07";"positivo";"best music app ever there are some ads";1;"best | app | music | ever | listen"
10967;"Better than spotify";5;"female";"Rosario, Argentina";"2025-01-15";"positivo";"better than spotify";4;"app | music | better | awesome | spotify"
10970;"Amazing";5;"female";"La Paz, Bolivia";"2025-03-18";"positivo";"amazing";4;"app | music | better | awesome | spotify"
10972;"w app";5;"female";"Perth, Australia";"2025-08-07";"positivo";"w app";4;"app | music | better | awesome | spotify"
10975;"moreblove❤️";5;"female";"Brisbane, Australia";"2025-09-25";"positivo";"moreblove";4;"app | music | better | awesome | spotify"
10976;"da best music app on bro";5;"female";"Queenstown, New Zealand";"2025-09-21";"positivo";"da best music app on bro";1;"best | app | music | ever | listen"
10978;"🤌🏿";5;"female";"Melbourne, Australia";"2025-07-23";"positivo";"";4;"app | music | better | awesome | spotify"
10980;"great music app";5;"female";"Quito, Ecuador";"2025-04-20";"positivo";"great music app";2;"great | app | music | back | really"
10991;"this number sounds like it was written about me.";5;"female";"Queenstown, New Zealand";"2025-05-29";"positivo";"this number sounds like it was written about me";3;"like | app | music | really | songs"
10996;"very good";5;"female";"Hobart, Australia";"2025-10-12";"positivo";"very good";0;"good | app | music | experience | really"
11003;"awesome";5;"female";"Melbourne, Australia";"2025-06-29";"positivo";"awesome";4;"app | music | better | awesome | spotify"
11004;"good";5;"female";"Canberra, Australia";"2025-06-27";"positivo";"good";0;"good | app | music | experience | really"
11006;"Awesome";5;"female";"Auckland, New Zealand";"2025-12-11";"positivo";"awesome";4;"app | music | better | awesome | spotify"
11011;"Love the app love the music, gets five ⭐ Great mixes added daily explore your options and enjoy the good beats. I love that it's famous people but also your new underground artist as well SUGGESTION hate when music gets evaporated with the updates in playlists I know its the users taking away their tracks but I have sooo many playlists. I would like to see something like a marker so that I can acknowledge they were removed 🙂 Been using app for over 15 yrs LOVE IT! Hate ads but keeps apps free";5;"female";"Bogotá, Colombia";"2025-03-28";"positivo";"love the app love the music gets five great mixes added daily explore your options and enjoy the good beats i love that it s famous people but also your new underground artist as well suggestion hate when music gets evaporated with the updates in playlists i know its the users taking away their tracks but i have sooo many playlists i would like to see something like a marker so that i can acknowledge they were removed been using app for over yrs love it hate ads but keeps apps free";4;"app | music | better | awesome | spotify"
11018;"its my song, 🤣 I love it, ❤️";5;"female";"Brasília, Brazil";"2025-03-14";"positivo";"its my song i love it";5;"love | app | music | much | amazing"
11021;"nice aap";5;"female";"Auckland, New Zealand";"2025-07-13";"positivo";"nice aap";6;"nice | app | music | no | songs"
11035;"best";5;"female";"Christchurch, New Zealand";"2025-12-20";"positivo";"best";1;"best | app | music | ever | listen"
11036;"Good";5;"female";"Adelaide, Australia";"2025-12-03";"positivo";"good";0;"good | app | music | experience | really"
11037;"Cool app👍☺️🌄🌅🌞";5;"female";"Buenos Aires, Argentina";"2025-02-18";"positivo";"cool app";4;"app | music | better | awesome | spotify"
11039;"👌👌👌";5;"female";"Canberra, Australia";"2025-06-22";"positivo";"";4;"app | music | better | awesome | spotify"
11040;"Awesome";5;"female";"Medellín, Colombia";"2024-11-21";"positivo";"awesome";4;"app | music | better | awesome | spotify"
11054;"so far so good way better than Spotify 😺";5;"female";"Brisbane, Australia";"2025-09-22";"positivo";"so far so good way better than spotify";4;"app | music | better | awesome | spotify"
11057;"LOVE SOUNDCLOUD. You can actually listen to what you would like without it being forced to shuffle. Also has quite a few ads but not as bad as other platforms. Also, I'm just glad I can listen to what I want without it just ""shuffling"" for me. 10000/10 recommend over any other music platform!";5;"female";"Rio de Janeiro, Brazil";"2025-03-01";"positivo";"love soundcloud you can actually listen to what you would like without it being forced to shuffle also has quite a few ads but not as bad as other platforms also i m just glad i can listen to what i want without it just shuffling for me recommend over any other music platform";4;"app | music | better | awesome | spotify"
11060;"fire";5;"female";"Gold Coast, Australia";"2025-11-26";"positivo";"fire";4;"app | music | better | awesome | spotify"
11064;"Good";5;"female";"Nadi, Fiji";"2025-08-03";"positivo";"good";0;"good | app | music | experience | really"
11065;"🤒";5;"female";"Brisbane, Australia";"2025-09-27";"positivo";"";4;"app | music | better | awesome | spotify"
11074;"amazing";5;"female";"Guayaquil, Ecuador";"2025-03-03";"positivo";"amazing";4;"app | music | better | awesome | spotify"
11077;"Amazing";5;"female";"Santiago, Chile";"2025-03-23";"positivo";"amazing";4;"app | music | better | awesome | spotify"
11086;"nice app";5;"female";"Wellington, New Zealand";"2025-11-18";"positivo";"nice app";6;"nice | app | music | no | songs"
11087;"it's genuinely the best";5;"female";"Perth, Australia";"2025-11-21";"positivo";"it s genuinely the best";1;"best | app | music | ever | listen"
11088;"The app is fantastic the music is great, they have all type of music and new type of music";5;"female";"Bogotá, Colombia";"2025-03-08";"positivo";"the app is fantastic the music is great they have all type of music and new type of music";4;"app | music | better | awesome | spotify"
11097;"THIS IS BEST MUSIC APP EVER I LIKE SOUND QUALITY BETTER AND GOOD QUALITY MUSIC THANK YOU SOO MUCH";5;"female";"Brisbane, Australia";"2025-11-07";"positivo";"this is best music app ever i like sound quality better and good quality music thank you soo much";4;"app | music | better | awesome | spotify"
11104;"Teena Calvert 🙌🏻🫶🏼🙌🏻 awesome 🎶🥳🎶❤️💯";5;"female";"São Paulo, Brazil";"2024-10-19";"positivo";"teena calvert awesome";4;"app | music | better | awesome | spotify"
11109;"top, nice,";5;"female";"Quito, Ecuador";"2025-01-11";"positivo";"top nice";6;"nice | app | music | no | songs"
11111;"#I like it";5;"female";"Brasília, Brazil";"2024-12-28";"positivo";"i like it";3;"like | app | music | really | songs"
11114;"its best appe";5;"female";"Santa Cruz, Bolivia";"2024-11-15";"positivo";"its best appe";1;"best | app | music | ever | listen"
11115;"Perfect for people that are broke like me, plus I can basically choose what style I prefer on my song. it's like our taste in women so many choices but then I got ads, that are them big girls that try to stop you but then there's the skip ads, it's basically my wingman if you really think abt it. there's the song u pick and then the ads pulls up but outta nowhere a miracle happens the skip ads/wingman comes to help me bag the baddie and bam it's a score so 5/5 for me what abt y'all.";5;"female";"Wellington, New Zealand";"2025-08-27";"positivo";"perfect for people that are broke like me plus i can basically choose what style i prefer on my song it s like our taste in women so many choices but then i got ads that are them big girls that try to stop you but then there s the skip ads it s basically my wingman if you really think abt it there s the song u pick and then the ads pulls up but outta nowhere a miracle happens the skip ads wingman comes to help me bag the baddie and bam it s a score so for me what abt y all";4;"app | music | better | awesome | spotify"
11119;"Best app to listen to music";5;"female";"Sydney, Australia";"2025-06-24";"positivo";"best app to listen to music";1;"best | app | music | ever | listen"
11122;"another great set well done buddy";5;"female";"Queenstown, New Zealand";"2025-06-24";"positivo";"another great set well done buddy";4;"app | music | better | awesome | spotify"
11133;"GOOD";5;"female";"Nadi, Fiji";"2025-09-10";"positivo";"good";0;"good | app | music | experience | really"
11137;"Definitely better than Spotify";5;"female";"Nadi, Fiji";"2025-08-08";"positivo";"definitely better than spotify";4;"app | music | better | awesome | spotify"
11138;"everyday 🎶❤️";5;"female";"Rio de Janeiro, Brazil";"2025-03-22";"positivo";"everyday";4;"app | music | better | awesome | spotify"
11141;"👍";5;"female";"Córdoba, Argentina";"2025-03-22";"positivo";"";4;"app | music | better | awesome | spotify"
11145;"loved it";5;"female";"Córdoba, Argentina";"2024-11-19";"positivo";"loved it";4;"app | music | better | awesome | spotify"
11146;"great";5;"female";"Montevideo, Uruguay";"2024-12-11";"positivo";"great";2;"great | app | music | back | really"
11150;"🥰";5;"female";"Brasília, Brazil";"2024-11-29";"positivo";"";4;"app | music | better | awesome | spotify"
11151;"SoundCloud has saved me from so much xoxo Gavin 💋";5;"female";"Santa Cruz, Bolivia";"2025-01-05";"positivo";"soundcloud has saved me from so much xoxo gavin";4;"app | music | better | awesome | spotify"
11153;"ive been using sound cloud for 6 years. great app, they seem to be decent at fixxing minor buggs that occur";5;"female";"Wellington, New Zealand";"2025-12-23";"positivo";"ive been using sound cloud for years great app they seem to be decent at fixxing minor buggs that occur";2;"great | app | music | back | really"
11155;"I lic Sound Cloud";5;"female";"Buenos Aires, Argentina";"2024-11-11";"positivo";"i lic sound cloud";4;"app | music | better | awesome | spotify"
11163;"it's music";5;"female";"Rio de Janeiro, Brazil";"2025-02-18";"positivo";"it s music";4;"app | music | better | awesome | spotify"
11165;"awesome 👌";5;"female";"Caracas, Venezuela";"2025-04-05";"positivo";"awesome";4;"app | music | better | awesome | spotify"
11172;"ok";5;"female";"Medellín, Colombia";"2024-11-11";"positivo";"ok";4;"app | music | better | awesome | spotify"
11180;"great app for music artists";5;"female";"Arequipa, Peru";"2024-12-21";"positivo";"great app for music artists";2;"great | app | music | back | really"
11182;"Dope";5;"female";"Gold Coast, Australia";"2025-10-09";"positivo";"dope";4;"app | music | better | awesome | spotify"
11186;"nice platform 👍👍👍";5;"female";"Córdoba, Argentina";"2025-04-29";"positivo";"nice platform";6;"nice | app | music | no | songs"
11191;"Awesome 😎";5;"female";"Auckland, New Zealand";"2025-08-05";"positivo";"awesome";4;"app | music | better | awesome | spotify"
11197;"good so far my friend";5;"female";"Auckland, New Zealand";"2025-12-11";"positivo";"good so far my friend";4;"app | music | better | awesome | spotify"
11199;"super";5;"female";"Fortaleza, Brazil";"2025-03-07";"positivo";"super";4;"app | music | better | awesome | spotify"
11201;"you have to be careful with the t know what time you get off work for you and get it done with your house and the only thing that is not the only thing you can say is it is that is in the";5;"female";"Queenstown, New Zealand";"2025-10-19";"positivo";"you have to be careful with the t know what time you get off work for you and get it done with your house and the only thing that is not the only thing you can say is it is that is in the";4;"app | music | better | awesome | spotify"
11202;"Loudest music plus has Tom Platz screaming over 2000s rock songs. What more could you ask for?";5;"female";"Bogotá, Colombia";"2024-12-06";"positivo";"loudest music plus has tom platz screaming over s rock songs what more could you ask for";4;"app | music | better | awesome | spotify"
11214;"What an app sir ji !";5;"female";"Medellín, Colombia";"2024-10-30";"positivo";"what an app sir ji";4;"app | music | better | awesome | spotify"
11219;"best";5;"female";"Valparaíso, Chile";"2025-03-10";"positivo";"best";1;"best | app | music | ever | listen"
11225;"Such a great app for music if your broke or just looking to listen to music in the background will playing, reading, or drewing on your phone. You can skip all the songs you don't want to listen to and so much. I would 100% recommend it if your getting fed up with other apps free programs. I just love using this app while I drew in the background";5;"female";"Córdoba, Argentina";"2025-03-10";"positivo";"such a great app for music if your broke or just looking to listen to music in the background will playing reading or drewing on your phone you can skip all the songs you don t want to listen to and so much i would recommend it if your getting fed up with other apps free programs i just love using this app while i drew in the background";4;"app | music | better | awesome | spotify"
11227;"❤️‍🩹";5;"female";"Port Moresby, Papua New Guinea";"2025-07-09";"positivo";"";4;"app | music | better | awesome | spotify"
11229;"excellent";5;"female";"São Paulo, Brazil";"2024-12-25";"positivo";"excellent";4;"app | music | better | awesome | spotify"
11242;"I love it alot better than Spotify premium isn't better but I definitely use SoundCloud alot more";5;"female";"Adelaide, Australia";"2025-09-08";"positivo";"i love it alot better than spotify premium isn t better but i definitely use soundcloud alot more";4;"app | music | better | awesome | spotify"
11250;"🌟⚕️🔥🙏🏾🫂🌟⚕️🌟🌟🌟⚕️🌟";5;"female";"Wellington, New Zealand";"2025-08-06";"positivo";"";4;"app | music | better | awesome | spotify"
11258;"better than spotify";5;"female";"Rosario, Argentina";"2025-01-25";"positivo";"better than spotify";4;"app | music | better | awesome | spotify"
11260;"good";5;"female";"Perth, Australia";"2025-07-12";"positivo";"good";0;"good | app | music | experience | really"
11262;"Good";5;"female";"Adelaide, Australia";"2025-06-09";"positivo";"good";0;"good | app | music | experience | really"
11265;"গুড";5;"female";"Santiago, Chile";"2025-02-13";"positivo";"গ ড";4;"app | music | better | awesome | spotify"
11266;"nice";5;"female";"Medellín, Colombia";"2024-10-20";"positivo";"nice";6;"nice | app | music | no | songs"
11269;"Nice to be nice";5;"female";"Fortaleza, Brazil";"2025-01-21";"positivo";"nice to be nice";6;"nice | app | music | no | songs"
11277;"it is great 🤗";5;"female";"Gold Coast, Australia";"2025-07-22";"positivo";"it is great";2;"great | app | music | back | really"
11281;"it's really good";5;"female";"Santa Cruz, Bolivia";"2024-11-26";"positivo";"it s really good";0;"good | app | music | experience | really"
11288;"love this app had it since forever im old school like that";5;"female";"Santa Cruz, Bolivia";"2025-03-17";"positivo";"love this app had it since forever im old school like that";4;"app | music | better | awesome | spotify"
11290;"Отличное мобильное приложение для прослушивания музыки. Во 👍";5;"female";"Canberra, Australia";"2025-08-07";"positivo";"отличное мобильное приложение для прослушивания музыки во";4;"app | music | better | awesome | spotify"
11294;"Good";5;"female";"Queenstown, New Zealand";"2025-07-10";"positivo";"good";0;"good | app | music | experience | really"
11296;"great 😃";5;"female";"Rio de Janeiro, Brazil";"2025-01-23";"positivo";"great";2;"great | app | music | back | really"
11301;"best ever ❤️❤️❤️💕💕💕🙏🙏";5;"female";"Wellington, New Zealand";"2025-09-24";"positivo";"best ever";1;"best | app | music | ever | listen"
11306;"very good";5;"female";"Santa Cruz, Bolivia";"2024-12-05";"positivo";"very good";0;"good | app | music | experience | really"
11307;"I've used this app for years and love it.";5;"female";"Santa Cruz, Bolivia";"2025-04-27";"positivo";"i ve used this app for years and love it";4;"app | music | better | awesome | spotify"
11309;"👍🍀";5;"female";"Port Moresby, Papua New Guinea";"2025-11-12";"positivo";"";4;"app | music | better | awesome | spotify"
11310;"10/10 It's a great app. Easy to manage. I definitely recommend it.";5;"female";"Adelaide, Australia";"2025-08-04";"positivo";"it s a great app easy to manage i definitely recommend it";4;"app | music | better | awesome | spotify"
11311;"It's just perfect and far better than spotify, especially because it's free too 😌";5;"female";"Brisbane, Australia";"2025-08-15";"positivo";"it s just perfect and far better than spotify especially because it s free too";4;"app | music | better | awesome | spotify"
11314;"very good";5;"female";"Brisbane, Australia";"2025-07-23";"positivo";"very good";0;"good | app | music | experience | really"
11316;"sound cloud ☁️ is very good app but I don't like the ads everytime.";5;"female";"Christchurch, New Zealand";"2025-05-05";"positivo";"sound cloud is very good app but i don t like the ads everytime";3;"like | app | music | really | songs"
11321;"smooth af guys.";5;"female";"Nadi, Fiji";"2025-06-13";"positivo";"smooth af guys";4;"app | music | better | awesome | spotify"
11323;"love this app";5;"female";"Hobart, Australia";"2025-08-11";"positivo";"love this app";5;"love | app | music | much | amazing"
11343;"Exceptional Artist";5;"female";"Santa Cruz, Bolivia";"2025-04-09";"positivo";"exceptional artist";4;"app | music | better | awesome | spotify"
11349;"good";5;"female";"Perth, Australia";"2025-05-13";"positivo";"good";0;"good | app | music | experience | really"
11363;"Good";5;"female";"São Paulo, Brazil";"2025-04-01";"positivo";"good";0;"good | app | music | experience | really"
11370;"amazing appp I love it too much";5;"female";"Montevideo, Uruguay";"2024-12-08";"positivo";"amazing appp i love it too much";5;"love | app | music | much | amazing"
11379;"ok";5;"female";"Wellington, New Zealand";"2025-06-02";"positivo";"ok";4;"app | music | better | awesome | spotify"
11380;"it really good to listen to some song";5;"female";"Arequipa, Peru";"2025-02-28";"positivo";"it really good to listen to some song";4;"app | music | better | awesome | spotify"
11382;"عالیی";5;"female";"Adelaide, Australia";"2025-07-05";"positivo";"عالیی";4;"app | music | better | awesome | spotify"
11391;"Spotify for people who don't want to pay to choose what song they hear.";5;"female";"Salvador, Brazil";"2025-02-12";"positivo";"spotify for people who don t want to pay to choose what song they hear";4;"app | music | better | awesome | spotify"
11408;"great";5;"female";"Wellington, New Zealand";"2025-08-12";"positivo";"great";2;"great | app | music | back | really"
11414;"nice";5;"female";"Valparaíso, Chile";"2025-01-17";"positivo";"nice";6;"nice | app | music | no | songs"
11415;"good Quality sound";5;"female";"Sydney, Australia";"2025-07-06";"positivo";"good quality sound";4;"app | music | better | awesome | spotify"
11419;"great";5;"female";"Montevideo, Uruguay";"2025-03-25";"positivo";"great";2;"great | app | music | back | really"
11432;"perfect";5;"female";"Santiago, Chile";"2024-10-31";"positivo";"perfect";7;"perfect | music | update | much | love"
11436;"The best experience I ever had never failed me no issues perfect ❤️❤️❤️❤️❤️❤️❤️❤️❤️❤️";5;"female";"Brasília, Brazil";"2024-12-19";"positivo";"the best experience i ever had never failed me no issues perfect";4;"app | music | better | awesome | spotify"
11438;"Perfect 👌";5;"female";"Fortaleza, Brazil";"2025-02-19";"positivo";"perfect";7;"perfect | music | update | much | love"
11441;"I just love this app do much ❣️ it makes me feel good with the heart touching songs in it song related to my moods , is just so great";5;"female";"Córdoba, Argentina";"2025-01-06";"positivo";"i just love this app do much it makes me feel good with the heart touching songs in it song related to my moods is just so great";4;"app | music | better | awesome | spotify"
11443;"Such a good app";5;"female";"Melbourne, Australia";"2025-05-05";"positivo";"such a good app";4;"app | music | better | awesome | spotify"
11447;"ALGUD BRO!";5;"female";"Melbourne, Australia";"2025-10-23";"positivo";"algud bro";4;"app | music | better | awesome | spotify"
11448;"i lke this app itis very good and";5;"female";"Nadi, Fiji";"2025-11-08";"positivo";"i lke this app itis very good and";0;"good | app | music | experience | really"
11449;"good";5;"female";"São Paulo, Brazil";"2025-01-31";"positivo";"good";0;"good | app | music | experience | really"
11451;"better than spotyshit";5;"female";"Queenstown, New Zealand";"2025-10-13";"positivo";"better than spotyshit";4;"app | music | better | awesome | spotify"
11455;"best";5;"female";"Wellington, New Zealand";"2025-09-22";"positivo";"best";1;"best | app | music | ever | listen"
11459;"Love it. SoundCloud has such a wide variety of music and heaps of non commercial underground artists";5;"female";"Melbourne, Australia";"2025-06-12";"positivo";"love it soundcloud has such a wide variety of music and heaps of non commercial underground artists";4;"app | music | better | awesome | spotify"
11461;"love this";5;"female";"Melbourne, Australia";"2025-10-14";"positivo";"love this";5;"love | app | music | much | amazing"
11462;"best good";5;"female";"Auckland, New Zealand";"2025-10-30";"positivo";"best good";1;"best | app | music | ever | listen"
11463;"excellent!";5;"female";"Rosario, Argentina";"2025-02-08";"positivo";"excellent";4;"app | music | better | awesome | spotify"
11465;"I like this app 😁👍";5;"female";"Asunción, Paraguay";"2025-03-31";"positivo";"i like this app";3;"like | app | music | really | songs"
11468;"very nice 👍🙂";5;"female";"Guayaquil, Ecuador";"2025-01-21";"positivo";"very nice";6;"nice | app | music | no | songs"
11486;"great 👍";5;"female";"Buenos Aires, Argentina";"2025-01-27";"positivo";"great";2;"great | app | music | back | really"
11491;"the best";5;"female";"Hobart, Australia";"2025-06-28";"positivo";"the best";1;"best | app | music | ever | listen"
11496;"Amazing";5;"female";"Brasília, Brazil";"2024-11-09";"positivo";"amazing";4;"app | music | better | awesome | spotify"
11498;"awesome app";5;"female";"Canberra, Australia";"2025-12-08";"positivo";"awesome app";4;"app | music | better | awesome | spotify"
11504;"good";5;"female";"Buenos Aires, Argentina";"2025-01-18";"positivo";"good";0;"good | app | music | experience | really"
11513;"nice app. Good job";5;"female";"Arequipa, Peru";"2025-01-23";"positivo";"nice app good job";6;"nice | app | music | no | songs"
11526;"it's free nice no ad no money";5;"female";"Christchurch, New Zealand";"2025-09-16";"positivo";"it s free nice no ad no money";4;"app | music | better | awesome | spotify"
11532;"👍";5;"female";"São Paulo, Brazil";"2024-11-22";"positivo";"";4;"app | music | better | awesome | spotify"
11535;"love this app";5;"female";"Hobart, Australia";"2025-11-18";"positivo";"love this app";5;"love | app | music | much | amazing"
11544;"very satisfying";5;"female";"Brisbane, Australia";"2025-12-20";"positivo";"very satisfying";4;"app | music | better | awesome | spotify"
11546;"favorite app, love the music.";5;"female";"Santa Cruz, Bolivia";"2024-10-09";"positivo";"favorite app love the music";5;"love | app | music | much | amazing"
11549;"جيد جدا";5;"female";"Gold Coast, Australia";"2025-11-21";"positivo";"جيد جدا";4;"app | music | better | awesome | spotify"
11552;"i don't think there's any better app to play music than sound cloud it's really cool I must say and I really love it💕";5;"female";"Arequipa, Peru";"2025-03-20";"positivo";"i don t think there s any better app to play music than sound cloud it s really cool i must say and i really love it";4;"app | music | better | awesome | spotify"
11557;"It's 2 good.";5;"female";"Sydney, Australia";"2025-07-13";"positivo";"it s good";0;"good | app | music | experience | really"
11559;"Awesome And Amazing App";5;"female";"Brisbane, Australia";"2025-12-17";"positivo";"awesome and amazing app";4;"app | music | better | awesome | spotify"
11563;"خیلی خوبی♥️❤️♥️❤️♥️❤️♥️❤️♥️❤️";5;"female";"Santiago, Chile";"2025-03-03";"positivo";"خیلی خوبی";4;"app | music | better | awesome | spotify"
11565;"G.O.A.T.E.D.";5;"female";"Gold Coast, Australia";"2025-05-13";"positivo";"g o a t e d";4;"app | music | better | awesome | spotify"
11569;"SoundCloud is where it's at if you love new and exciting music!";5;"female";"Córdoba, Argentina";"2024-11-07";"positivo";"soundcloud is where it s at if you love new and exciting music";4;"app | music | better | awesome | spotify"
11584;"best";5;"female";"Santiago, Chile";"2025-03-28";"positivo";"best";1;"best | app | music | ever | listen"
11585;"Good";5;"female";"São Paulo, Brazil";"2025-01-02";"positivo";"good";0;"good | app | music | experience | really"
11587;"my child loves this app";5;"female";"Perth, Australia";"2025-11-14";"positivo";"my child loves this app";4;"app | music | better | awesome | spotify"
11589;"gud sounds wen u need";5;"female";"Melbourne, Australia";"2025-10-15";"positivo";"gud sounds wen u need";4;"app | music | better | awesome | spotify"
11591;"lwky i prefer soundcloud over Spotify it's that good 🧏🏻‍♀️🍓";5;"female";"Guayaquil, Ecuador";"2025-04-14";"positivo";"lwky i prefer soundcloud over spotify it s that good";4;"app | music | better | awesome | spotify"
11595;"The best and only place I trust for all the hottest EDM, Hip-Hop, and Underground/Unreleased tracks from your favorite artists and your new favorite artists that you'll find if you do a little exploring. Can't recommend it enough for finding random EDM from shazam and for those Lil Peep tracks we all know and love. Barely any ads too!";5;"female";"Adelaide, Australia";"2025-08-01";"positivo";"the best and only place i trust for all the hottest edm hip hop and underground unreleased tracks from your favorite artists and your new favorite artists that you ll find if you do a little exploring can t recommend it enough for finding random edm from shazam and for those lil peep tracks we all know and love barely any ads too";4;"app | music | better | awesome | spotify"
11599;"ads come up a bit too often in my opinion but otherwise perfect!! half my favorite songs are down on Spotify and soundcloud is way more easily accessible";5;"female";"Wellington, New Zealand";"2025-10-16";"positivo";"ads come up a bit too often in my opinion but otherwise perfect half my favorite songs are down on spotify and soundcloud is way more easily accessible";4;"app | music | better | awesome | spotify"
11601;"Awesome Apk";5;"female";"Suva, Fiji";"2025-10-15";"positivo";"awesome apk";4;"app | music | better | awesome | spotify"
11603;"Well for music 🎶";5;"female";"Buenos Aires, Argentina";"2025-02-25";"positivo";"well for music";4;"app | music | better | awesome | spotify"
11607;"better than Spotify somehow";5;"female";"Nadi, Fiji";"2025-09-11";"positivo";"better than spotify somehow";4;"app | music | better | awesome | spotify"
11608;"Great 😊";5;"female";"Wellington, New Zealand";"2025-12-11";"positivo";"great";2;"great | app | music | back | really"
11609;"❤️❤️❤️❤️❤️";5;"female";"Brisbane, Australia";"2025-07-16";"positivo";"";4;"app | music | better | awesome | spotify"
11611;"very 👍 nice and solf works";5;"female";"Caracas, Venezuela";"2024-11-03";"positivo";"very nice and solf works";6;"nice | app | music | no | songs"
11615;"Best";5;"female";"Brisbane, Australia";"2025-10-17";"positivo";"best";1;"best | app | music | ever | listen"
11617;"💘";5;"female";"Gold Coast, Australia";"2025-09-08";"positivo";"";4;"app | music | better | awesome | spotify"
11619;"Love it";5;"female";"Wellington, New Zealand";"2025-05-11";"positivo";"love it";5;"love | app | music | much | amazing"
11623;"the reason I use this instead of spotify is because of artists and music variety. a long time ago I stopped listening to popular pop songs or ran or hip hop so I listened to hidden gems, which alot were never on spotify but guess who had them SoundCloud. Thank you for this";5;"female";"Brisbane, Australia";"2025-12-15";"positivo";"the reason i use this instead of spotify is because of artists and music variety a long time ago i stopped listening to popular pop songs or ran or hip hop so i listened to hidden gems which alot were never on spotify but guess who had them soundcloud thank you for this";4;"app | music | better | awesome | spotify"
11624;"💕";5;"female";"Brisbane, Australia";"2025-10-03";"positivo";"";4;"app | music | better | awesome | spotify"
11629;"this is really 👍 😊 times";5;"female";"Hobart, Australia";"2025-07-08";"positivo";"this is really times";4;"app | music | better | awesome | spotify"
11635;"Money Demon keep it Jumping";5;"female";"Santiago, Chile";"2024-12-29";"positivo";"money demon keep it jumping";4;"app | music | better | awesome | spotify"
11642;"good";5;"female";"Wellington, New Zealand";"2025-07-24";"positivo";"good";0;"good | app | music | experience | really"
11644;"Good";5;"female";"Nadi, Fiji";"2025-06-21";"positivo";"good";0;"good | app | music | experience | really"
11655;"the best music app ever";5;"female";"Nadi, Fiji";"2025-05-21";"positivo";"the best music app ever";1;"best | app | music | ever | listen"
11659;"BEST.1❤😈";5;"female";"Guayaquil, Ecuador";"2024-10-30";"positivo";"best";1;"best | app | music | ever | listen"
11663;"wow what a beautiful app ...🫰.";5;"female";"Christchurch, New Zealand";"2025-12-05";"positivo";"wow what a beautiful app";4;"app | music | better | awesome | spotify"
11666;"Why was I ever using Spotify or YouTube music when the sound quality of SoundCloud is so crisp and clean😭😭😭 Everything sounds like how I heard it the first time. . .it's been so long";5;"female";"Medellín, Colombia";"2025-03-24";"positivo";"why was i ever using spotify or youtube music when the sound quality of soundcloud is so crisp and clean everything sounds like how i heard it the first time it s been so long";4;"app | music | better | awesome | spotify"
11674;"I have been using this app for 3.5 years and the feature that the song u listened to u can listen to it with no wifi or data";5;"female";"Santiago, Chile";"2024-10-27";"positivo";"i have been using this app for years and the feature that the song u listened to u can listen to it with no wifi or data";4;"app | music | better | awesome | spotify"
11676;"brilliant app to use thank you 😊";5;"female";"Canberra, Australia";"2025-07-27";"positivo";"brilliant app to use thank you";4;"app | music | better | awesome | spotify"
11680;"what an app , literally have no words to thank you 🙏";5;"female";"La Paz, Bolivia";"2025-02-24";"positivo";"what an app literally have no words to thank you";4;"app | music | better | awesome | spotify"
11683;"best in the game";5;"female";"Santa Cruz, Bolivia";"2024-11-22";"positivo";"best in the game";1;"best | app | music | ever | listen"
11689;"one in million";5;"female";"Medellín, Colombia";"2024-10-14";"positivo";"one in million";4;"app | music | better | awesome | spotify"
11693;"all no copyright song 💕";5;"female";"Santa Cruz, Bolivia";"2024-10-22";"positivo";"all no copyright song";4;"app | music | better | awesome | spotify"
11694;"The best streaming platform I've had to use.";5;"female";"Gold Coast, Australia";"2025-06-18";"positivo";"the best streaming platform i ve had to use";4;"app | music | better | awesome | spotify"
11701;"🔥💙♥️ASV♥️💙🔥#AMORPAZ&JESUSCHRIST!!!! 😊😊😊#loveoverallwisdom = יֵשׁוּעַ =ruach ha-kodesh = Yaweh";5;"female";"Canberra, Australia";"2025-10-30";"positivo";"asv amorpaz jesuschrist loveoverallwisdom י ש ו ע ruach ha kodesh yaweh";4;"app | music | better | awesome | spotify"
11706;"best app for music";5;"female";"Quito, Ecuador";"2025-03-30";"positivo";"best app for music";1;"best | app | music | ever | listen"
11714;"great 👍";5;"female";"Suva, Fiji";"2025-08-06";"positivo";"great";2;"great | app | music | back | really"
11717;"music s playback speed is fast";5;"female";"Canberra, Australia";"2025-07-07";"positivo";"music s playback speed is fast";4;"app | music | better | awesome | spotify"
11718;"best local music";5;"female";"Caracas, Venezuela";"2024-12-21";"positivo";"best local music";1;"best | app | music | ever | listen"
11724;"i easily found all my fav song this is best song app in playstore bestt appppp";5;"female";"Christchurch, New Zealand";"2025-08-28";"positivo";"i easily found all my fav song this is best song app in playstore bestt appppp";4;"app | music | better | awesome | spotify"
11727;"😐";5;"female";"Cali, Colombia";"2025-02-25";"positivo";"";4;"app | music | better | awesome | spotify"
11731;"Love it 😀";5;"female";"Rio de Janeiro, Brazil";"2025-01-04";"positivo";"love it";5;"love | app | music | much | amazing"
11739;"Please keep the black theme";5;"female";"Medellín, Colombia";"2025-02-02";"positivo";"please keep the black theme";4;"app | music | better | awesome | spotify"
11746;"like full";5;"female";"Canberra, Australia";"2025-09-29";"positivo";"like full";3;"like | app | music | really | songs"
11751;"جميل للستماع إلى بودكاست";5;"female";"Christchurch, New Zealand";"2025-09-12";"positivo";"جميل للستماع إلى بودكاست";4;"app | music | better | awesome | spotify"
11755;"Good app";5;"female";"Santiago, Chile";"2025-02-10";"positivo";"good app";0;"good | app | music | experience | really"
11757;"best app for local artists! and fans 😀";5;"female";"Hobart, Australia";"2025-06-30";"positivo";"best app for local artists and fans";1;"best | app | music | ever | listen"
11767;"Excellent";5;"female";"Queenstown, New Zealand";"2025-05-08";"positivo";"excellent";4;"app | music | better | awesome | spotify"
11768;"Nice Flow Flow Flow";5;"female";"Suva, Fiji";"2025-05-30";"positivo";"nice flow flow flow";6;"nice | app | music | no | songs"
11771;"great music .";5;"female";"Queenstown, New Zealand";"2025-08-07";"positivo";"great music";2;"great | app | music | back | really"
11772;"absolutely amazing I have all my faves up here and it can go offline 🥹";5;"female";"Cali, Colombia";"2025-02-15";"positivo";"absolutely amazing i have all my faves up here and it can go offline";4;"app | music | better | awesome | spotify"
11779;"Awsome music app.";5;"female";"Córdoba, Argentina";"2025-04-13";"positivo";"awsome music app";4;"app | music | better | awesome | spotify"
11786;"better tha spotify premium";5;"female";"Guayaquil, Ecuador";"2025-03-30";"positivo";"better tha spotify premium";4;"app | music | better | awesome | spotify"
11787;"intuitive, high quality, handy app ==> enjoyable";5;"female";"Arequipa, Peru";"2025-04-10";"positivo";"intuitive high quality handy app enjoyable";4;"app | music | better | awesome | spotify"
11790;"Dùng tốt nha, tôi yêu SoundCloud 😘😘😜🤪";5;"female";"Melbourne, Australia";"2025-12-24";"positivo";"dùng tốt nha tôi yêu soundcloud";4;"app | music | better | awesome | spotify"
11795;"good";5;"female";"Sydney, Australia";"2025-12-22";"positivo";"good";0;"good | app | music | experience | really"
11801;"Best Iskcon kirtans🥰🥰🥰";5;"female";"La Paz, Bolivia";"2024-10-18";"positivo";"best iskcon kirtans";1;"best | app | music | ever | listen"
11803;"nice";5;"female";"Christchurch, New Zealand";"2025-06-18";"positivo";"nice";6;"nice | app | music | no | songs"
11809;"weldone";5;"female";"Medellín, Colombia";"2025-02-10";"positivo";"weldone";4;"app | music | better | awesome | spotify"
11811;"good app";5;"female";"Perth, Australia";"2025-07-24";"positivo";"good app";0;"good | app | music | experience | really"
11818;"App is bad";5;"female";"La Paz, Bolivia";"2024-10-21";"positivo";"app is bad";4;"app | music | better | awesome | spotify"
11822;"very good app";5;"female";"Buenos Aires, Argentina";"2025-04-22";"positivo";"very good app";0;"good | app | music | experience | really"
11823;"amazing";5;"female";"Brisbane, Australia";"2025-06-27";"positivo";"amazing";4;"app | music | better | awesome | spotify"
11830;"good👍";5;"female";"Gold Coast, Australia";"2025-08-06";"positivo";"good";0;"good | app | music | experience | really"
11834;"one of the best music apps";5;"female";"Lima, Peru";"2025-04-19";"positivo";"one of the best music apps";1;"best | app | music | ever | listen"
11836;"fire sound";5;"female";"Salvador, Brazil";"2025-04-24";"positivo";"fire sound";4;"app | music | better | awesome | spotify"
11841;"love this app!";5;"female";"Perth, Australia";"2025-05-06";"positivo";"love this app";5;"love | app | music | much | amazing"
11848;"🖤🤍";5;"female";"Wellington, New Zealand";"2025-05-14";"positivo";"";4;"app | music | better | awesome | spotify"
11851;"dope";5;"female";"Fortaleza, Brazil";"2024-10-05";"positivo";"dope";4;"app | music | better | awesome | spotify"
11854;"Good";5;"female";"Suva, Fiji";"2025-12-09";"positivo";"good";0;"good | app | music | experience | really"
11873;"good";5;"female";"Bogotá, Colombia";"2024-10-13";"positivo";"good";0;"good | app | music | experience | really"
11887;"quality music";5;"female";"Auckland, New Zealand";"2025-06-28";"positivo";"quality music";4;"app | music | better | awesome | spotify"
11888;"easy to use";5;"female";"Adelaide, Australia";"2025-07-13";"positivo";"easy to use";4;"app | music | better | awesome | spotify"
11891;"great";5;"female";"Queenstown, New Zealand";"2025-10-23";"positivo";"great";2;"great | app | music | back | really"
11900;"actually rather cool!";5;"female";"Perth, Australia";"2025-06-01";"positivo";"actually rather cool";4;"app | music | better | awesome | spotify"
11902;"love it";5;"female";"Salvador, Brazil";"2024-12-14";"positivo";"love it";5;"love | app | music | much | amazing"
11905;"good 👍";5;"female";"Córdoba, Argentina";"2025-02-02";"positivo";"good";0;"good | app | music | experience | really"
11908;"Nostalgic sound cloud era";5;"female";"Nadi, Fiji";"2025-09-28";"positivo";"nostalgic sound cloud era";4;"app | music | better | awesome | spotify"
11920;"very interesting...";5;"female";"Auckland, New Zealand";"2025-06-06";"positivo";"very interesting";4;"app | music | better | awesome | spotify"
11922;"best of the best";5;"female";"Quito, Ecuador";"2025-02-19";"positivo";"best of the best";1;"best | app | music | ever | listen"
11924;"it's very good but I really wish all the songs were free";5;"female";"Cali, Colombia";"2024-12-06";"positivo";"it s very good but i really wish all the songs were free";4;"app | music | better | awesome | spotify"
11928;"Best app to listen to music";5;"female";"Fortaleza, Brazil";"2024-10-29";"positivo";"best app to listen to music";1;"best | app | music | ever | listen"
11929;"c'est cool";5;"female";"Brasília, Brazil";"2025-02-24";"positivo";"c est cool";4;"app | music | better | awesome | spotify"
11939;"Very Helpful, thank you for free music.";5;"female";"Sydney, Australia";"2025-12-29";"positivo";"very helpful thank you for free music";4;"app | music | better | awesome | spotify"
11946;"perfect";5;"female";"Lima, Peru";"2024-10-14";"positivo";"perfect";7;"perfect | music | update | much | love"
11949;"this app is ace love it";5;"female";"Rosario, Argentina";"2025-01-31";"positivo";"this app is ace love it";5;"love | app | music | much | amazing"
11951;"been using this for years now a single problem";5;"female";"Nadi, Fiji";"2025-07-31";"positivo";"been using this for years now a single problem";4;"app | music | better | awesome | spotify"
11956;"Great place to create music 🎶";5;"female";"Christchurch, New Zealand";"2025-10-26";"positivo";"great place to create music";4;"app | music | better | awesome | spotify"
11959;"super";5;"female";"Queenstown, New Zealand";"2025-11-18";"positivo";"super";4;"app | music | better | awesome | spotify"
11961;"works very well. thank God for sound cloud lol";5;"female";"Lima, Peru";"2025-01-24";"positivo";"works very well thank god for sound cloud lol";4;"app | music | better | awesome | spotify"
11962;"Great musix";5;"female";"Asunción, Paraguay";"2024-12-18";"positivo";"great musix";2;"great | app | music | back | really"
11970;"SoundCloud is great, but adding a feature for securing unique usernames, like Telegram’s Fragment platform, would give users more control and customization options. It could also help boost the app's appeal. Please consider this in future updates! Love 🤟";5;"female";"Canberra, Australia";"2025-08-11";"positivo";"soundcloud is great but adding a feature for securing unique usernames like telegram s fragment platform would give users more control and customization options it could also help boost the app s appeal please consider this in future updates love";4;"app | music | better | awesome | spotify"
11987;"the best easy to use";5;"female";"Gold Coast, Australia";"2025-08-22";"positivo";"the best easy to use";1;"best | app | music | ever | listen"
11988;"good";5;"female";"Medellín, Colombia";"2024-11-21";"positivo";"good";0;"good | app | music | experience | really"
11991;"very interesting 👌🏼";5;"female";"Christchurch, New Zealand";"2025-05-16";"positivo";"very interesting";4;"app | music | better | awesome | spotify"
11994;"واقعاً خیلی خوبه";5;"female";"Guayaquil, Ecuador";"2025-04-23";"positivo";"واقعا خیلی خوبه";4;"app | music | better | awesome | spotify"
11995;"ice sound expirance and supreme audio listening options";5;"female";"Suva, Fiji";"2025-12-15";"positivo";"ice sound expirance and supreme audio listening options";4;"app | music | better | awesome | spotify"
12000;"best app for music";5;"female";"Queenstown, New Zealand";"2025-05-11";"positivo";"best app for music";1;"best | app | music | ever | listen"
12006;"Great application";5;"female";"Sydney, Australia";"2025-08-04";"positivo";"great application";2;"great | app | music | back | really"
12008;"Great music!";5;"female";"Queenstown, New Zealand";"2025-11-14";"positivo";"great music";2;"great | app | music | back | really"
12023;"everything is so good about it, except the ads that are a bit too long but im used to it, this is better than spotify for sure.";5;"female";"Quito, Ecuador";"2024-11-19";"positivo";"everything is so good about it except the ads that are a bit too long but im used to it this is better than spotify for sure";4;"app | music | better | awesome | spotify"
12029;"best app";5;"female";"Perth, Australia";"2025-05-07";"positivo";"best app";1;"best | app | music | ever | listen"
12043;"love it";5;"female";"Brisbane, Australia";"2025-06-04";"positivo";"love it";5;"love | app | music | much | amazing"
12045;"cool app!";5;"female";"Guayaquil, Ecuador";"2024-12-16";"positivo";"cool app";4;"app | music | better | awesome | spotify"
12046;"Veriy good tanks";5;"female";"Christchurch, New Zealand";"2025-05-14";"positivo";"veriy good tanks";0;"good | app | music | experience | really"
12050;"It is very lovely app";5;"female";"Gold Coast, Australia";"2025-07-01";"positivo";"it is very lovely app";4;"app | music | better | awesome | spotify"
12052;"عااااااالووووو";5;"female";"Gold Coast, Australia";"2025-09-29";"positivo";"عااااااالووووو";4;"app | music | better | awesome | spotify"
12064;"great";5;"female";"Nadi, Fiji";"2025-12-23";"positivo";"great";2;"great | app | music | back | really"
12065;"Great app.";5;"female";"Rosario, Argentina";"2025-03-06";"positivo";"great app";2;"great | app | music | back | really"
12073;"good 👍";5;"female";"Asunción, Paraguay";"2025-01-11";"positivo";"good";0;"good | app | music | experience | really"
12074;"good app for music no adds";5;"female";"Asunción, Paraguay";"2025-04-02";"positivo";"good app for music no adds";4;"app | music | better | awesome | spotify"
12076;"cool";5;"female";"Hobart, Australia";"2025-08-14";"positivo";"cool";4;"app | music | better | awesome | spotify"
12080;"Very good";5;"female";"Adelaide, Australia";"2025-12-06";"positivo";"very good";0;"good | app | music | experience | really"
12083;"Great";5;"female";"Nadi, Fiji";"2025-08-27";"positivo";"great";2;"great | app | music | back | really"
12088;"super good music app, i use it for almost all the music i listen to. sometimes i cant find music or its unavailable but its rare.";5;"female";"Port Moresby, Papua New Guinea";"2025-09-11";"positivo";"super good music app i use it for almost all the music i listen to sometimes i cant find music or its unavailable but its rare";4;"app | music | better | awesome | spotify"
12091;"I love it 😍😍😍😍😍😍😍😍😍😍😍😍";5;"female";"Adelaide, Australia";"2025-10-01";"positivo";"i love it";5;"love | app | music | much | amazing"
12095;"good";5;"female";"Port Moresby, Papua New Guinea";"2025-09-12";"positivo";"good";0;"good | app | music | experience | really"
12101;"I live this app it's my hard on when I hear the rap of the day";5;"female";"Santiago, Chile";"2025-04-07";"positivo";"i live this app it s my hard on when i hear the rap of the day";4;"app | music | better | awesome | spotify"
12104;"Love it since 2016";5;"female";"Melbourne, Australia";"2025-07-01";"positivo";"love it since";5;"love | app | music | much | amazing"
12106;"good";5;"female";"Buenos Aires, Argentina";"2025-01-01";"positivo";"good";0;"good | app | music | experience | really"
12107;"👍👌👍👌👍👌👍👌❤❤❤❤❤🤚🤚🤚🤚🤚🤚🤚🤚";5;"female";"Auckland, New Zealand";"2025-08-26";"positivo";"";4;"app | music | better | awesome | spotify"
12116;"🔊🖤🔂";5;"female";"Santiago, Chile";"2025-04-15";"positivo";"";4;"app | music | better | awesome | spotify"
12117;"🇸🇦";5;"female";"Adelaide, Australia";"2025-08-11";"positivo";"";4;"app | music | better | awesome | spotify"
12119;"I love this app it has a lot of good music and the plans are cheep";5;"female";"Rosario, Argentina";"2024-12-10";"positivo";"i love this app it has a lot of good music and the plans are cheep";4;"app | music | better | awesome | spotify"
12122;"Better Than Spotify Tbh";5;"female";"Cali, Colombia";"2024-11-27";"positivo";"better than spotify tbh";4;"app | music | better | awesome | spotify"
12129;"I've use this sound cloud since 2022 it's very nice";5;"female";"Melbourne, Australia";"2025-05-26";"positivo";"i ve use this sound cloud since it s very nice";4;"app | music | better | awesome | spotify"
12132;"perfect";5;"female";"Buenos Aires, Argentina";"2024-12-04";"positivo";"perfect";7;"perfect | music | update | much | love"
12136;"As they cheat we will teach NO Forgive Never Forget🤳";5;"female";"Sydney, Australia";"2025-05-29";"positivo";"as they cheat we will teach no forgive never forget";4;"app | music | better | awesome | spotify"
12140;"👽";5;"female";"Adelaide, Australia";"2025-11-28";"positivo";"";4;"app | music | better | awesome | spotify"
12141;"NICE";5;"female";"São Paulo, Brazil";"2025-01-22";"positivo";"nice";6;"nice | app | music | no | songs"
12153;"nic";5;"female";"Sydney, Australia";"2025-12-07";"positivo";"nic";4;"app | music | better | awesome | spotify"
12154;"very nice";5;"female";"Suva, Fiji";"2025-06-15";"positivo";"very nice";6;"nice | app | music | no | songs"
12157;"Amazing";5;"female";"Wellington, New Zealand";"2025-11-30";"positivo";"amazing";4;"app | music | better | awesome | spotify"
12165;"it's a wonderful experience";5;"female";"Perth, Australia";"2025-08-30";"positivo";"it s a wonderful experience";4;"app | music | better | awesome | spotify"
12168;"I love it";5;"female";"Guayaquil, Ecuador";"2024-10-22";"positivo";"i love it";5;"love | app | music | much | amazing"
12176;"Straight, beautiful environment, easy to use";5;"female";"Bogotá, Colombia";"2025-01-08";"positivo";"straight beautiful environment easy to use";4;"app | music | better | awesome | spotify"
12182;"Soundcloud is priceless and is a gift ! This is one of our freedoms! T o hear all the beats and grooves makes the universal groove fierce and unstoppable!! music non-stop!! rocketship!! thin air!! thank you sound cloud!! thank you to all the artists who give us all you have ..for FREE!!! I love you!!";5;"female";"Quito, Ecuador";"2025-03-16";"positivo";"soundcloud is priceless and is a gift this is one of our freedoms t o hear all the beats and grooves makes the universal groove fierce and unstoppable music non stop rocketship thin air thank you sound cloud thank you to all the artists who give us all you have for free i love you";4;"app | music | better | awesome | spotify"
12184;"❤️🐺🌹 thank you all for helping music stay alive, accessible and plentiful.";5;"female";"Perth, Australia";"2025-12-06";"positivo";"thank you all for helping music stay alive accessible and plentiful";4;"app | music | better | awesome | spotify"
12185;"best music I have ever used👏🏻👏🏻";5;"female";"Gold Coast, Australia";"2025-07-26";"positivo";"best music i have ever used";1;"best | app | music | ever | listen"
12190;"the best app for music facts 👈👍";5;"female";"Cali, Colombia";"2024-10-30";"positivo";"the best app for music facts";1;"best | app | music | ever | listen"
12191;"everything we touch turns to gold #blackgold3nt";5;"female";"Auckland, New Zealand";"2025-05-05";"positivo";"everything we touch turns to gold blackgoldnt";4;"app | music | better | awesome | spotify"
12192;"This app is way better than Spotify! if you have Spotify, delete it and get this awesome app. it works so well UPDATED: I see people's bad one star reviews and honestly I was skeptical to download but I did anyways and honestly it's the best app for music. Maybe other people have had bad experiences but that dosent mean you will, take a chance and download it, and if you don't like it you can easily undownload it.";5;"female";"Medellín, Colombia";"2024-12-22";"positivo";"this app is way better than spotify if you have spotify delete it and get this awesome app it works so well updated i see people s bad one star reviews and honestly i was skeptical to download but i did anyways and honestly it s the best app for music maybe other people have had bad experiences but that dosent mean you will take a chance and download it and if you don t like it you can easily undownload it";4;"app | music | better | awesome | spotify"
12203;"Medy Kenels Wakhona";5;"female";"Guayaquil, Ecuador";"2025-04-29";"positivo";"medy kenels wakhona";4;"app | music | better | awesome | spotify"
12204;"I am trying to find a song lol";5;"female";"Bogotá, Colombia";"2024-11-30";"positivo";"i am trying to find a song lol";4;"app | music | better | awesome | spotify"
12211;"Da best for real lyric community";5;"female";"Caracas, Venezuela";"2024-12-11";"positivo";"da best for real lyric community";1;"best | app | music | ever | listen"
12217;"siiiiiiiiiiiiihck. sodope.";5;"female";"Brisbane, Australia";"2025-12-05";"positivo";"siiiiiiiiiiiiihck sodope";4;"app | music | better | awesome | spotify"
12218;"I like this app a lot and I'm using it from four years 🐢 but it's kinda changing here with me and it start to stop the songs when I'm in any other app even if the other app have no music , it's getting annoying";5;"female";"Caracas, Venezuela";"2024-12-27";"positivo";"i like this app a lot and i m using it from four years but it s kinda changing here with me and it start to stop the songs when i m in any other app even if the other app have no music it s getting annoying";4;"app | music | better | awesome | spotify"
12229;"very good just want to say best";5;"female";"Adelaide, Australia";"2025-10-11";"positivo";"very good just want to say best";4;"app | music | better | awesome | spotify"
12230;"very good";5;"female";"Salvador, Brazil";"2025-01-26";"positivo";"very good";0;"good | app | music | experience | really"
12231;"It's Good👍😊🚨";5;"female";"São Paulo, Brazil";"2025-04-02";"positivo";"it s good";0;"good | app | music | experience | really"
12232;"love🫀";5;"female";"Bogotá, Colombia";"2025-03-26";"positivo";"love";5;"love | app | music | much | amazing"
12237;"soo good .";5;"female";"Gold Coast, Australia";"2025-06-16";"positivo";"soo good";0;"good | app | music | experience | really"
12238;"LIVE TO THE FULLEST !!!";5;"female";"Wellington, New Zealand";"2025-09-01";"positivo";"live to the fullest";4;"app | music | better | awesome | spotify"
12241;"amazing 🤩";5;"female";"Perth, Australia";"2025-05-12";"positivo";"amazing";4;"app | music | better | awesome | spotify"
12248;"good";5;"female";"Port Moresby, Papua New Guinea";"2025-08-04";"positivo";"good";0;"good | app | music | experience | really"
12253;"whatever I can't find on Apple Music SoundCloud definitely has";5;"female";"Hobart, Australia";"2025-09-23";"positivo";"whatever i can t find on apple music soundcloud definitely has";4;"app | music | better | awesome | spotify"
12254;"better than spotify";5;"female";"Gold Coast, Australia";"2025-12-08";"positivo";"better than spotify";4;"app | music | better | awesome | spotify"
12258;"when i press soundcloud to hear all songs i feel enjoy it's very interesting please add more songs like ( stronger - kayne west / limpbiz kit - nookie / wwe mark henry - echo/ wwe viscera - another way out / Penelope ford - butterfly) and more";5;"female";"Santiago, Chile";"2025-01-29";"positivo";"when i press soundcloud to hear all songs i feel enjoy it s very interesting please add more songs like stronger kayne west limpbiz kit nookie wwe mark henry echo wwe viscera another way out penelope ford butterfly and more";4;"app | music | better | awesome | spotify"
12262;"what a better app to listed all my favorite sets from Burning Man. I mean, just WOW 🔥🔥🔥";5;"female";"Rio de Janeiro, Brazil";"2025-03-17";"positivo";"what a better app to listed all my favorite sets from burning man i mean just wow";4;"app | music | better | awesome | spotify"
12268;"awesome for finding songs or music, you can't find anywhere else";5;"female";"Guayaquil, Ecuador";"2025-03-18";"positivo";"awesome for finding songs or music you can t find anywhere else";4;"app | music | better | awesome | spotify"
12270;"best music app";5;"female";"Wellington, New Zealand";"2025-10-15";"positivo";"best music app";1;"best | app | music | ever | listen"
12271;"excellent job";5;"female";"Caracas, Venezuela";"2025-03-27";"positivo";"excellent job";4;"app | music | better | awesome | spotify"
12289;"free";5;"female";"Suva, Fiji";"2025-10-31";"positivo";"free";4;"app | music | better | awesome | spotify"
12291;".Good.";5;"female";"Gold Coast, Australia";"2025-08-09";"positivo";"good";0;"good | app | music | experience | really"
12295;"Awesome music";5;"female";"Bogotá, Colombia";"2025-01-03";"positivo";"awesome music";4;"app | music | better | awesome | spotify"
12297;"Great app 👍🏻";5;"female";"Fortaleza, Brazil";"2024-12-08";"positivo";"great app";2;"great | app | music | back | really"
12298;"goat";5;"female";"La Paz, Bolivia";"2025-02-16";"positivo";"goat";4;"app | music | better | awesome | spotify"
12300;"awesome";5;"female";"Lima, Peru";"2025-02-02";"positivo";"awesome";4;"app | music | better | awesome | spotify"
12303;"ممتاز جدا";5;"female";"Brasília, Brazil";"2024-12-01";"positivo";"ممتاز جدا";4;"app | music | better | awesome | spotify"
12318;"it's everything I wanted";5;"female";"Christchurch, New Zealand";"2025-07-09";"positivo";"it s everything i wanted";4;"app | music | better | awesome | spotify"
12319;"that's really cool";5;"female";"Adelaide, Australia";"2025-08-07";"positivo";"that s really cool";4;"app | music | better | awesome | spotify"
12320;"nicely soundly";5;"female";"Hobart, Australia";"2025-09-30";"positivo";"nicely soundly";4;"app | music | better | awesome | spotify"
12321;"Osem fantastic app";5;"female";"Cali, Colombia";"2024-10-22";"positivo";"osem fantastic app";4;"app | music | better | awesome | spotify"
12337;"sound cloud is good and am happy with it 🤗🤗";5;"female";"Santiago, Chile";"2024-10-26";"positivo";"sound cloud is good and am happy with it";4;"app | music | better | awesome | spotify"
12342;"awesome";5;"female";"Fortaleza, Brazil";"2025-04-12";"positivo";"awesome";4;"app | music | better | awesome | spotify"
12343;"👍👍👍";5;"female";"Auckland, New Zealand";"2025-07-27";"positivo";"";4;"app | music | better | awesome | spotify"
12348;"The best app ever!!";5;"female";"Wellington, New Zealand";"2025-08-18";"positivo";"the best app ever";1;"best | app | music | ever | listen"
12349;"I love ya, ll l";5;"female";"Perth, Australia";"2025-09-11";"positivo";"i love ya ll l";5;"love | app | music | much | amazing"
12354;"good way to save your music to a cloud for free.";5;"female";"Wellington, New Zealand";"2025-08-13";"positivo";"good way to save your music to a cloud for free";4;"app | music | better | awesome | spotify"
12355;"👍🏽";5;"female";"Auckland, New Zealand";"2025-11-25";"positivo";"";4;"app | music | better | awesome | spotify"
12356;"kbujj";5;"female";"Salvador, Brazil";"2025-02-27";"positivo";"kbujj";4;"app | music | better | awesome | spotify"
12359;"better then Spotify 😎";5;"female";"Wellington, New Zealand";"2025-06-07";"positivo";"better then spotify";4;"app | music | better | awesome | spotify"
12361;"way better thn spotify, get everything for free unlike spotify";5;"female";"Port Moresby, Papua New Guinea";"2025-11-12";"positivo";"way better thn spotify get everything for free unlike spotify";4;"app | music | better | awesome | spotify"
12362;"Thank God 🙏🙏";5;"female";"Santiago, Chile";"2025-01-29";"positivo";"thank god";4;"app | music | better | awesome | spotify"
12367;"loving it";5;"female";"Gold Coast, Australia";"2025-12-28";"positivo";"loving it";4;"app | music | better | awesome | spotify"
12370;"best";5;"female";"La Paz, Bolivia";"2025-02-03";"positivo";"best";1;"best | app | music | ever | listen"
12373;"I just love it.";5;"female";"Suva, Fiji";"2025-10-03";"positivo";"i just love it";5;"love | app | music | much | amazing"
12377;"I wouldn't use another music app!";5;"female";"Melbourne, Australia";"2025-07-30";"positivo";"i wouldn t use another music app";4;"app | music | better | awesome | spotify"
12380;"perfect";5;"female";"Salvador, Brazil";"2025-03-12";"positivo";"perfect";7;"perfect | music | update | much | love"
12381;"Not bad, but very nice.";5;"female";"Salvador, Brazil";"2025-04-24";"positivo";"not bad but very nice";6;"nice | app | music | no | songs"
12383;"really good music choice, perfect for your music preferences. And can even listen offline ( you have to listen to full song before listening offline)";5;"female";"Suva, Fiji";"2025-11-02";"positivo";"really good music choice perfect for your music preferences and can even listen offline you have to listen to full song before listening offline";4;"app | music | better | awesome | spotify"
12384;"Goes hard";5;"female";"Brasília, Brazil";"2024-12-16";"positivo";"goes hard";4;"app | music | better | awesome | spotify"
12391;"sound cloud we search all of the son g";5;"female";"Montevideo, Uruguay";"2024-12-27";"positivo";"sound cloud we search all of the son g";4;"app | music | better | awesome | spotify"
12398;"احلي اغاني";5;"female";"Santa Cruz, Bolivia";"2025-02-19";"positivo";"احلي اغاني";4;"app | music | better | awesome | spotify"
12402;"I love SoundCloudies The best part of my day sometimes other than my wife she's always the best part of my day but sound cloud comes in second place";5;"female";"Medellín, Colombia";"2025-03-21";"positivo";"i love soundcloudies the best part of my day sometimes other than my wife she s always the best part of my day but sound cloud comes in second place";4;"app | music | better | awesome | spotify"
12411;"its so good because it isnt greedy like spotify and when i close the phone i can still play music";5;"female";"Guayaquil, Ecuador";"2024-12-26";"positivo";"its so good because it isnt greedy like spotify and when i close the phone i can still play music";4;"app | music | better | awesome | spotify"
12419;"It's amazing 🤩🤩";5;"female";"Brisbane, Australia";"2025-12-22";"positivo";"it s amazing";4;"app | music | better | awesome | spotify"
12434;"albums";5;"female";"Canberra, Australia";"2025-09-15";"positivo";"albums";4;"app | music | better | awesome | spotify"
12435;"Fantastic app for your music marketing";5;"female";"Medellín, Colombia";"2025-03-02";"positivo";"fantastic app for your music marketing";4;"app | music | better | awesome | spotify"
12437;"super 😊 love this";5;"female";"Lima, Peru";"2024-10-18";"positivo";"super love this";5;"love | app | music | much | amazing"
12442;"still the best option for artists and listeners. with a wicked feature, i got into giving you the artist you like and making a playlist with other artists they like. absolutely gold. How many wicked tracks I pull out of this on the daily.";5;"female";"Brisbane, Australia";"2025-05-26";"positivo";"still the best option for artists and listeners with a wicked feature i got into giving you the artist you like and making a playlist with other artists they like absolutely gold how many wicked tracks i pull out of this on the daily";4;"app | music | better | awesome | spotify"
12446;"My favorite app of all time.";5;"female";"Auckland, New Zealand";"2025-06-16";"positivo";"my favorite app of all time";4;"app | music | better | awesome | spotify"
12447;"Good";5;"female";"Bogotá, Colombia";"2024-09-20";"positivo";"good";0;"good | app | music | experience | really"
12452;"Powerful app";5;"female";"Rio de Janeiro, Brazil";"2024-09-30";"positivo";"powerful app";4;"app | music | better | awesome | spotify"
12459;"👌🏽🤌🏽";5;"female";"Sydney, Australia";"2025-08-03";"positivo";"";4;"app | music | better | awesome | spotify"
12466;"nice";5;"female";"Brisbane, Australia";"2025-09-06";"positivo";"nice";6;"nice | app | music | no | songs"
12469;"great 👍";5;"female";"Fortaleza, Brazil";"2025-02-10";"positivo";"great";2;"great | app | music | back | really"
12471;"Good app";5;"female";"Auckland, New Zealand";"2025-12-17";"positivo";"good app";0;"good | app | music | experience | really"
12472;"Nice";5;"female";"Melbourne, Australia";"2025-11-14";"positivo";"nice";6;"nice | app | music | no | songs"
12474;"nice";5;"female";"Auckland, New Zealand";"2025-08-21";"positivo";"nice";6;"nice | app | music | no | songs"
12477;"😍 😍😍😍";5;"female";"Santiago, Chile";"2025-02-27";"positivo";"";4;"app | music | better | awesome | spotify"
12480;"very nice!";5;"female";"Gold Coast, Australia";"2025-11-16";"positivo";"very nice";6;"nice | app | music | no | songs"
12487;"رائع";5;"female";"Auckland, New Zealand";"2025-11-28";"positivo";"رائع";4;"app | music | better | awesome | spotify"
12489;"An amazing app I use to have it in highschool now and I am still using it";5;"female";"Suva, Fiji";"2025-08-10";"positivo";"an amazing app i use to have it in highschool now and i am still using it";4;"app | music | better | awesome | spotify"
12494;"it let me listen to songs";5;"female";"Suva, Fiji";"2025-08-18";"positivo";"it let me listen to songs";4;"app | music | better | awesome | spotify"
12496;"is a beautiful app";5;"female";"Brisbane, Australia";"2025-11-29";"positivo";"is a beautiful app";4;"app | music | better | awesome | spotify"
12497;"👍🏾👍🏾👍🏾👍🏾";5;"female";"Perth, Australia";"2025-06-13";"positivo";"";4;"app | music | better | awesome | spotify"
12498;"gracias son Los mas duros gracias dios TE ama";5;"female";"Hobart, Australia";"2025-08-27";"positivo";"gracias son los mas duros gracias dios te ama";4;"app | music | better | awesome | spotify"
12502;"Good";5;"female";"Auckland, New Zealand";"2025-09-03";"positivo";"good";0;"good | app | music | experience | really"
12510;"just woow😍😘😘😘😗";5;"female";"Canberra, Australia";"2025-09-30";"positivo";"just woow";4;"app | music | better | awesome | spotify"
12521;"Dosent have everything but damn most things and it's free to listen love it all sorts on here definitely try it";5;"female";"Santiago, Chile";"2024-12-02";"positivo";"dosent have everything but damn most things and it s free to listen love it all sorts on here definitely try it";4;"app | music | better | awesome | spotify"
12525;"nice app, really love it..";5;"female";"Córdoba, Argentina";"2024-11-04";"positivo";"nice app really love it";6;"nice | app | music | no | songs"
12527;"Good 💯😊";5;"female";"Quito, Ecuador";"2024-09-25";"positivo";"good";0;"good | app | music | experience | really"
12529;"godddd";5;"female";"Córdoba, Argentina";"2024-09-12";"positivo";"godddd";4;"app | music | better | awesome | spotify"
12533;"ဒီဆော့ဝဲလ်က ကျွတ်ဆင်ရီး......";5;"female";"Santiago, Chile";"2025-03-27";"positivo";"ဒ ဆ ဝ လ က က တ ဆင ရ";4;"app | music | better | awesome | spotify"
12550;"it's difficult very difficult";5;"female";"Arequipa, Peru";"2025-03-13";"positivo";"it s difficult very difficult";4;"app | music | better | awesome | spotify"
12558;"Good";5;"female";"Melbourne, Australia";"2025-07-24";"positivo";"good";0;"good | app | music | experience | really"
12568;"Excelente!";5;"female";"Córdoba, Argentina";"2024-11-29";"positivo";"excelente";4;"app | music | better | awesome | spotify"
12571;"SoundCloud is simply the best, most reliable music streaming site offering such enormous talent across the globe playing nothing short of the best music and most talented musicians, djs, and producers, so don't just takem word";5;"female";"Montevideo, Uruguay";"2024-10-25";"positivo";"soundcloud is simply the best most reliable music streaming site offering such enormous talent across the globe playing nothing short of the best music and most talented musicians djs and producers so don t just takem word";4;"app | music | better | awesome | spotify"
12573;"amazing 😍 app";5;"female";"Hobart, Australia";"2025-10-29";"positivo";"amazing app";4;"app | music | better | awesome | spotify"
12574;"[play randomize like] list randomize margins increase. please 🙏 thankyou😊 -15year+ listener";5;"female";"Santiago, Chile";"2025-03-10";"positivo";"play randomize like list randomize margins increase please thankyou year listener";4;"app | music | better | awesome | spotify"
12581;"very high quality songs for men";5;"female";"Gold Coast, Australia";"2025-08-13";"positivo";"very high quality songs for men";4;"app | music | better | awesome | spotify"
12583;"great";5;"female";"Nadi, Fiji";"2025-08-01";"positivo";"great";2;"great | app | music | back | really"
12586;"keep the os clean pls";5;"female";"Canberra, Australia";"2025-07-15";"positivo";"keep the os clean pls";4;"app | music | better | awesome | spotify"
12587;"گگگ";5;"female";"Caracas, Venezuela";"2024-12-29";"positivo";"گگگ";4;"app | music | better | awesome | spotify"
12592;"best platform for listen to music 🌹";5;"female";"Montevideo, Uruguay";"2025-01-07";"positivo";"best platform for listen to music";1;"best | app | music | ever | listen"
12594;"best app, and very good option, i really enjoying .";5;"female";"Brisbane, Australia";"2025-08-26";"positivo";"best app and very good option i really enjoying";4;"app | music | better | awesome | spotify"
12597;"super nice, love it very much. you too should give a try";5;"female";"Buenos Aires, Argentina";"2024-09-09";"positivo";"super nice love it very much you too should give a try";4;"app | music | better | awesome | spotify"
12601;"The best";5;"female";"Buenos Aires, Argentina";"2025-04-04";"positivo";"the best";1;"best | app | music | ever | listen"
12611;"Best alternative to Spotify adds";5;"female";"Guayaquil, Ecuador";"2024-10-23";"positivo";"best alternative to spotify adds";1;"best | app | music | ever | listen"
12614;"The best yet";5;"female";"Melbourne, Australia";"2025-09-07";"positivo";"the best yet";1;"best | app | music | ever | listen"
12619;"good 😊";5;"female";"Melbourne, Australia";"2025-10-11";"positivo";"good";0;"good | app | music | experience | really"
12620;"Best music app out there, you don't have to pay some dumb subscription to be able to listen with your screen off, and you get infinite skips on songs you don't care to hear.";5;"female";"Hobart, Australia";"2025-12-24";"positivo";"best music app out there you don t have to pay some dumb subscription to be able to listen with your screen off and you get infinite skips on songs you don t care to hear";4;"app | music | better | awesome | spotify"
12622;"amazing Quality and sound";5;"female";"Fortaleza, Brazil";"2024-09-27";"positivo";"amazing quality and sound";4;"app | music | better | awesome | spotify"
12624;"Something off top.";5;"female";"Caracas, Venezuela";"2024-11-04";"positivo";"something off top";4;"app | music | better | awesome | spotify"
12627;"real lv";5;"female";"Cali, Colombia";"2025-01-01";"positivo";"real lv";4;"app | music | better | awesome | spotify"
12628;"excElleNt...";5;"female";"Asunción, Paraguay";"2024-10-25";"positivo";"excellent";4;"app | music | better | awesome | spotify"
12629;"cool";5;"female";"Brisbane, Australia";"2025-11-06";"positivo";"cool";4;"app | music | better | awesome | spotify"
12636;"Sigma";5;"female";"Melbourne, Australia";"2025-11-26";"positivo";"sigma";4;"app | music | better | awesome | spotify"
12637;"Love original artists";5;"female";"Lima, Peru";"2024-09-13";"positivo";"love original artists";4;"app | music | better | awesome | spotify"
12641;"it's nice";5;"female";"Melbourne, Australia";"2025-08-08";"positivo";"it s nice";6;"nice | app | music | no | songs"
12642;"Yup";5;"female";"Christchurch, New Zealand";"2025-10-11";"positivo";"yup";4;"app | music | better | awesome | spotify"
12648;"🇮🇳🇮🇳🇮🇳🇮🇳🇮🇳🇮🇳🇮🇳🇮🇳🇮🇳🇮🇳🇮🇳🇮🇳🇮🇳🇮🇳🇮🇳🇮🇳🇮🇳🇮🇳🇮🇳🇮🇳🇮🇳🇮🇳🇮🇳🇮🇳🇮🇳🇮🇳🇮🇳🇮🇳🇮🇳🇮🇳🇮🇳🇮🇳🇮🇳🇮🇳🇮🇳🇮🇳 LEGEND WILL UNDERSTAND";5;"female";"Port Moresby, Papua New Guinea";"2025-09-04";"positivo";"legend will understand";4;"app | music | better | awesome | spotify"
12655;"awesome app";5;"female";"Christchurch, New Zealand";"2025-05-26";"positivo";"awesome app";4;"app | music | better | awesome | spotify"
12658;"superrr";5;"female";"Queenstown, New Zealand";"2025-11-11";"positivo";"superrr";4;"app | music | better | awesome | spotify"
12661;"good artist great music";5;"female";"Valparaíso, Chile";"2024-10-31";"positivo";"good artist great music";2;"great | app | music | back | really"
12672;"top";5;"female";"Asunción, Paraguay";"2025-02-14";"positivo";"top";4;"app | music | better | awesome | spotify"
12674;"BIG SOUND of CLOUDS";5;"female";"Christchurch, New Zealand";"2025-10-16";"positivo";"big sound of clouds";4;"app | music | better | awesome | spotify"
12679;"Good";5;"female";"Montevideo, Uruguay";"2025-02-20";"positivo";"good";0;"good | app | music | experience | really"
12688;"You can find your favorite songs and new songs 🎵🎶🎧🎙️";5;"female";"Canberra, Australia";"2025-07-25";"positivo";"you can find your favorite songs and new songs";4;"app | music | better | awesome | spotify"
12694;"awesome";5;"female";"Hobart, Australia";"2025-06-11";"positivo";"awesome";4;"app | music | better | awesome | spotify"
12699;"The best";5;"female";"Nadi, Fiji";"2025-11-12";"positivo";"the best";1;"best | app | music | ever | listen"
12702;"PLUH!";5;"female";"Perth, Australia";"2025-05-16";"positivo";"pluh";4;"app | music | better | awesome | spotify"
12704;"Great Venue To Listen 🔥 🔥 🔥";5;"female";"Queenstown, New Zealand";"2025-11-20";"positivo";"great venue to listen";2;"great | app | music | back | really"
12706;"awesome 👍😎";5;"female";"Canberra, Australia";"2025-09-13";"positivo";"awesome";4;"app | music | better | awesome | spotify"
12707;"WoW";5;"female";"Asunción, Paraguay";"2025-02-11";"positivo";"wow";4;"app | music | better | awesome | spotify"
12708;"اوکی";5;"female";"Salvador, Brazil";"2025-02-15";"positivo";"اوکی";4;"app | music | better | awesome | spotify"
12709;"nice";5;"female";"Fortaleza, Brazil";"2024-11-01";"positivo";"nice";6;"nice | app | music | no | songs"
12714;"been on soundcloud for years absolutely love it apart from the ads";5;"female";"Brasília, Brazil";"2025-04-12";"positivo";"been on soundcloud for years absolutely love it apart from the ads";4;"app | music | better | awesome | spotify"
12718;"the shiz";5;"female";"Santa Cruz, Bolivia";"2024-11-10";"positivo";"the shiz";4;"app | music | better | awesome | spotify"
12724;"Absolute music";5;"female";"La Paz, Bolivia";"2024-09-11";"positivo";"absolute music";4;"app | music | better | awesome | spotify"
12737;"I love sound cloud it the best";5;"female";"Melbourne, Australia";"2025-12-16";"positivo";"i love sound cloud it the best";5;"love | app | music | much | amazing"
12739;"SoundCloud is the best music platform I ever met";5;"female";"Suva, Fiji";"2025-11-23";"positivo";"soundcloud is the best music platform i ever met";1;"best | app | music | ever | listen"
12741;"It but it cool I guess";5;"female";"Melbourne, Australia";"2025-05-14";"positivo";"it but it cool i guess";4;"app | music | better | awesome | spotify"
12742;"perfect";5;"female";"Córdoba, Argentina";"2024-11-19";"positivo";"perfect";7;"perfect | music | update | much | love"
12744;"This app good just for free";5;"female";"São Paulo, Brazil";"2024-09-21";"positivo";"this app good just for free";4;"app | music | better | awesome | spotify"
12745;"As someone who loves exploring different cultures and emotions through music, SoundCloud is a perfect fit for me. Discovering unique artists and sounds from all over the world—just like watching a movie, but in audio form. I’ve found tracks that match every mood I go through and I'm enjoying it really 🧚‍♂️🧚‍♂️";5;"female";"Córdoba, Argentina";"2024-12-20";"positivo";"as someone who loves exploring different cultures and emotions through music soundcloud is a perfect fit for me discovering unique artists and sounds from all over the world just like watching a movie but in audio form i ve found tracks that match every mood i go through and i m enjoying it really";4;"app | music | better | awesome | spotify"
12747;"Great app thankyou for making my day better :)";5;"female";"Sydney, Australia";"2025-06-02";"positivo";"great app thankyou for making my day better";4;"app | music | better | awesome | spotify"
12748;"this app was good as hell bro";5;"female";"Cali, Colombia";"2024-11-24";"positivo";"this app was good as hell bro";4;"app | music | better | awesome | spotify"
12749;"this Music is so good, it can even go in a loop if I want...I just wished they Updated the app that Can Download any songs we wanted... because I'm waiting for an Update more or so😭😍";5;"female";"Salvador, Brazil";"2025-01-19";"positivo";"this music is so good it can even go in a loop if i want i just wished they updated the app that can download any songs we wanted because i m waiting for an update more or so";4;"app | music | better | awesome | spotify"
12750;"it's is the best and I really do like";5;"female";"Nadi, Fiji";"2025-05-24";"positivo";"it s is the best and i really do like";3;"like | app | music | really | songs"
12754;"the boss of Spotify but for free";5;"female";"Lima, Peru";"2025-04-27";"positivo";"the boss of spotify but for free";4;"app | music | better | awesome | spotify"
12765;"DJ BASKAR SONU skt";5;"female";"Adelaide, Australia";"2025-05-16";"positivo";"dj baskar sonu skt";4;"app | music | better | awesome | spotify"
12773;"nice";5;"female";"Montevideo, Uruguay";"2024-11-24";"positivo";"nice";6;"nice | app | music | no | songs"
12777;"Nice music hub";5;"female";"São Paulo, Brazil";"2025-02-23";"positivo";"nice music hub";6;"nice | app | music | no | songs"
12778;"It's a lovely app I love this app lots of love ❤️❤️❤️❤️";5;"female";"Rosario, Argentina";"2024-09-29";"positivo";"it s a lovely app i love this app lots of love";5;"love | app | music | much | amazing"
12784;"best";5;"female";"Cali, Colombia";"2025-04-21";"positivo";"best";1;"best | app | music | ever | listen"
12796;"nice";5;"female";"Suva, Fiji";"2025-06-06";"positivo";"nice";6;"nice | app | music | no | songs"
12797;"Better Spotify why? more songs I like 🤣";5;"female";"Suva, Fiji";"2025-09-19";"positivo";"better spotify why more songs i like";4;"app | music | better | awesome | spotify"
12807;"Music";5;"female";"Lima, Peru";"2025-04-02";"positivo";"music";4;"app | music | better | awesome | spotify"
12809;"very nice application for favourite song";5;"female";"Medellín, Colombia";"2025-02-15";"positivo";"very nice application for favourite song";4;"app | music | better | awesome | spotify"
12811;"very nice application very good happy my life";5;"female";"Port Moresby, Papua New Guinea";"2025-12-03";"positivo";"very nice application very good happy my life";4;"app | music | better | awesome | spotify"
12818;"this app is de best";5;"female";"Queenstown, New Zealand";"2025-06-20";"positivo";"this app is de best";1;"best | app | music | ever | listen"
12819;"Very good experience with this app I have to recommend to not install Spotify and enjoy music on sound cloud";5;"female";"Adelaide, Australia";"2025-05-08";"positivo";"very good experience with this app i have to recommend to not install spotify and enjoy music on sound cloud";4;"app | music | better | awesome | spotify"
12821;"BIG UP !";5;"female";"Rosario, Argentina";"2025-01-30";"positivo";"big up";4;"app | music | better | awesome | spotify"
12822;"very good it plays when your phone is of air your playing a game I recommend if you like music";5;"female";"Santa Cruz, Bolivia";"2024-11-13";"positivo";"very good it plays when your phone is of air your playing a game i recommend if you like music";4;"app | music | better | awesome | spotify"
12823;"love it";5;"female";"Bogotá, Colombia";"2024-11-05";"positivo";"love it";5;"love | app | music | much | amazing"
12826;"freekin' awesome 👌🏻 💜💥🔥";5;"female";"Santa Cruz, Bolivia";"2024-12-23";"positivo";"freekin awesome";4;"app | music | better | awesome | spotify"
12828;"🌟❤️🌟";5;"female";"Wellington, New Zealand";"2025-06-12";"positivo";"";4;"app | music | better | awesome | spotify"
12829;"good enough";5;"female";"Perth, Australia";"2025-12-24";"positivo";"good enough";4;"app | music | better | awesome | spotify"
12830;"I use it to upload my songs and listen to music I Love SoundCloud";5;"female";"Auckland, New Zealand";"2025-08-01";"positivo";"i use it to upload my songs and listen to music i love soundcloud";4;"app | music | better | awesome | spotify"
12833;"wow";5;"female";"Canberra, Australia";"2025-06-22";"positivo";"wow";4;"app | music | better | awesome | spotify"
12846;"❤️";5;"female";"Suva, Fiji";"2025-06-05";"positivo";"";4;"app | music | better | awesome | spotify"
12854;"👏🏻👏🏻";5;"female";"Asunción, Paraguay";"2024-09-16";"positivo";"";4;"app | music | better | awesome | spotify"
12855;"Love it";5;"female";"Medellín, Colombia";"2025-03-16";"positivo";"love it";5;"love | app | music | much | amazing"
12857;"!!! §ÔUŅĐĈŁØUĐ RØXX ¡¡¡";5;"female";"Asunción, Paraguay";"2024-09-23";"positivo";"ôuņđĉłøuđ røxx";4;"app | music | better | awesome | spotify"
12858;"W experience";5;"female";"Santa Cruz, Bolivia";"2024-09-14";"positivo";"w experience";4;"app | music | better | awesome | spotify"
12863;"the best music streaming service, especially if you like small artists";5;"female";"Christchurch, New Zealand";"2025-09-13";"positivo";"the best music streaming service especially if you like small artists";4;"app | music | better | awesome | spotify"
12864;"ممتاز";5;"female";"Nadi, Fiji";"2025-11-25";"positivo";"ممتاز";4;"app | music | better | awesome | spotify"
12874;"great app. and it a lot better then Spotify 😉 😉😉";5;"female";"Christchurch, New Zealand";"2025-06-19";"positivo";"great app and it a lot better then spotify";4;"app | music | better | awesome | spotify"
12880;"favourite music app.";5;"female";"Cali, Colombia";"2024-12-15";"positivo";"favourite music app";4;"app | music | better | awesome | spotify"
12882;"Ok";5;"female";"Perth, Australia";"2025-09-24";"positivo";"ok";4;"app | music | better | awesome | spotify"
12887;"it's very gud✌️✌️";5;"female";"Brisbane, Australia";"2025-11-19";"positivo";"it s very gud";4;"app | music | better | awesome | spotify"
12900;"better than Spotify";5;"female";"Canberra, Australia";"2025-08-06";"positivo";"better than spotify";4;"app | music | better | awesome | spotify"
12904;"Very good";5;"female";"Auckland, New Zealand";"2025-07-31";"positivo";"very good";0;"good | app | music | experience | really"
12906;"best app";5;"female";"Lima, Peru";"2024-11-08";"positivo";"best app";1;"best | app | music | ever | listen"
12913;"great user experience ! lots of interesting features free with less ads";5;"female";"Santa Cruz, Bolivia";"2025-02-18";"positivo";"great user experience lots of interesting features free with less ads";4;"app | music | better | awesome | spotify"
12917;"perfection";5;"female";"Christchurch, New Zealand";"2025-08-27";"positivo";"perfection";4;"app | music | better | awesome | spotify"
12930;"if musical freedom was an app";5;"female";"Quito, Ecuador";"2025-03-12";"positivo";"if musical freedom was an app";4;"app | music | better | awesome | spotify"
12933;"good";5;"female";"Queenstown, New Zealand";"2025-10-13";"positivo";"good";0;"good | app | music | experience | really"
12937;"rahhhhhhh that's what I have to say just amziiiiing";5;"female";"Santa Cruz, Bolivia";"2024-10-26";"positivo";"rahhhhhhh that s what i have to say just amziiiiing";4;"app | music | better | awesome | spotify"
12939;"Very good";5;"female";"Melbourne, Australia";"2025-06-02";"positivo";"very good";0;"good | app | music | experience | really"
12943;"👍👍👍👍👍";5;"female";"Brisbane, Australia";"2025-07-06";"positivo";"";4;"app | music | better | awesome | spotify"
12944;"add more songs in different languages";5;"female";"Gold Coast, Australia";"2025-08-17";"positivo";"add more songs in different languages";4;"app | music | better | awesome | spotify"
12946;"awesome";5;"female";"Córdoba, Argentina";"2025-02-15";"positivo";"awesome";4;"app | music | better | awesome | spotify"
12950;"Perfect app";5;"female";"Melbourne, Australia";"2025-08-02";"positivo";"perfect app";7;"perfect | music | update | much | love"
12956;"awesome 😎";5;"female";"Christchurch, New Zealand";"2025-11-10";"positivo";"awesome";4;"app | music | better | awesome | spotify"
12965;"👍";5;"female";"Valparaíso, Chile";"2025-04-21";"positivo";"";4;"app | music | better | awesome | spotify"
12967;"500 dollar";5;"female";"Gold Coast, Australia";"2025-11-16";"positivo";"dollar";4;"app | music | better | awesome | spotify"
12976;"I love it so much!!!";5;"female";"Port Moresby, Papua New Guinea";"2025-11-17";"positivo";"i love it so much";5;"love | app | music | much | amazing"
12979;"Good";5;"female";"Asunción, Paraguay";"2024-12-11";"positivo";"good";0;"good | app | music | experience | really"
12982;"nice";5;"female";"Queenstown, New Zealand";"2025-09-21";"positivo";"nice";6;"nice | app | music | no | songs"
12983;"Get heard by others share your music get it and check me out.SoundCloud the ish!";5;"female";"Melbourne, Australia";"2025-11-29";"positivo";"get heard by others share your music get it and check me out soundcloud the ish";4;"app | music | better | awesome | spotify"
12993;"я кайфанул";5;"female";"Quito, Ecuador";"2025-03-30";"positivo";"я кайфанул";4;"app | music | better | awesome | spotify"
13007;"it's perfect";5;"female";"Sydney, Australia";"2025-05-30";"positivo";"it s perfect";7;"perfect | music | update | much | love"
13008;"Nice 🙂 song";5;"female";"Suva, Fiji";"2025-09-22";"positivo";"nice song";6;"nice | app | music | no | songs"
13018;"absolutely fabulous darling x";5;"female";"San Jose, United States";"2024-08-26";"positivo";"absolutely fabulous darling x";4;"app | music | better | awesome | spotify"
13024;"I am speechless this app is great";5;"female";"Hobart, Australia";"2025-10-09";"positivo";"i am speechless this app is great";2;"great | app | music | back | really"
13025;"nice";5;"female";"Brasília, Brazil";"2024-10-20";"positivo";"nice";6;"nice | app | music | no | songs"
13037;"the bessstttt";5;"female";"Christchurch, New Zealand";"2025-05-28";"positivo";"the bessstttt";4;"app | music | better | awesome | spotify"
13045;"awesome 👍";5;"female";"Guayaquil, Ecuador";"2024-09-16";"positivo";"awesome";4;"app | music | better | awesome | spotify"
13046;"I love 💕 this music";5;"female";"Canberra, Australia";"2025-06-18";"positivo";"i love this music";5;"love | app | music | much | amazing"
13048;"why do I have to pay to use these on my watch?";5;"female";"Salvador, Brazil";"2024-09-30";"positivo";"why do i have to pay to use these on my watch";4;"app | music | better | awesome | spotify"
13049;"Really good and it have all songs";5;"female";"Nadi, Fiji";"2025-09-07";"positivo";"really good and it have all songs";4;"app | music | better | awesome | spotify"
13053;"good 👍";5;"female";"Wellington, New Zealand";"2025-07-07";"positivo";"good";0;"good | app | music | experience | really"
13055;"can watch ads all day but no music";5;"female";"Arequipa, Peru";"2025-03-01";"positivo";"can watch ads all day but no music";4;"app | music | better | awesome | spotify"
13066;"Love it .";5;"female";"Lima, Peru";"2024-12-08";"positivo";"love it";5;"love | app | music | much | amazing"
13069;"it was good";5;"female";"Guayaquil, Ecuador";"2024-12-18";"positivo";"it was good";0;"good | app | music | experience | really"
13082;"good";5;"female";"La Paz, Bolivia";"2024-12-08";"positivo";"good";0;"good | app | music | experience | really"
13084;"🔥🔥🔥";5;"female";"Hobart, Australia";"2025-09-24";"positivo";"";4;"app | music | better | awesome | spotify"
13090;"I liked";5;"female";"Adelaide, Australia";"2025-10-10";"positivo";"i liked";4;"app | music | better | awesome | spotify"
13097;"Best free music app";5;"female";"Port Moresby, Papua New Guinea";"2025-09-27";"positivo";"best free music app";1;"best | app | music | ever | listen"
13110;"I’ve noticed that it’s great for discovering underground artists. It makes listening more enjoyable.";5;"female";"Salvador, Brazil";"2025-01-16";"positivo";"i ve noticed that it s great for discovering underground artists it makes listening more enjoyable";4;"app | music | better | awesome | spotify"
13113;"For me, it’s perfect for finding niche genres. It adds to the overall experience.";5;"female";"Brisbane, Australia";"2025-07-10";"positivo";"for me it s perfect for finding niche genres it adds to the overall experience";4;"app | music | better | awesome | spotify"
13124;"The best part is that the platform feels very community-driven. It makes the experience better overall.";5;"female";"La Paz, Bolivia";"2025-01-03";"positivo";"the best part is that the platform feels very community driven it makes the experience better overall";4;"app | music | better | awesome | spotify"
13125;"So far, sharing music is really easy. It keeps things interesting.";5;"female";"Lima, Peru";"2024-11-22";"positivo";"so far sharing music is really easy it keeps things interesting";4;"app | music | better | awesome | spotify"
13127;"I’ve noticed that it has features you don’t see in other apps. It makes the experience better overall.";5;"female";"Canberra, Australia";"2025-12-22";"positivo";"i ve noticed that it has features you don t see in other apps it makes the experience better overall";4;"app | music | better | awesome | spotify"
13132;"I’d say there’s a lot of music available for free.";5;"female";"Cali, Colombia";"2024-10-30";"positivo";"i d say there s a lot of music available for free";4;"app | music | better | awesome | spotify"
13133;"I’d say it’s perfect for finding niche genres. It adds to the overall experience.";5;"female";"Christchurch, New Zealand";"2025-07-18";"positivo";"i d say it s perfect for finding niche genres it adds to the overall experience";4;"app | music | better | awesome | spotify"
13136;"For me, there’s always new content being uploaded.";5;"female";"Auckland, New Zealand";"2025-06-28";"positivo";"for me there s always new content being uploaded";4;"app | music | better | awesome | spotify"
13142;"For me, there’s a lot of music available for free. It works really well for me.";5;"female";"Melbourne, Australia";"2025-07-29";"positivo";"for me there s a lot of music available for free it works really well for me";4;"app | music | better | awesome | spotify"
13143;"For me, it’s perfect for finding niche genres. It makes the experience better overall.";5;"female";"Cali, Colombia";"2024-12-27";"positivo";"for me it s perfect for finding niche genres it makes the experience better overall";4;"app | music | better | awesome | spotify"
13144;"So far, the platform feels very community-driven. It keeps things interesting.";5;"female";"Hobart, Australia";"2025-11-15";"positivo";"so far the platform feels very community driven it keeps things interesting";4;"app | music | better | awesome | spotify"
13146;"In my experience, there’s always new content being uploaded. It makes listening more enjoyable.";5;"female";"Auckland, New Zealand";"2025-07-17";"positivo";"in my experience there s always new content being uploaded it makes listening more enjoyable";4;"app | music | better | awesome | spotify"
13149;"For me, i love how much unique music you can find here. It adds to the overall experience.";5;"female";"Queenstown, New Zealand";"2025-06-07";"positivo";"for me i love how much unique music you can find here it adds to the overall experience";4;"app | music | better | awesome | spotify"
13151;"For me, i like that I can interact directly with artists. It keeps things interesting.";5;"female";"Brisbane, Australia";"2025-06-05";"positivo";"for me i like that i can interact directly with artists it keeps things interesting";4;"app | music | better | awesome | spotify"
13152;"So far, there’s a lot of music available for free. It adds to the overall experience.";5;"female";"Gold Coast, Australia";"2025-11-02";"positivo";"so far there s a lot of music available for free it adds to the overall experience";4;"app | music | better | awesome | spotify"
13153;"I’d say it’s perfect for finding niche genres.";5;"female";"Brisbane, Australia";"2025-11-23";"positivo";"i d say it s perfect for finding niche genres";4;"app | music | better | awesome | spotify"
13155;"One thing I like is that sharing music is really easy. It works really well for me.";5;"female";"Valparaíso, Chile";"2025-04-01";"positivo";"one thing i like is that sharing music is really easy it works really well for me";4;"app | music | better | awesome | spotify"
13162;"One thing I like is that there’s a lot of music available for free. It adds to the overall experience.";5;"female";"Hobart, Australia";"2025-07-05";"positivo";"one thing i like is that there s a lot of music available for free it adds to the overall experience";4;"app | music | better | awesome | spotify"
13163;"So far, it’s perfect for finding niche genres. It makes listening more enjoyable.";5;"female";"Montevideo, Uruguay";"2025-04-02";"positivo";"so far it s perfect for finding niche genres it makes listening more enjoyable";4;"app | music | better | awesome | spotify"
13164;"In my experience, the platform feels very community-driven. It makes listening more enjoyable.";5;"female";"Melbourne, Australia";"2025-08-23";"positivo";"in my experience the platform feels very community driven it makes listening more enjoyable";4;"app | music | better | awesome | spotify"
13165;"In my experience, sharing music is really easy. It definitely stands out.";5;"female";"Nadi, Fiji";"2025-12-08";"positivo";"in my experience sharing music is really easy it definitely stands out";4;"app | music | better | awesome | spotify"
13168;"Honestly, it’s especially good for electronic and hip-hop music. It makes listening more enjoyable.";5;"female";"Queenstown, New Zealand";"2025-09-08";"positivo";"honestly it s especially good for electronic and hip hop music it makes listening more enjoyable";4;"app | music | better | awesome | spotify"
13169;"Honestly, i love how much unique music you can find here. It definitely stands out.";5;"female";"Santiago, Chile";"2025-02-26";"positivo";"honestly i love how much unique music you can find here it definitely stands out";4;"app | music | better | awesome | spotify"
13176;"I’ve noticed that there’s always new content being uploaded. It keeps things interesting.";5;"female";"Perth, Australia";"2025-09-18";"positivo";"i ve noticed that there s always new content being uploaded it keeps things interesting";4;"app | music | better | awesome | spotify"
13181;"Honestly, i like that I can interact directly with artists. It works really well for me.";5;"female";"Cali, Colombia";"2024-10-18";"positivo";"honestly i like that i can interact directly with artists it works really well for me";4;"app | music | better | awesome | spotify"
13185;"I’ve noticed that sharing music is really easy. It makes listening more enjoyable.";5;"female";"Gold Coast, Australia";"2025-06-28";"positivo";"i ve noticed that sharing music is really easy it makes listening more enjoyable";4;"app | music | better | awesome | spotify"
13190;"Honestly, it’s great for discovering underground artists. It definitely stands out.";5;"female";"Brasília, Brazil";"2024-11-09";"positivo";"honestly it s great for discovering underground artists it definitely stands out";4;"app | music | better | awesome | spotify"
13192;"What stands out is that there’s a lot of music available for free. It makes the experience better overall.";5;"female";"Brasília, Brazil";"2025-01-13";"positivo";"what stands out is that there s a lot of music available for free it makes the experience better overall";4;"app | music | better | awesome | spotify"
13205;"In my experience, sharing music is really easy.";5;"female";"Córdoba, Argentina";"2025-02-05";"positivo";"in my experience sharing music is really easy";4;"app | music | better | awesome | spotify"
13206;"So far, there’s always new content being uploaded. It adds to the overall experience.";5;"female";"Auckland, New Zealand";"2025-06-23";"positivo";"so far there s always new content being uploaded it adds to the overall experience";4;"app | music | better | awesome | spotify"
13207;"For me, it has features you don’t see in other apps. It keeps things interesting.";5;"female";"Córdoba, Argentina";"2024-10-30";"positivo";"for me it has features you don t see in other apps it keeps things interesting";4;"app | music | better | awesome | spotify"
13208;"In my experience, it’s especially good for electronic and hip-hop music. It makes the experience better overall.";5;"female";"Valparaíso, Chile";"2024-09-26";"positivo";"in my experience it s especially good for electronic and hip hop music it makes the experience better overall";4;"app | music | better | awesome | spotify"
13210;"So far, it’s great for discovering underground artists. It definitely stands out.";5;"female";"Montevideo, Uruguay";"2025-03-19";"positivo";"so far it s great for discovering underground artists it definitely stands out";4;"app | music | better | awesome | spotify"
13216;"I’ve noticed that there’s always new content being uploaded. It keeps things interesting.";5;"female";"Suva, Fiji";"2025-11-27";"positivo";"i ve noticed that there s always new content being uploaded it keeps things interesting";4;"app | music | better | awesome | spotify"
13217;"In my experience, it has features you don’t see in other apps.";5;"female";"Arequipa, Peru";"2025-03-07";"positivo";"in my experience it has features you don t see in other apps";4;"app | music | better | awesome | spotify"
13226;"Honestly, there’s always new content being uploaded. It definitely stands out.";5;"female";"Hobart, Australia";"2025-05-16";"positivo";"honestly there s always new content being uploaded it definitely stands out";4;"app | music | better | awesome | spotify"
13233;"One thing I like is that it’s perfect for finding niche genres. It works really well for me.";5;"female";"Adelaide, Australia";"2025-08-26";"positivo";"one thing i like is that it s perfect for finding niche genres it works really well for me";4;"app | music | better | awesome | spotify"
13237;"For me, it has features you don’t see in other apps.";5;"female";"Caracas, Venezuela";"2025-02-18";"positivo";"for me it has features you don t see in other apps";4;"app | music | better | awesome | spotify"
13238;"One thing I like is that it’s especially good for electronic and hip-hop music. It makes the experience better overall.";5;"female";"Lima, Peru";"2025-02-03";"positivo";"one thing i like is that it s especially good for electronic and hip hop music it makes the experience better overall";4;"app | music | better | awesome | spotify"
13241;"Personally, i like that I can interact directly with artists. It works really well for me.";5;"female";"Port Moresby, Papua New Guinea";"2025-05-31";"positivo";"personally i like that i can interact directly with artists it works really well for me";4;"app | music | better | awesome | spotify"
13247;"I’ve noticed that it has features you don’t see in other apps. It makes listening more enjoyable.";5;"female";"Brisbane, Australia";"2025-06-19";"positivo";"i ve noticed that it has features you don t see in other apps it makes listening more enjoyable";4;"app | music | better | awesome | spotify"
13263;"Honestly, it’s perfect for finding niche genres.";5;"female";"Christchurch, New Zealand";"2025-09-30";"positivo";"honestly it s perfect for finding niche genres";4;"app | music | better | awesome | spotify"
13265;"What stands out is that sharing music is really easy. That’s something I appreciate.";5;"female";"São Paulo, Brazil";"2024-10-14";"positivo";"what stands out is that sharing music is really easy that s something i appreciate";4;"app | music | better | awesome | spotify"
13269;"The best part is that i love how much unique music you can find here. It definitely stands out.";5;"female";"Auckland, New Zealand";"2025-12-08";"positivo";"the best part is that i love how much unique music you can find here it definitely stands out";4;"app | music | better | awesome | spotify"
13272;"For me, there’s a lot of music available for free. That’s something I appreciate.";5;"female";"Cali, Colombia";"2025-02-25";"positivo";"for me there s a lot of music available for free that s something i appreciate";4;"app | music | better | awesome | spotify"
13274;"For me, the platform feels very community-driven. It adds to the overall experience.";5;"female";"Rio de Janeiro, Brazil";"2024-10-14";"positivo";"for me the platform feels very community driven it adds to the overall experience";4;"app | music | better | awesome | spotify"
13281;"Personally, i like that I can interact directly with artists. It keeps things interesting.";5;"female";"Santa Cruz, Bolivia";"2025-04-21";"positivo";"personally i like that i can interact directly with artists it keeps things interesting";4;"app | music | better | awesome | spotify"
13286;"Personally, there’s always new content being uploaded. It makes the experience better overall.";5;"female";"Canberra, Australia";"2025-07-04";"positivo";"personally there s always new content being uploaded it makes the experience better overall";4;"app | music | better | awesome | spotify"
13287;"I’d say it has features you don’t see in other apps. It makes listening more enjoyable.";5;"female";"Brisbane, Australia";"2025-11-12";"positivo";"i d say it has features you don t see in other apps it makes listening more enjoyable";4;"app | music | better | awesome | spotify"
13295;"I’d say sharing music is really easy. It definitely stands out.";5;"female";"Gold Coast, Australia";"2025-08-30";"positivo";"i d say sharing music is really easy it definitely stands out";4;"app | music | better | awesome | spotify"
13296;"I’ve noticed that there’s always new content being uploaded. It works really well for me.";5;"female";"Adelaide, Australia";"2025-12-09";"positivo";"i ve noticed that there s always new content being uploaded it works really well for me";4;"app | music | better | awesome | spotify"
13297;"Personally, it has features you don’t see in other apps. It works really well for me.";5;"female";"Port Moresby, Papua New Guinea";"2025-12-25";"positivo";"personally it has features you don t see in other apps it works really well for me";4;"app | music | better | awesome | spotify"
13300;"In my experience, it’s great for discovering underground artists. It definitely stands out.";5;"female";"Rosario, Argentina";"2025-01-29";"positivo";"in my experience it s great for discovering underground artists it definitely stands out";4;"app | music | better | awesome | spotify"
13304;"I’d say the platform feels very community-driven. It makes the experience better overall.";5;"female";"Asunción, Paraguay";"2024-10-20";"positivo";"i d say the platform feels very community driven it makes the experience better overall";4;"app | music | better | awesome | spotify"
13307;"The best part is that it has features you don’t see in other apps. It definitely stands out.";5;"female";"Rosario, Argentina";"2024-10-01";"positivo";"the best part is that it has features you don t see in other apps it definitely stands out";4;"app | music | better | awesome | spotify"
13313;"One thing I like is that it’s perfect for finding niche genres. It adds to the overall experience.";5;"female";"Sydney, Australia";"2025-05-02";"positivo";"one thing i like is that it s perfect for finding niche genres it adds to the overall experience";4;"app | music | better | awesome | spotify"
13316;"Personally, there’s always new content being uploaded. It adds to the overall experience.";5;"female";"La Paz, Bolivia";"2025-02-13";"positivo";"personally there s always new content being uploaded it adds to the overall experience";4;"app | music | better | awesome | spotify"
13318;"For me, it’s especially good for electronic and hip-hop music. That’s something I appreciate.";5;"female";"Lima, Peru";"2025-04-03";"positivo";"for me it s especially good for electronic and hip hop music that s something i appreciate";4;"app | music | better | awesome | spotify"
13327;"I’d say it has features you don’t see in other apps. It keeps things interesting.";5;"female";"Arequipa, Peru";"2024-08-29";"positivo";"i d say it has features you don t see in other apps it keeps things interesting";4;"app | music | better | awesome | spotify"
13330;"One thing I like is that it’s great for discovering underground artists. It adds to the overall experience.";5;"female";"Asunción, Paraguay";"2024-08-30";"positivo";"one thing i like is that it s great for discovering underground artists it adds to the overall experience";4;"app | music | better | awesome | spotify"
13331;"One thing I like is that i like that I can interact directly with artists. It makes listening more enjoyable.";5;"female";"Rio de Janeiro, Brazil";"2025-03-20";"positivo";"one thing i like is that i like that i can interact directly with artists it makes listening more enjoyable";4;"app | music | better | awesome | spotify"
13335;"What stands out is that sharing music is really easy. It makes the experience better overall.";5;"female";"Melbourne, Australia";"2025-05-16";"positivo";"what stands out is that sharing music is really easy it makes the experience better overall";4;"app | music | better | awesome | spotify"
13340;"I’d say it’s great for discovering underground artists. That’s something I appreciate.";5;"female";"Brasília, Brazil";"2024-09-29";"positivo";"i d say it s great for discovering underground artists that s something i appreciate";4;"app | music | better | awesome | spotify"
13345;"For me, sharing music is really easy. It keeps things interesting.";5;"female";"Melbourne, Australia";"2025-11-27";"positivo";"for me sharing music is really easy it keeps things interesting";4;"app | music | better | awesome | spotify"
13363;"In my experience, it’s perfect for finding niche genres.";5;"female";"Caracas, Venezuela";"2025-03-09";"positivo";"in my experience it s perfect for finding niche genres";4;"app | music | better | awesome | spotify"
13368;"In my experience, it’s especially good for electronic and hip-hop music.";5;"female";"Sydney, Australia";"2025-10-30";"positivo";"in my experience it s especially good for electronic and hip hop music";4;"app | music | better | awesome | spotify"
13375;"Honestly, sharing music is really easy. It definitely stands out.";5;"female";"Lima, Peru";"2025-04-24";"positivo";"honestly sharing music is really easy it definitely stands out";4;"app | music | better | awesome | spotify"
13376;"One thing I like is that there’s always new content being uploaded. It definitely stands out.";5;"female";"Queenstown, New Zealand";"2025-09-12";"positivo";"one thing i like is that there s always new content being uploaded it definitely stands out";4;"app | music | better | awesome | spotify"
13380;"Honestly, it’s great for discovering underground artists. It makes the experience better overall.";5;"female";"Rio de Janeiro, Brazil";"2025-04-02";"positivo";"honestly it s great for discovering underground artists it makes the experience better overall";4;"app | music | better | awesome | spotify"
13381;"For me, i like that I can interact directly with artists. That’s something I appreciate.";5;"female";"São Paulo, Brazil";"2024-11-21";"positivo";"for me i like that i can interact directly with artists that s something i appreciate";4;"app | music | better | awesome | spotify"
13384;"For me, the platform feels very community-driven. It keeps things interesting.";5;"female";"Asunción, Paraguay";"2025-01-09";"positivo";"for me the platform feels very community driven it keeps things interesting";4;"app | music | better | awesome | spotify"
13397;"For me, it has features you don’t see in other apps.";5;"female";"Wellington, New Zealand";"2025-08-09";"positivo";"for me it has features you don t see in other apps";4;"app | music | better | awesome | spotify"
13400;"nice and good work app Android";5;"female";"Rio de Janeiro, Brazil";"2025-04-06";"positivo";"nice and good work app android";6;"nice | app | music | no | songs"
13404;"lovely app";5;"female";"Perth, Australia";"2025-08-31";"positivo";"lovely app";4;"app | music | better | awesome | spotify"
13414;"GREAT,VERSATILE,UNIVERSAL IN APPEAL.HIGHLY RESEARCHED AND TRACKS REMIXED CONTINUALLY.VIRTUALLY A COMMUNITY OF MUSIC ....REALLY ENJOYABLE.!!";5;"female";"Cali, Colombia";"2024-11-02";"positivo";"great versatile universal in appeal highly researched and tracks remixed continually virtually a community of music really enjoyable";4;"app | music | better | awesome | spotify"
13418;"Excelent";5;"female";"Montevideo, Uruguay";"2025-04-29";"positivo";"excelent";4;"app | music | better | awesome | spotify"
13426;"Gets me through everything";5;"female";"Rio de Janeiro, Brazil";"2025-03-08";"positivo";"gets me through everything";4;"app | music | better | awesome | spotify"
13433;"exceptional";5;"female";"Bogotá, Colombia";"2025-01-11";"positivo";"exceptional";4;"app | music | better | awesome | spotify"
13452;"'captions' to songs reasons is the cherry on top of the ice cream. soumdcloud such a User Friendly Platfourm for finding new Music. Hats Down!";5;"female";"Bogotá, Colombia";"2024-11-13";"positivo";"captions to songs reasons is the cherry on top of the ice cream soumdcloud such a user friendly platfourm for finding new music hats down";4;"app | music | better | awesome | spotify"
13453;"Best platform for music";5;"female";"Cali, Colombia";"2024-11-23";"positivo";"best platform for music";1;"best | app | music | ever | listen"
13455;"love it";5;"female";"Rio de Janeiro, Brazil";"2025-02-19";"positivo";"love it";5;"love | app | music | much | amazing"
13463;"❤️❤️";5;"female";"São Paulo, Brazil";"2024-10-05";"positivo";"";4;"app | music | better | awesome | spotify"
13472;"best app for track listeners";5;"female";"San Jose, United States";"2024-08-18";"positivo";"best app for track listeners";1;"best | app | music | ever | listen"
13477;"عالی";5;"female";"Brisbane, Australia";"2025-12-16";"positivo";"عالی";4;"app | music | better | awesome | spotify"
13487;"SoundCloud >>> spotfy";5;"female";"Brisbane, Australia";"2025-10-25";"positivo";"soundcloud spotfy";4;"app | music | better | awesome | spotify"
13501;"Soundcloud is father of spotify 🔥";5;"female";"Suva, Fiji";"2025-11-24";"positivo";"soundcloud is father of spotify";4;"app | music | better | awesome | spotify"
13505;"best";5;"female";"La Paz, Bolivia";"2025-04-22";"positivo";"best";1;"best | app | music | ever | listen"
13510;"I love this app";5;"female";"Port Moresby, Papua New Guinea";"2025-11-24";"positivo";"i love this app";5;"love | app | music | much | amazing"
13512;"I love music ❤️";5;"female";"Montevideo, Uruguay";"2025-03-10";"positivo";"i love music";5;"love | app | music | much | amazing"
13516;"love it";5;"female";"Salvador, Brazil";"2025-02-22";"positivo";"love it";5;"love | app | music | much | amazing"
13525;"The best in music streaming.";5;"female";"Suva, Fiji";"2025-08-02";"positivo";"the best in music streaming";1;"best | app | music | ever | listen"
13526;"🤍🤍";5;"female";"Perth, Australia";"2025-06-22";"positivo";"";4;"app | music | better | awesome | spotify"
13527;"good";5;"female";"Los Angeles, United States";"2024-08-28";"positivo";"good";0;"good | app | music | experience | really"
13534;"I can listen to most music I want except for some of it but it's still good though";5;"female";"Perth, Australia";"2025-10-13";"positivo";"i can listen to most music i want except for some of it but it s still good though";4;"app | music | better | awesome | spotify"
13549;"Besides all the cookies it's nice to hear all the dj tracks and what artists have to offer us. -CHEERS-";5;"female";"Brasília, Brazil";"2024-12-26";"positivo";"besides all the cookies it s nice to hear all the dj tracks and what artists have to offer us cheers";4;"app | music | better | awesome | spotify"
13553;"Good 👍";5;"female";"San Francisco, United States";"2024-08-28";"positivo";"good";0;"good | app | music | experience | really"
13554;"good for quran I don't like song 👍";5;"female";"Santa Cruz, Bolivia";"2025-04-15";"positivo";"good for quran i don t like song";3;"like | app | music | really | songs"
13556;"very good";5;"female";"Phoenix, United States";"2024-08-16";"positivo";"very good";0;"good | app | music | experience | really"
13561;"Very nice aap 👍";5;"female";"Lima, Peru";"2024-10-19";"positivo";"very nice aap";6;"nice | app | music | no | songs"
13568;"I love this so much";5;"female";"Gold Coast, Australia";"2025-11-27";"positivo";"i love this so much";5;"love | app | music | much | amazing"
13571;"Better better and better 😌";5;"female";"Suva, Fiji";"2025-11-28";"positivo";"better better and better";4;"app | music | better | awesome | spotify"
13579;"good luck";5;"female";"Arequipa, Peru";"2024-10-05";"positivo";"good luck";4;"app | music | better | awesome | spotify"
13581;"good 👍";5;"female";"Boston, United States";"2024-08-22";"positivo";"good";0;"good | app | music | experience | really"
13587;"amazing amount songs, great sound & little amount of ads make this my go to music streaming app.";5;"female";"Perth, Australia";"2025-10-07";"positivo";"amazing amount songs great sound little amount of ads make this my go to music streaming app";4;"app | music | better | awesome | spotify"
13594;"best music app 🔥❤️💯";5;"female";"Montevideo, Uruguay";"2025-03-30";"positivo";"best music app";1;"best | app | music | ever | listen"
13601;"شكرا علي جهدكم";5;"female";"Cali, Colombia";"2025-01-21";"positivo";"شكرا علي جهدكم";4;"app | music | better | awesome | spotify"
13602;"high quality service. 👍";5;"female";"Quebec City, Canada";"2024-08-21";"positivo";"high quality service";4;"app | music | better | awesome | spotify"
13607;"good app";5;"female";"Brasília, Brazil";"2025-04-16";"positivo";"good app";0;"good | app | music | experience | really"
13612;"I love this app";5;"female";"Sydney, Australia";"2025-12-07";"positivo";"i love this app";5;"love | app | music | much | amazing"
13616;"jest git";5;"female";"Asunción, Paraguay";"2024-11-16";"positivo";"jest git";4;"app | music | better | awesome | spotify"
13618;"very good app for lessen music";5;"female";"Brisbane, Australia";"2025-08-22";"positivo";"very good app for lessen music";0;"good | app | music | experience | really"
13619;"I love SoundCloud and their honest service. It's got pretty much anything to suit your needs.";5;"female";"Nadi, Fiji";"2025-11-14";"positivo";"i love soundcloud and their honest service it s got pretty much anything to suit your needs";4;"app | music | better | awesome | spotify"
13620;"I love this app and I listen to my music just about every day! I love how can design what you want to listen to so easily!";5;"female";"Córdoba, Argentina";"2025-02-10";"positivo";"i love this app and i listen to my music just about every day i love how can design what you want to listen to so easily";4;"app | music | better | awesome | spotify"
13623;"high-quality";5;"female";"Sydney, Australia";"2025-10-24";"positivo";"high quality";4;"app | music | better | awesome | spotify"
13627;"I love this app so much ! But please bring the orange logo!";5;"female";"Bogotá, Colombia";"2025-02-03";"positivo";"i love this app so much but please bring the orange logo";4;"app | music | better | awesome | spotify"
13628;"please im broke make your prices cheaper :pray:";5;"female";"Asunción, Paraguay";"2024-11-04";"positivo";"please im broke make your prices cheaper pray";4;"app | music | better | awesome | spotify"
13631;"nice";5;"female";"Hobart, Australia";"2025-09-29";"positivo";"nice";6;"nice | app | music | no | songs"
13634;"Best";5;"female";"Sydney, Australia";"2025-11-27";"positivo";"best";1;"best | app | music | ever | listen"
13636;"it a well music platform";5;"female";"Bogotá, Colombia";"2025-02-08";"positivo";"it a well music platform";4;"app | music | better | awesome | spotify"
13642;"best program";5;"female";"Salvador, Brazil";"2024-12-10";"positivo";"best program";1;"best | app | music | ever | listen"
13646;"Not tried";5;"female";"Auckland, New Zealand";"2025-05-19";"positivo";"not tried";4;"app | music | better | awesome | spotify"
13650;"Easy to set where you've stopped.";5;"female";"Hobart, Australia";"2025-06-02";"positivo";"easy to set where you ve stopped";4;"app | music | better | awesome | spotify"
13653;"🥳🤩🤩🤟";5;"female";"Nadi, Fiji";"2025-07-05";"positivo";"";4;"app | music | better | awesome | spotify"
13658;"advertising between tracks is not good";5;"female";"Jacksonville, United States";"2024-08-16";"positivo";"advertising between tracks is not good";4;"app | music | better | awesome | spotify"
13660;"Great app simple interface";5;"female";"Queenstown, New Zealand";"2025-11-15";"positivo";"great app simple interface";2;"great | app | music | back | really"
13664;"U love this app and the songs on It.";5;"female";"Queenstown, New Zealand";"2025-05-05";"positivo";"u love this app and the songs on it";5;"love | app | music | much | amazing"
13665;"Like.";5;"female";"Adelaide, Australia";"2025-10-03";"positivo";"like";3;"like | app | music | really | songs"
13668;"great";5;"female";"Nadi, Fiji";"2025-05-03";"positivo";"great";2;"great | app | music | back | really"
13669;"Fantastic";5;"female";"Rio de Janeiro, Brazil";"2025-01-03";"positivo";"fantastic";4;"app | music | better | awesome | spotify"
13670;"👌 👏";5;"female";"Lima, Peru";"2025-03-27";"positivo";"";4;"app | music | better | awesome | spotify"
13672;"that good";5;"female";"Brisbane, Australia";"2025-06-15";"positivo";"that good";0;"good | app | music | experience | really"
13674;"best music app ever";5;"female";"Sydney, Australia";"2025-08-09";"positivo";"best music app ever";1;"best | app | music | ever | listen"
13677;"awesome,💥";5;"female";"Christchurch, New Zealand";"2025-09-23";"positivo";"awesome";4;"app | music | better | awesome | spotify"
13685;"BEST MUSIC APPS EVER!!! :DD";5;"female";"Perth, Australia";"2025-08-19";"positivo";"best music apps ever dd";1;"best | app | music | ever | listen"
13687;"mind blowing free and varities of music exelent";5;"female";"La Paz, Bolivia";"2024-09-17";"positivo";"mind blowing free and varities of music exelent";4;"app | music | better | awesome | spotify"
13689;"𝖇𝖊𝖘𝖙 𝖆𝖕𝖕 𝖙𝖍𝖆𝖓𝖐 𝖞𝖔𝖚 𝖛𝖊𝖗𝖞 𝖒𝖚𝖈𝖍 𝖋𝖔𝖗 𝖒𝖆𝖐𝖎𝖓𝖌 𝖎𝖙! ❤❤";5;"female";"Canberra, Australia";"2025-10-21";"positivo";"𝖇𝖊𝖘𝖙 𝖆𝖕𝖕 𝖙𝖍𝖆𝖓𝖐 𝖞𝖔𝖚 𝖛𝖊𝖗𝖞 𝖒𝖚𝖈𝖍 𝖋𝖔𝖗 𝖒𝖆𝖐𝖎𝖓𝖌 𝖎𝖙";4;"app | music | better | awesome | spotify"
13702;"very nice ..";5;"female";"Quebec City, Canada";"2024-08-08";"positivo";"very nice";6;"nice | app | music | no | songs"
13706;"Nice!!!";5;"female";"Brasília, Brazil";"2025-02-11";"positivo";"nice";6;"nice | app | music | no | songs"
13711;"perfect";5;"female";"Guadalajara, Mexico";"2024-08-23";"positivo";"perfect";7;"perfect | music | update | much | love"
13719;"love the options";5;"female";"Port Moresby, Papua New Guinea";"2025-06-07";"positivo";"love the options";5;"love | app | music | much | amazing"
13720;"good for the gym";5;"female";"Fortaleza, Brazil";"2025-02-17";"positivo";"good for the gym";0;"good | app | music | experience | really"
13721;"it's the stuff!!!💩 (no toilet paper)";5;"female";"Fortaleza, Brazil";"2025-02-27";"positivo";"it s the stuff no toilet paper";4;"app | music | better | awesome | spotify"
13731;"AWESOME 👍🏽😎";5;"female";"Melbourne, Australia";"2025-06-02";"positivo";"awesome";4;"app | music | better | awesome | spotify"
13733;"Amazing app";5;"female";"Suva, Fiji";"2025-05-31";"positivo";"amazing app";4;"app | music | better | awesome | spotify"
13741;"Creates spot on mixes for me to find new music better to my musical pleasure than any other music based audio app";5;"female";"Montevideo, Uruguay";"2024-09-20";"positivo";"creates spot on mixes for me to find new music better to my musical pleasure than any other music based audio app";4;"app | music | better | awesome | spotify"
13742;"non ai riafou seni ai tong me family me eterenges 😭💔";5;"female";"Cali, Colombia";"2025-02-08";"positivo";"non ai riafou seni ai tong me family me eterenges";4;"app | music | better | awesome | spotify"
13747;"very good i love it and I have this app for years now and it been good and listen many my favorite songs and that some are nopixel song and this song Vicious Cycle -Liz Anya";5;"female";"La Paz, Bolivia";"2025-03-06";"positivo";"very good i love it and i have this app for years now and it been good and listen many my favorite songs and that some are nopixel song and this song vicious cycle liz anya";4;"app | music | better | awesome | spotify"
13752;"very good u should definitely download";5;"female";"Bogotá, Colombia";"2024-10-15";"positivo";"very good u should definitely download";4;"app | music | better | awesome | spotify"
13758;"Awesome!!";5;"female";"Wellington, New Zealand";"2025-05-09";"positivo";"awesome";4;"app | music | better | awesome | spotify"
13759;"Love this app,";5;"female";"Christchurch, New Zealand";"2025-06-04";"positivo";"love this app";5;"love | app | music | much | amazing"
13763;"5 year's";5;"female";"Buenos Aires, Argentina";"2024-12-22";"positivo";"year s";4;"app | music | better | awesome | spotify"
13771;"Want to stay up to date with music after datpiff era over? DOWNLOAD NOW";5;"female";"Christchurch, New Zealand";"2025-07-13";"positivo";"want to stay up to date with music after datpiff era over download now";4;"app | music | better | awesome | spotify"
13775;"Rewind forward not working its jumping to next track.. cant play saved playlist song offline..";5;"female";"Perth, Australia";"2025-06-05";"positivo";"rewind forward not working its jumping to next track cant play saved playlist song offline";4;"app | music | better | awesome | spotify"
13776;"better";5;"female";"Córdoba, Argentina";"2024-10-02";"positivo";"better";4;"app | music | better | awesome | spotify"
13777;"the app is amazing but sometimes it just stops working on offline song and they all a sudden need WiFi to work so you could please fix this";5;"female";"Fortaleza, Brazil";"2025-02-25";"positivo";"the app is amazing but sometimes it just stops working on offline song and they all a sudden need wifi to work so you could please fix this";4;"app | music | better | awesome | spotify"
13781;"3mi 35";5;"female";"Montevideo, Uruguay";"2024-09-06";"positivo";"mi";4;"app | music | better | awesome | spotify"
13782;"best ever";5;"female";"Sydney, Australia";"2025-12-25";"positivo";"best ever";1;"best | app | music | ever | listen"
13797;"la mejor";5;"female";"Córdoba, Argentina";"2024-09-21";"positivo";"la mejor";4;"app | music | better | awesome | spotify"
13799;"just great";5;"female";"Hobart, Australia";"2025-08-30";"positivo";"just great";2;"great | app | music | back | really"
13800;"Great App.";5;"female";"Hobart, Australia";"2025-06-14";"positivo";"great app";2;"great | app | music | back | really"
13803;"Sick";5;"female";"La Paz, Bolivia";"2024-10-04";"positivo";"sick";4;"app | music | better | awesome | spotify"
13809;"good apps";5;"female";"Phoenix, United States";"2024-08-21";"positivo";"good apps";4;"app | music | better | awesome | spotify"
13820;"Its a great app It has no ads Definitely it will be worth your time";5;"female";"Quito, Ecuador";"2025-02-25";"positivo";"its a great app it has no ads definitely it will be worth your time";4;"app | music | better | awesome | spotify"
13822;"Way better than Spotify";5;"female";"Christchurch, New Zealand";"2025-09-17";"positivo";"way better than spotify";4;"app | music | better | awesome | spotify"
13823;"Love this";5;"female";"Santiago, Chile";"2024-09-14";"positivo";"love this";5;"love | app | music | much | amazing"
13830;"best for listeners";5;"female";"Asunción, Paraguay";"2025-04-07";"positivo";"best for listeners";1;"best | app | music | ever | listen"
13839;"Thank you";5;"female";"Rio de Janeiro, Brazil";"2024-12-28";"positivo";"thank you";4;"app | music | better | awesome | spotify"
13845;"better than Spotify. you can choose what song you want to play, skip songs, and rewind songs all without paying";5;"female";"Cali, Colombia";"2024-12-09";"positivo";"better than spotify you can choose what song you want to play skip songs and rewind songs all without paying";4;"app | music | better | awesome | spotify"
13846;"so good";5;"female";"Christchurch, New Zealand";"2025-08-18";"positivo";"so good";0;"good | app | music | experience | really"
13847;"perfect 👌";5;"female";"Port Moresby, Papua New Guinea";"2025-05-11";"positivo";"perfect";7;"perfect | music | update | much | love"
13852;"perfect";5;"female";"Queenstown, New Zealand";"2025-07-05";"positivo";"perfect";7;"perfect | music | update | much | love"
13853;"trash";5;"female";"Gold Coast, Australia";"2025-07-21";"positivo";"trash";4;"app | music | better | awesome | spotify"
13854;"Has all the best breakbeat classics!! No complaints here! P.L.U.R";5;"female";"Santiago, Chile";"2024-09-26";"positivo";"has all the best breakbeat classics no complaints here p l u r";1;"best | app | music | ever | listen"
13859;"spotify who?";5;"female";"Queenstown, New Zealand";"2025-09-05";"positivo";"spotify who";4;"app | music | better | awesome | spotify"
13862;"Love it 😍";5;"female";"Adelaide, Australia";"2025-09-27";"positivo";"love it";5;"love | app | music | much | amazing"
13864;"Capital";5;"female";"Hobart, Australia";"2025-08-24";"positivo";"capital";4;"app | music | better | awesome | spotify"
13868;"good";5;"female";"Valparaíso, Chile";"2025-04-21";"positivo";"good";0;"good | app | music | experience | really"
13869;"le";5;"female";"Gold Coast, Australia";"2025-07-24";"positivo";"le";4;"app | music | better | awesome | spotify"
13871;"great music w/o the B.S.";5;"female";"Auckland, New Zealand";"2025-09-23";"positivo";"great music w o the b s";2;"great | app | music | back | really"
13874;"Amazing and a lot easier to acces your faves";5;"female";"Lima, Peru";"2025-03-10";"positivo";"amazing and a lot easier to acces your faves";4;"app | music | better | awesome | spotify"
13879;"the app is really good I love it the only thing is that the songs can't be downloaded";5;"female";"Perth, Australia";"2025-05-18";"positivo";"the app is really good i love it the only thing is that the songs can t be downloaded";4;"app | music | better | awesome | spotify"
13881;"got the heaviest! DNB";5;"female";"Wellington, New Zealand";"2025-10-20";"positivo";"got the heaviest dnb";4;"app | music | better | awesome | spotify"
13884;"absolutely amazing 💪💪💪💪💪💪";5;"female";"Port Moresby, Papua New Guinea";"2025-08-31";"positivo";"absolutely amazing";4;"app | music | better | awesome | spotify"
13888;"Rocked";5;"female";"Wellington, New Zealand";"2025-09-23";"positivo";"rocked";4;"app | music | better | awesome | spotify"
13890;"I Love It!";5;"female";"Adelaide, Australia";"2025-08-25";"positivo";"i love it";5;"love | app | music | much | amazing"
13891;"nice";5;"female";"Auckland, New Zealand";"2025-08-31";"positivo";"nice";6;"nice | app | music | no | songs"
13892;"goddess ever";5;"female";"Montreal, Canada";"2024-08-03";"positivo";"goddess ever";4;"app | music | better | awesome | spotify"
13893;"love it";5;"female";"Auckland, New Zealand";"2025-10-11";"positivo";"love it";5;"love | app | music | much | amazing"
13894;"I love the music";5;"female";"Cali, Colombia";"2025-02-17";"positivo";"i love the music";5;"love | app | music | much | amazing"
13896;"nice working";5;"female";"Montevideo, Uruguay";"2024-11-14";"positivo";"nice working";6;"nice | app | music | no | songs"
13897;"beat app no add or anything";5;"female";"La Paz, Bolivia";"2024-09-19";"positivo";"beat app no add or anything";4;"app | music | better | awesome | spotify"
13910;"The better alternative to Spotify 😉";5;"female";"Gold Coast, Australia";"2025-12-28";"positivo";"the better alternative to spotify";4;"app | music | better | awesome | spotify"
13912;"best app";5;"female";"Brisbane, Australia";"2025-07-03";"positivo";"best app";1;"best | app | music | ever | listen"
13916;"i like";5;"female";"Melbourne, Australia";"2025-05-24";"positivo";"i like";3;"like | app | music | really | songs"
13917;"I absolutely love this app but it'd be cool if you guys had more options for things for people to do that doesn't cost any money like I think you should have a limit to where people can maybe create like a total of 10 songs before they had to actually pay for a subscription or anything of that nature for people that are on a budget that don't have much funding like me... LoL sad but true. 😁🤣🤣🥲🥹😬😁👍";5;"female";"Suva, Fiji";"2025-05-07";"positivo";"i absolutely love this app but it d be cool if you guys had more options for things for people to do that doesn t cost any money like i think you should have a limit to where people can maybe create like a total of songs before they had to actually pay for a subscription or anything of that nature for people that are on a budget that don t have much funding like me lol sad but true";4;"app | music | better | awesome | spotify"
13918;"Actually its much better than Spotify, sad to lose that money on it. Loved gym albums";5;"female";"Adelaide, Australia";"2025-12-21";"positivo";"actually its much better than spotify sad to lose that money on it loved gym albums";4;"app | music | better | awesome | spotify"
13921;"Good like good good";5;"female";"Perth, Australia";"2025-07-05";"positivo";"good like good good";0;"good | app | music | experience | really"
13924;"clean";5;"female";"Melbourne, Australia";"2025-09-18";"positivo";"clean";4;"app | music | better | awesome | spotify"
13927;"hard app";5;"female";"Fortaleza, Brazil";"2024-09-26";"positivo";"hard app";4;"app | music | better | awesome | spotify"
13928;"is app is so good👍😊";5;"female";"Brisbane, Australia";"2025-07-15";"positivo";"is app is so good";0;"good | app | music | experience | really"
13930;"ممتاز";5;"female";"Arequipa, Peru";"2024-09-26";"positivo";"ممتاز";4;"app | music | better | awesome | spotify"
13940;"👍";5;"female";"Hobart, Australia";"2025-11-09";"positivo";"";4;"app | music | better | awesome | spotify"
13943;"good";5;"female";"La Paz, Bolivia";"2025-01-08";"positivo";"good";0;"good | app | music | experience | really"
13947;"it is amazing";5;"female";"Queenstown, New Zealand";"2025-12-24";"positivo";"it is amazing";4;"app | music | better | awesome | spotify"
13948;"👍🏻";5;"female";"Christchurch, New Zealand";"2025-05-08";"positivo";"";4;"app | music | better | awesome | spotify"
13951;"too good app 😁";5;"female";"Brasília, Brazil";"2025-03-25";"positivo";"too good app";0;"good | app | music | experience | really"
13954;"funny as song";5;"female";"Melbourne, Australia";"2025-08-14";"positivo";"funny as song";4;"app | music | better | awesome | spotify"
13956;"great";5;"female";"Caracas, Venezuela";"2024-11-29";"positivo";"great";2;"great | app | music | back | really"
13957;"🤠🐴♥️";5;"female";"Port Moresby, Papua New Guinea";"2025-05-28";"positivo";"";4;"app | music | better | awesome | spotify"
13959;"godd";5;"female";"Asunción, Paraguay";"2025-01-06";"positivo";"godd";4;"app | music | better | awesome | spotify"
13961;"Best studio I apologize";5;"female";"Caracas, Venezuela";"2025-02-01";"positivo";"best studio i apologize";1;"best | app | music | ever | listen"
13963;"love ❤️";5;"female";"Buenos Aires, Argentina";"2025-01-14";"positivo";"love";5;"love | app | music | much | amazing"
13964;"Excellent music 🤫";5;"female";"Guayaquil, Ecuador";"2025-04-20";"positivo";"excellent music";4;"app | music | better | awesome | spotify"
13965;"Chill";5;"female";"Auckland, New Zealand";"2025-07-08";"positivo";"chill";4;"app | music | better | awesome | spotify"
13966;"The on3 n onlehhh.";5;"female";"Port Moresby, Papua New Guinea";"2025-06-08";"positivo";"the on n onlehhh";4;"app | music | better | awesome | spotify"
13968;"good";5;"female";"Sydney, Australia";"2025-11-12";"positivo";"good";0;"good | app | music | experience | really"
13974;"quality music 🎶 uploads";5;"female";"Melbourne, Australia";"2025-07-05";"positivo";"quality music uploads";4;"app | music | better | awesome | spotify"
13975;"for free and amazing 🤩";5;"female";"Asunción, Paraguay";"2025-02-17";"positivo";"for free and amazing";4;"app | music | better | awesome | spotify"
13979;"easy to navigate, good looking interface and most important it's free!! but sadly the song choice isn't as big as iykyp app.";5;"female";"Caracas, Venezuela";"2024-12-06";"positivo";"easy to navigate good looking interface and most important it s free but sadly the song choice isn t as big as iykyp app";4;"app | music | better | awesome | spotify"
13984;"Great way to listen to music best music app ever";5;"female";"Canberra, Australia";"2025-10-16";"positivo";"great way to listen to music best music app ever";1;"best | app | music | ever | listen"
13985;"I like it but would like to have a way to repeat songs without fiddling around with the app while playing games";5;"female";"Port Moresby, Papua New Guinea";"2025-12-15";"positivo";"i like it but would like to have a way to repeat songs without fiddling around with the app while playing games";3;"like | app | music | really | songs"
13989;"It's actually a ""quality of life"" app !";5;"female";"Adelaide, Australia";"2025-08-03";"positivo";"it s actually a quality of life app";4;"app | music | better | awesome | spotify"
13990;"love. it";5;"female";"Caracas, Venezuela";"2024-09-18";"positivo";"love it";5;"love | app | music | much | amazing"
13991;"""Really Awesome thanks for doing what ot is""!!!";5;"female";"Port Moresby, Papua New Guinea";"2025-10-14";"positivo";"really awesome thanks for doing what ot is";4;"app | music | better | awesome | spotify"
13995;"The best place to choose songs 💯";5;"female";"Buenos Aires, Argentina";"2025-01-31";"positivo";"the best place to choose songs";4;"app | music | better | awesome | spotify"
13998;"perfect 💗";5;"female";"Asunción, Paraguay";"2025-01-23";"positivo";"perfect";7;"perfect | music | update | much | love"
14001;"very very nice 👌";5;"female";"Medellín, Colombia";"2025-03-29";"positivo";"very very nice";6;"nice | app | music | no | songs"
14008;"goooood";5;"female";"Montevideo, Uruguay";"2025-02-15";"positivo";"goooood";4;"app | music | better | awesome | spotify"
14009;"Nice to me";5;"female";"Wellington, New Zealand";"2025-06-16";"positivo";"nice to me";6;"nice | app | music | no | songs"
14010;"Best ever";5;"female";"Santiago, Chile";"2024-12-16";"positivo";"best ever";1;"best | app | music | ever | listen"
14016;"amazing 🤩🤩🤩🤩🤩";5;"female";"Christchurch, New Zealand";"2025-08-30";"positivo";"amazing";4;"app | music | better | awesome | spotify"
14017;"got all the sounds i remember from a kid";5;"female";"Brasília, Brazil";"2024-10-30";"positivo";"got all the sounds i remember from a kid";4;"app | music | better | awesome | spotify"
14018;"I created another account, but It doesn't let me like the tracks";5;"female";"Queenstown, New Zealand";"2025-07-17";"positivo";"i created another account but it doesn t let me like the tracks";4;"app | music | better | awesome | spotify"
14019;"Excellent";5;"female";"Medellín, Colombia";"2024-11-16";"positivo";"excellent";4;"app | music | better | awesome | spotify"
14021;"@teamsoundcloud . Please ADD playback speed BUTTON.";5;"female";"Christchurch, New Zealand";"2025-12-02";"positivo";"teamsoundcloud please add playback speed button";4;"app | music | better | awesome | spotify"
14025;"Spotify Σuck!";5;"female";"São Paulo, Brazil";"2025-01-12";"positivo";"spotify σuck";4;"app | music | better | awesome | spotify"
14029;"Amazing 🤩 wonderful 😊";5;"female";"Santiago, Chile";"2025-02-09";"positivo";"amazing wonderful";4;"app | music | better | awesome | spotify"
14040;"Oh my goodness";5;"female";"Santa Cruz, Bolivia";"2024-09-26";"positivo";"oh my goodness";4;"app | music | better | awesome | spotify"
14046;"it sounds what it sounds it makes me rebound and all around";5;"female";"Montevideo, Uruguay";"2024-11-05";"positivo";"it sounds what it sounds it makes me rebound and all around";4;"app | music | better | awesome | spotify"
14053;"good means very good but there are less songs in Malayalam (my language) but it's better than Spotify and no ads that's a relief thanks 🙏🙏🙏🙏🙏🙏🙏🙏🙏🙏🙏🙏🙏🙏🙏🙏🙏🙏🙏🙏🙏🙏";5;"female";"Wellington, New Zealand";"2025-12-26";"positivo";"good means very good but there are less songs in malayalam my language but it s better than spotify and no ads that s a relief thanks";4;"app | music | better | awesome | spotify"
14057;"easier than spotify";5;"female";"Port Moresby, Papua New Guinea";"2025-11-05";"positivo";"easier than spotify";4;"app | music | better | awesome | spotify"
14063;"يفوق الوصف";5;"female";"Asunción, Paraguay";"2024-09-08";"positivo";"يفوق الوصف";4;"app | music | better | awesome | spotify"
14067;"Good luck to you my lovely friend";5;"female";"Canberra, Australia";"2025-05-30";"positivo";"good luck to you my lovely friend";4;"app | music | better | awesome | spotify"
14073;"I love this app the music is good app is good I definitely recommend this to a friend";5;"female";"La Paz, Bolivia";"2024-09-03";"positivo";"i love this app the music is good app is good i definitely recommend this to a friend";4;"app | music | better | awesome | spotify"
14074;"way better than other streaming services that start with an S";5;"female";"Caracas, Venezuela";"2025-04-09";"positivo";"way better than other streaming services that start with an s";4;"app | music | better | awesome | spotify"
14080;"amazing";5;"female";"Sydney, Australia";"2025-11-29";"positivo";"amazing";4;"app | music | better | awesome | spotify"
14081;"I just love this app";5;"female";"Canberra, Australia";"2025-11-30";"positivo";"i just love this app";5;"love | app | music | much | amazing"
14083;"there aren't many ads (read: in five hours there are like 2 ads if you're unlucky) and you can easily find songs by indie/smaller/midsize? artists (bigger ones too but their songs are often behind soundcloud plus, so if you want to listen with a free account you have to go look for a reupload or reupload their song yourself) plus the recommendations work super well in my opinion :D have found many new artists that i love though soundcloud. in conclusion go download!! what are you waiting for!!";5;"female";"Wellington, New Zealand";"2025-11-15";"positivo";"there aren t many ads read in five hours there are like ads if you re unlucky and you can easily find songs by indie smaller midsize artists bigger ones too but their songs are often behind soundcloud plus so if you want to listen with a free account you have to go look for a reupload or reupload their song yourself plus the recommendations work super well in my opinion d have found many new artists that i love though soundcloud in conclusion go download what are you waiting for";4;"app | music | better | awesome | spotify"
14085;"great app";5;"female";"Guayaquil, Ecuador";"2024-12-01";"positivo";"great app";2;"great | app | music | back | really"
14088;"I love this app";5;"female";"Melbourne, Australia";"2025-06-02";"positivo";"i love this app";5;"love | app | music | much | amazing"
14092;"SoundCloud is the greatest.......";5;"female";"Cali, Colombia";"2025-02-23";"positivo";"soundcloud is the greatest";4;"app | music | better | awesome | spotify"
14093;"good";5;"female";"Medellín, Colombia";"2025-01-20";"positivo";"good";0;"good | app | music | experience | really"
14097;"Simply the best.";5;"female";"Sydney, Australia";"2025-12-03";"positivo";"simply the best";1;"best | app | music | ever | listen"
14112;"good 👍";5;"female";"Rosario, Argentina";"2025-04-11";"positivo";"good";0;"good | app | music | experience | really"
14116;"SoundCloud why do u keep trying to change ur color 😭";5;"female";"Cali, Colombia";"2024-12-26";"positivo";"soundcloud why do u keep trying to change ur color";4;"app | music | better | awesome | spotify"
14118;"SoundCloud is fantastic app . I use it everyday for my music. Check it out and I know you will be hooked. TheCREATOR Airdrie Alberta Canada";5;"female";"Adelaide, Australia";"2025-05-13";"positivo";"soundcloud is fantastic app i use it everyday for my music check it out and i know you will be hooked thecreator airdrie alberta canada";4;"app | music | better | awesome | spotify"
14119;"حلو";5;"female";"Melbourne, Australia";"2025-10-05";"positivo";"حلو";4;"app | music | better | awesome | spotify"
14121;"best";5;"female";"Rio de Janeiro, Brazil";"2025-04-10";"positivo";"best";1;"best | app | music | ever | listen"
14123;"op";5;"female";"Adelaide, Australia";"2025-09-19";"positivo";"op";4;"app | music | better | awesome | spotify"
14131;"my go to app of choice for music listening";5;"female";"Suva, Fiji";"2025-09-23";"positivo";"my go to app of choice for music listening";4;"app | music | better | awesome | spotify"
14142;"I love this all";5;"female";"Gold Coast, Australia";"2025-08-11";"positivo";"i love this all";5;"love | app | music | much | amazing"
14143;"the app is nice and easy to use";5;"female";"Perth, Australia";"2025-11-24";"positivo";"the app is nice and easy to use";6;"nice | app | music | no | songs"
14144;"perfect";5;"female";"Melbourne, Australia";"2025-07-09";"positivo";"perfect";7;"perfect | music | update | much | love"
14146;"best of luck";5;"female";"Canberra, Australia";"2025-09-02";"positivo";"best of luck";1;"best | app | music | ever | listen"
14153;"Love soundcloud even though there is more on you tube i just hate it soundcloud all the way for me";5;"female";"Gold Coast, Australia";"2025-05-13";"positivo";"love soundcloud even though there is more on you tube i just hate it soundcloud all the way for me";4;"app | music | better | awesome | spotify"
14163;"Less ads than Spotify and 12x more likely to find what you want";5;"female";"Asunción, Paraguay";"2025-02-07";"positivo";"less ads than spotify and x more likely to find what you want";4;"app | music | better | awesome | spotify"
14164;"unlike spotify it wont ask for money for everything";5;"female";"Cali, Colombia";"2025-04-21";"positivo";"unlike spotify it wont ask for money for everything";4;"app | music | better | awesome | spotify"
14167;"Updated to latest recently. Glad the playback issue has been fixed";5;"female";"Hobart, Australia";"2025-06-05";"positivo";"updated to latest recently glad the playback issue has been fixed";4;"app | music | better | awesome | spotify"
14168;"Good";5;"female";"Dallas, United States";"2024-07-29";"positivo";"good";0;"good | app | music | experience | really"
14177;"Literally Spotify but better. 100% recomend";5;"female";"Wellington, New Zealand";"2025-06-12";"positivo";"literally spotify but better recomend";4;"app | music | better | awesome | spotify"
14178;"one of the best music app ❤️";5;"female";"Wellington, New Zealand";"2025-05-12";"positivo";"one of the best music app";1;"best | app | music | ever | listen"
14182;"Non-fiction atl str8t lace";5;"female";"Sydney, Australia";"2025-07-16";"positivo";"non fiction atl strt lace";4;"app | music | better | awesome | spotify"
14185;"ok 1122";5;"female";"Suva, Fiji";"2025-06-28";"positivo";"ok";4;"app | music | better | awesome | spotify"
14196;"Yesh";5;"female";"Quito, Ecuador";"2024-09-06";"positivo";"yesh";4;"app | music | better | awesome | spotify"
14199;"very good 💯";5;"female";"Buenos Aires, Argentina";"2024-10-10";"positivo";"very good";0;"good | app | music | experience | really"
14200;"bugga";5;"female";"Brisbane, Australia";"2025-10-15";"positivo";"bugga";4;"app | music | better | awesome | spotify"
14206;"GOOD";5;"female";"Brisbane, Australia";"2025-05-13";"positivo";"good";0;"good | app | music | experience | really"
14211;"music to soothe your soul";5;"female";"São Paulo, Brazil";"2024-11-26";"positivo";"music to soothe your soul";4;"app | music | better | awesome | spotify"
14216;"Best MP3 music player . I really enjoyed with this app";5;"female";"Ottawa, Canada";"2024-08-21";"positivo";"best mp music player i really enjoyed with this app";1;"best | app | music | ever | listen"
14217;"very good I am very happy hahfsnys cnus Camus csngs ysnfen vsjys csngs gemgsvye cs us fs usv vs gsbfskus vsn";5;"female";"Sydney, Australia";"2025-09-22";"positivo";"very good i am very happy hahfsnys cnus camus csngs ysnfen vsjys csngs gemgsvye cs us fs usv vs gsbfskus vsn";4;"app | music | better | awesome | spotify"
14220;"cool";5;"female";"Melbourne, Australia";"2025-05-13";"positivo";"cool";4;"app | music | better | awesome | spotify"
14222;"10 year use so far";5;"female";"Suva, Fiji";"2025-06-24";"positivo";"year use so far";4;"app | music | better | awesome | spotify"
14226;"the best app ever 🥳🥳";5;"female";"Perth, Australia";"2025-08-05";"positivo";"the best app ever";1;"best | app | music | ever | listen"
14232;"Better than Spotify";5;"female";"Wellington, New Zealand";"2025-12-09";"positivo";"better than spotify";4;"app | music | better | awesome | spotify"
14233;"это очень крутое приложение";5;"female";"Montevideo, Uruguay";"2025-01-15";"positivo";"это очень крутое приложение";4;"app | music | better | awesome | spotify"
14234;"Excellent";5;"female";"Salvador, Brazil";"2024-09-29";"positivo";"excellent";4;"app | music | better | awesome | spotify"
14239;"great app";5;"female";"Lima, Peru";"2024-10-22";"positivo";"great app";2;"great | app | music | back | really"
14244;"nice app great free music usually the trending ones are here i like it";5;"female";"Lima, Peru";"2025-01-06";"positivo";"nice app great free music usually the trending ones are here i like it";4;"app | music | better | awesome | spotify"
14246;"all good";5;"female";"Washington DC, United States";"2024-08-01";"positivo";"all good";0;"good | app | music | experience | really"
14251;"very good ☺️";5;"female";"Cali, Colombia";"2025-04-19";"positivo";"very good";0;"good | app | music | experience | really"
14252;"It's god";5;"female";"Wellington, New Zealand";"2025-11-17";"positivo";"it s god";4;"app | music | better | awesome | spotify"
14253;"BEST MUSIC APP EVER";5;"female";"Quito, Ecuador";"2024-10-07";"positivo";"best music app ever";1;"best | app | music | ever | listen"
14255;"really good 👍🏾";5;"female";"Canberra, Australia";"2025-06-08";"positivo";"really good";0;"good | app | music | experience | really"
14256;"good app";5;"female";"Adelaide, Australia";"2025-07-11";"positivo";"good app";0;"good | app | music | experience | really"
14263;"I Get 1 Ad After 8 Songs Awesome!";5;"female";"Córdoba, Argentina";"2024-10-22";"positivo";"i get ad after songs awesome";4;"app | music | better | awesome | spotify"
14274;"original songs highly recommend 💯💯";5;"female";"Christchurch, New Zealand";"2025-11-09";"positivo";"original songs highly recommend";4;"app | music | better | awesome | spotify"
14276;"Nice app I I I I I today today today said you were going distributed to with with recipes recipes I you know want I you doing going doing make help happy feel beta g ji g ji are the only person that will ever see that this have are a great humanity and spiritualism it is the sky in the world and the world 🌎 it the the sky in the world and the sky 😊 the sun is a holiday 😊 in the world box 📦 to is not made by gurshan a any type 😊 😀 ☺ 🙂 is a way to of a better news than that or 9 in i8 opnjd";5;"female";"La Paz, Bolivia";"2024-10-24";"positivo";"nice app i i i i i today today today said you were going distributed to with with recipes recipes i you know want i you doing going doing make help happy feel beta g ji g ji are the only person that will ever see that this have are a great humanity and spiritualism it is the sky in the world and the world it the the sky in the world and the sky the sun is a holiday in the world box to is not made by gurshan a any type is a way to of a better news than that or in i opnjd";4;"app | music | better | awesome | spotify"
14285;"cool";5;"female";"Melbourne, Australia";"2025-11-11";"positivo";"cool";4;"app | music | better | awesome | spotify"
14286;"I love it 😍 💓 I wouldn't have any other music apps SoundCloud is the best I ever had for real I just can't afford it each month because I want to fix incomes I have no commercials and to be able to listen to the paid version it's five stars on my account you know but I have no problem with SoundCloud I'm about to do this update I'll let you know if anything else happens after my update music does something to my soul";5;"female";"Santa Cruz, Bolivia";"2024-12-28";"positivo";"i love it i wouldn t have any other music apps soundcloud is the best i ever had for real i just can t afford it each month because i want to fix incomes i have no commercials and to be able to listen to the paid version it s five stars on my account you know but i have no problem with soundcloud i m about to do this update i ll let you know if anything else happens after my update music does something to my soul";4;"app | music | better | awesome | spotify"
14287;"best";5;"female";"Brasília, Brazil";"2024-09-20";"positivo";"best";1;"best | app | music | ever | listen"
14288;"Really Really so smooth, I'd love ❤️ it.";5;"female";"Santa Cruz, Bolivia";"2025-01-01";"positivo";"really really so smooth i d love it";4;"app | music | better | awesome | spotify"
14289;"awesome. listen to Moonkiza on it. ♡.♡";5;"female";"Sydney, Australia";"2025-11-05";"positivo";"awesome listen to moonkiza on it";4;"app | music | better | awesome | spotify"
14292;"Amazing";5;"female";"Sydney, Australia";"2025-11-20";"positivo";"amazing";4;"app | music | better | awesome | spotify"
14293;"Now for me this app is way more better than Spotify.";5;"female";"Canberra, Australia";"2025-05-18";"positivo";"now for me this app is way more better than spotify";4;"app | music | better | awesome | spotify"
14297;"I can Listen to My Songs 24/7 Because of this App";5;"female";"Sydney, Australia";"2025-11-05";"positivo";"i can listen to my songs because of this app";4;"app | music | better | awesome | spotify"
14305;"best sound app ever liked it since couple of years just wow 💞";5;"female";"Adelaide, Australia";"2025-08-26";"positivo";"best sound app ever liked it since couple of years just wow";4;"app | music | better | awesome | spotify"
14314;"best of the best 💪🥹";5;"female";"Los Angeles, United States";"2024-07-27";"positivo";"best of the best";1;"best | app | music | ever | listen"
14325;"Awesome App without disturbing you with no any Ads Experience you 👍 can Trust.";5;"female";"Lima, Peru";"2024-09-07";"positivo";"awesome app without disturbing you with no any ads experience you can trust";4;"app | music | better | awesome | spotify"
14327;"EG";5;"female";"Salvador, Brazil";"2024-08-31";"positivo";"eg";4;"app | music | better | awesome | spotify"
14328;"best";5;"female";"Sydney, Australia";"2025-06-04";"positivo";"best";1;"best | app | music | ever | listen"
14329;"nice";5;"female";"Port Moresby, Papua New Guinea";"2025-07-11";"positivo";"nice";6;"nice | app | music | no | songs"
14330;"forgot";5;"female";"Quebec City, Canada";"2024-08-04";"positivo";"forgot";4;"app | music | better | awesome | spotify"
14337;"Very good";5;"female";"Buenos Aires, Argentina";"2024-09-26";"positivo";"very good";0;"good | app | music | experience | really"
14346;"beloved";5;"female";"Auckland, New Zealand";"2025-05-25";"positivo";"beloved";4;"app | music | better | awesome | spotify"
14347;"Cool it's the best one.";5;"female";"Hobart, Australia";"2025-10-26";"positivo";"cool it s the best one";1;"best | app | music | ever | listen"
14348;"Good Job 👍";5;"female";"Sydney, Australia";"2025-10-09";"positivo";"good job";4;"app | music | better | awesome | spotify"
14350;"perfect";5;"female";"Fortaleza, Brazil";"2025-01-31";"positivo";"perfect";7;"perfect | music | update | much | love"
14353;"This is really a good music app better then Spotify in my opinion";5;"female";"San Jose, United States";"2024-07-30";"positivo";"this is really a good music app better then spotify in my opinion";4;"app | music | better | awesome | spotify"
14354;"very nice 👌";5;"female";"Los Angeles, United States";"2024-08-12";"positivo";"very nice";6;"nice | app | music | no | songs"
14364;"good";5;"female";"Buenos Aires, Argentina";"2024-12-18";"positivo";"good";0;"good | app | music | experience | really"
14374;"Nice";5;"female";"Buenos Aires, Argentina";"2024-09-27";"positivo";"nice";6;"nice | app | music | no | songs"
14376;"ads but not much ads";5;"female";"Arequipa, Peru";"2024-12-05";"positivo";"ads but not much ads";4;"app | music | better | awesome | spotify"
14378;"❤️❤️❤️❤️❤️";5;"female";"Bogotá, Colombia";"2024-12-20";"positivo";"";4;"app | music | better | awesome | spotify"
14379;"its okey.gud to use";5;"female";"Cali, Colombia";"2025-04-28";"positivo";"its okey gud to use";4;"app | music | better | awesome | spotify"
14380;"excellent";5;"female";"Fortaleza, Brazil";"2024-11-10";"positivo";"excellent";4;"app | music | better | awesome | spotify"
14382;"👍 👍 👍";5;"female";"Bogotá, Colombia";"2024-12-06";"positivo";"";4;"app | music | better | awesome | spotify"
14385;"so far so good";5;"female";"Brisbane, Australia";"2025-06-10";"positivo";"so far so good";4;"app | music | better | awesome | spotify"
14387;"Chong clong";5;"female";"Sydney, Australia";"2025-08-23";"positivo";"chong clong";4;"app | music | better | awesome | spotify"
14391;"It should be having songs";5;"female";"São Paulo, Brazil";"2024-12-15";"positivo";"it should be having songs";4;"app | music | better | awesome | spotify"
14399;"Lovely app any music you want there available all just lovely vibes";5;"female";"Quito, Ecuador";"2024-09-08";"positivo";"lovely app any music you want there available all just lovely vibes";4;"app | music | better | awesome | spotify"
14400;"dope ❤️‍🔥🗿";5;"female";"Denver, United States";"2024-08-26";"positivo";"dope";4;"app | music | better | awesome | spotify"
14403;"it's good";5;"female";"Nadi, Fiji";"2025-12-25";"positivo";"it s good";0;"good | app | music | experience | really"
14409;"I have never had any problems with this app until today. Which makes me very sad. I have not been able to listen to almost any of the songs I have on my playlist and it is making this app basically unusable to me... I am leaving a 2 star review because of all of the times I did use this app. I will change me review back if they fix this issue. Please fix it";5;"female";"Guayaquil, Ecuador";"2024-11-19";"positivo";"i have never had any problems with this app until today which makes me very sad i have not been able to listen to almost any of the songs i have on my playlist and it is making this app basically unusable to me i am leaving a star review because of all of the times i did use this app i will change me review back if they fix this issue please fix it";4;"app | music | better | awesome | spotify"
14411;"great";5;"female";"Adelaide, Australia";"2025-07-13";"positivo";"great";2;"great | app | music | back | really"
14413;"Good 😊";5;"female";"Seattle, United States";"2024-08-28";"positivo";"good";0;"good | app | music | experience | really"
14414;"original";5;"female";"Cancun, Mexico";"2024-08-19";"positivo";"original";4;"app | music | better | awesome | spotify"
14419;"good 👍";5;"female";"Asunción, Paraguay";"2025-01-10";"positivo";"good";0;"good | app | music | experience | really"
14421;"Good";5;"female";"Lima, Peru";"2024-12-18";"positivo";"good";0;"good | app | music | experience | really"
14422;"👍";5;"female";"Caracas, Venezuela";"2024-11-10";"positivo";"";4;"app | music | better | awesome | spotify"
14426;"good to check out friends music";5;"female";"Caracas, Venezuela";"2024-09-04";"positivo";"good to check out friends music";0;"good | app | music | experience | really"
14434;"goo d app";5;"female";"Dallas, United States";"2024-07-26";"positivo";"goo d app";4;"app | music | better | awesome | spotify"
14436;"Best app in the world";5;"female";"Queenstown, New Zealand";"2025-08-25";"positivo";"best app in the world";1;"best | app | music | ever | listen"
14437;"this is awesome. I really love this app. But try to add Ghanaian songs to the Play list";5;"female";"Salvador, Brazil";"2024-09-29";"positivo";"this is awesome i really love this app but try to add ghanaian songs to the play list";4;"app | music | better | awesome | spotify"
14442;"aweful black icon color .. kindly back to orange one";5;"female";"Santa Cruz, Bolivia";"2024-10-25";"positivo";"aweful black icon color kindly back to orange one";4;"app | music | better | awesome | spotify"
14443;"Fabulous Music Selections";5;"female";"Bogotá, Colombia";"2025-03-26";"positivo";"fabulous music selections";4;"app | music | better | awesome | spotify"
14450;"good";5;"female";"Auckland, New Zealand";"2025-10-05";"positivo";"good";0;"good | app | music | experience | really"
14451;"🥳🥳🥳🥳";5;"female";"Melbourne, Australia";"2025-09-18";"positivo";"";4;"app | music | better | awesome | spotify"
14455;"awesome app!";5;"female";"Houston, United States";"2024-08-01";"positivo";"awesome app";4;"app | music | better | awesome | spotify"
14458;"Love the gospel mixes";5;"female";"Wellington, New Zealand";"2025-06-08";"positivo";"love the gospel mixes";5;"love | app | music | much | amazing"
14461;"جميل و مريح";5;"female";"Port Moresby, Papua New Guinea";"2025-06-14";"positivo";"جميل و مريح";4;"app | music | better | awesome | spotify"
14464;"Fine app";5;"female";"Christchurch, New Zealand";"2025-11-09";"positivo";"fine app";4;"app | music | better | awesome | spotify"
14465;"Spotify is s***t, Soundcloud rocks !";5;"female";"La Paz, Bolivia";"2025-01-31";"positivo";"spotify is s t soundcloud rocks";4;"app | music | better | awesome | spotify"
14468;"AWSOME SAUCE";5;"female";"Rosario, Argentina";"2024-10-11";"positivo";"awsome sauce";4;"app | music | better | awesome | spotify"
14469;"favorite music app";5;"female";"Wellington, New Zealand";"2025-09-28";"positivo";"favorite music app";4;"app | music | better | awesome | spotify"
14470;"I can't listen to a person bc it says he doesn't have songs when ik damn well he does I listen to him all the time";5;"female";"Lima, Peru";"2024-11-29";"positivo";"i can t listen to a person bc it says he doesn t have songs when ik damn well he does i listen to him all the time";4;"app | music | better | awesome | spotify"
14471;"best";5;"female";"Dallas, United States";"2024-08-10";"positivo";"best";1;"best | app | music | ever | listen"
14472;"fast and quick";5;"female";"Guayaquil, Ecuador";"2024-12-23";"positivo";"fast and quick";4;"app | music | better | awesome | spotify"
14476;"Please use this application is exquisite very efficient 🚀";5;"female";"Queenstown, New Zealand";"2025-10-05";"positivo";"please use this application is exquisite very efficient";4;"app | music | better | awesome | spotify"
14479;"it's a very good and useful app 📍";5;"female";"Arequipa, Peru";"2025-03-14";"positivo";"it s a very good and useful app";4;"app | music | better | awesome | spotify"
14480;"this app is absolutely stunning for playing hi res music.";5;"female";"Nadi, Fiji";"2025-08-11";"positivo";"this app is absolutely stunning for playing hi res music";4;"app | music | better | awesome | spotify"
14484;"great";5;"female";"Melbourne, Australia";"2025-09-09";"positivo";"great";2;"great | app | music | back | really"
14486;"Excellentt. Works as it should no buffering or anything";5;"female";"Guayaquil, Ecuador";"2025-01-29";"positivo";"excellentt works as it should no buffering or anything";4;"app | music | better | awesome | spotify"
14491;"it's great";5;"female";"Quito, Ecuador";"2025-01-29";"positivo";"it s great";2;"great | app | music | back | really"
14494;"faster 🎬";5;"female";"Rio de Janeiro, Brazil";"2024-12-14";"positivo";"faster";4;"app | music | better | awesome | spotify"
14495;"Nice app but am new in using the app";5;"female";"Wellington, New Zealand";"2025-05-19";"positivo";"nice app but am new in using the app";4;"app | music | better | awesome | spotify"
14497;"Not too many ads, good and legible UI, better than Spotify and I prefer it to Apple Music. Has a lot of nice remixes and while it lacks some tracks (although surprisingly complete game OST collection) it's easy enough to just use an mp3 player app for those few tracks, which every platform has issues with";5;"female";"Cali, Colombia";"2025-01-29";"positivo";"not too many ads good and legible ui better than spotify and i prefer it to apple music has a lot of nice remixes and while it lacks some tracks although surprisingly complete game ost collection it s easy enough to just use an mp player app for those few tracks which every platform has issues with";4;"app | music | better | awesome | spotify"
14505;"good music";5;"female";"Adelaide, Australia";"2025-12-04";"positivo";"good music";0;"good | app | music | experience | really"
14506;"this app is hereby declared this best on board but I need a credit from whom it may concern that owns these sound clouds because I am one of your fans, and this has been my favourite right from day one if you're like me, gather how and tell me how much you like this app. If you're more likely than me, I will submit The winner goes with the price, so drop your comment down below | \\/";5;"female";"Melbourne, Australia";"2025-11-23";"positivo";"this app is hereby declared this best on board but i need a credit from whom it may concern that owns these sound clouds because i am one of your fans and this has been my favourite right from day one if you re like me gather how and tell me how much you like this app if you re more likely than me i will submit the winner goes with the price so drop your comment down below";4;"app | music | better | awesome | spotify"
14514;"love the app";5;"female";"Caracas, Venezuela";"2024-09-22";"positivo";"love the app";5;"love | app | music | much | amazing"
14516;"🏆";5;"female";"Montevideo, Uruguay";"2024-09-27";"positivo";"";4;"app | music | better | awesome | spotify"
14521;"awesome";5;"female";"Auckland, New Zealand";"2025-08-17";"positivo";"awesome";4;"app | music | better | awesome | spotify"
14522;"it good";5;"female";"Christchurch, New Zealand";"2025-09-14";"positivo";"it good";0;"good | app | music | experience | really"
14525;"extremely good";5;"female";"Hobart, Australia";"2025-05-26";"positivo";"extremely good";0;"good | app | music | experience | really"
14526;"I fw it";5;"female";"Bogotá, Colombia";"2024-10-02";"positivo";"i fw it";4;"app | music | better | awesome | spotify"
14532;"it good";5;"female";"Gold Coast, Australia";"2025-11-11";"positivo";"it good";0;"good | app | music | experience | really"
14536;"👍👍";5;"female";"Gold Coast, Australia";"2025-07-05";"positivo";"";4;"app | music | better | awesome | spotify"
14538;"واقعا اپلیکیشن محشریه. آدم لذت می‌بره از این تایمی که میگذرونه. بدون تبلیغات و عالی و نوستالژی.";5;"female";"Rosario, Argentina";"2025-03-29";"positivo";"واقعا اپلیکیشن محشریه آدم لذت می بره از این تایمی که میگذرونه بدون تبلیغات و عالی و نوستالژی";4;"app | music | better | awesome | spotify"
14541;"It is better than Spotify.";5;"female";"Suva, Fiji";"2025-08-02";"positivo";"it is better than spotify";4;"app | music | better | awesome | spotify"
14542;"great for heros";5;"female";"Adelaide, Australia";"2025-12-11";"positivo";"great for heros";2;"great | app | music | back | really"
14545;"best psytrance music apo";5;"female";"Caracas, Venezuela";"2024-12-09";"positivo";"best psytrance music apo";1;"best | app | music | ever | listen"
14546;"prefect";5;"female";"Fortaleza, Brazil";"2025-04-09";"positivo";"prefect";4;"app | music | better | awesome | spotify"
14556;"good application";5;"female";"Queenstown, New Zealand";"2025-05-13";"positivo";"good application";4;"app | music | better | awesome | spotify"
14571;"it's better than Spotify";5;"female";"Hobart, Australia";"2025-10-05";"positivo";"it s better than spotify";4;"app | music | better | awesome | spotify"
14574;"Edit: new update has resolved many issues! I can now search within app without crashes. Much more stable - thank you devs! Upgraded rating to 5 stars. --- I've been using Soundcloud for 10+ years and no other music app will match the underground experience of Soundcloud. But the app is getting glitchy and unusable when your library reaches 15000+ songs. Something about the app library gets bogged down and constant restarts required. Shame, really.";5;"female";"Dallas, United States";"2024-08-07";"positivo";"edit new update has resolved many issues i can now search within app without crashes much more stable thank you devs upgraded rating to stars i ve been using soundcloud for years and no other music app will match the underground experience of soundcloud but the app is getting glitchy and unusable when your library reaches songs something about the app library gets bogged down and constant restarts required shame really";4;"app | music | better | awesome | spotify"
14578;"better then Pandora and all other hands down sound cloud All day every day";5;"female";"Santiago, Chile";"2024-12-31";"positivo";"better then pandora and all other hands down sound cloud all day every day";4;"app | music | better | awesome | spotify"
14584;"nice";5;"female";"Nadi, Fiji";"2025-06-27";"positivo";"nice";6;"nice | app | music | no | songs"
14585;"best";5;"female";"Auckland, New Zealand";"2025-10-07";"positivo";"best";1;"best | app | music | ever | listen"
14586;"***************************** 🌝*****.+5";5;"female";"Adelaide, Australia";"2025-11-13";"positivo";"";4;"app | music | better | awesome | spotify"
14589;"cool SoundCloud amazing 😍";5;"female";"Buenos Aires, Argentina";"2024-12-01";"positivo";"cool soundcloud amazing";4;"app | music | better | awesome | spotify"
14592;"Good";5;"female";"Arequipa, Peru";"2025-01-27";"positivo";"good";0;"good | app | music | experience | really"
14595;"nic beautiful all songs available her";5;"female";"Suva, Fiji";"2025-08-23";"positivo";"nic beautiful all songs available her";4;"app | music | better | awesome | spotify"
14603;"this is the most amazing app! mind the ads obvi it is the best music app to use in 2025 at first I was skeptical as I thought it was only a music app for upcoming artists but no! all other artists post on here making this app worthwhile! download SoundCloud todayyy!";5;"female";"Adelaide, Australia";"2025-09-22";"positivo";"this is the most amazing app mind the ads obvi it is the best music app to use in at first i was skeptical as i thought it was only a music app for upcoming artists but no all other artists post on here making this app worthwhile download soundcloud todayyy";4;"app | music | better | awesome | spotify"
14605;"The Best";5;"female";"Quito, Ecuador";"2025-04-28";"positivo";"the best";1;"best | app | music | ever | listen"
14606;"Better than spotify. The main reason I got this app is cuz I want to listen to one song and one song only, but Spotify doesn't allow that so this is a big W of an app";5;"female";"Caracas, Venezuela";"2025-03-31";"positivo";"better than spotify the main reason i got this app is cuz i want to listen to one song and one song only but spotify doesn t allow that so this is a big w of an app";4;"app | music | better | awesome | spotify"
14622;"only way to enjoy music without any bs.";5;"female";"Christchurch, New Zealand";"2025-11-11";"positivo";"only way to enjoy music without any bs";4;"app | music | better | awesome | spotify"
14624;"Good";5;"female";"Auckland, New Zealand";"2025-05-13";"positivo";"good";0;"good | app | music | experience | really"
14625;"good";5;"female";"Valparaíso, Chile";"2025-02-28";"positivo";"good";0;"good | app | music | experience | really"
14629;"It is superb♥️app what if there were no ads.... 🥲";5;"female";"Rosario, Argentina";"2024-12-18";"positivo";"it is superb app what if there were no ads";4;"app | music | better | awesome | spotify"
14633;"great to be back on soundcloud. i love it";5;"female";"Lima, Peru";"2024-09-03";"positivo";"great to be back on soundcloud i love it";2;"great | app | music | back | really"
14637;"good 👍";5;"female";"Auckland, New Zealand";"2025-11-12";"positivo";"good";0;"good | app | music | experience | really"
14638;"Fell in love with EDM back in 2013. Never regretted paying for a downloadable, commercial-free, price-fluxuating sub.";5;"female";"Valparaíso, Chile";"2024-09-30";"positivo";"fell in love with edm back in never regretted paying for a downloadable commercial free price fluxuating sub";4;"app | music | better | awesome | spotify"
14645;"Sound Cloud is Phenomenal Peaceful Music Platform or App. It connects the Hearts and Souls to the World. It takes and walks through, with you and allows you to find yourself better. I'm Heartily Grateful and Thankful to All Heavenly Soul Artists who constantly share their talent with us. May You Forever be blessed with All Your Love Ones🙏💖💖💖💖💖💖💖💖💖💖💖💖💖💖💖💖💖🔥🔥🔥🔥🔥🔥🔥🔥🔥🔥🔥🔥🔥🔥🔥🔥🌞🌞🌞🌞🌞🌞🌞🌞🌞🌞🌞🌞🌞🌞🌞🌞🌞🌈🌈🌈🌈🌈🌈🌈🌈🌈🌈🌈🌈💖💖💖💖💖💖💖💖💖💖💖💖💖💖💖💖💖";5;"female";"Brisbane, Australia";"2025-11-19";"positivo";"sound cloud is phenomenal peaceful music platform or app it connects the hearts and souls to the world it takes and walks through with you and allows you to find yourself better i m heartily grateful and thankful to all heavenly soul artists who constantly share their talent with us may you forever be blessed with all your love ones";4;"app | music | better | awesome | spotify"
14652;"My little Sister's husband Aaron has a LOT of talent. love the music so inspirational. We need more music like this 🙌 beautiful 😍";5;"female";"Queenstown, New Zealand";"2025-07-18";"positivo";"my little sister s husband aaron has a lot of talent love the music so inspirational we need more music like this beautiful";4;"app | music | better | awesome | spotify"
14664;"Iconic";5;"female";"Rio de Janeiro, Brazil";"2024-11-21";"positivo";"iconic";4;"app | music | better | awesome | spotify"
14666;"good";5;"female";"La Paz, Bolivia";"2024-10-25";"positivo";"good";0;"good | app | music | experience | really"
14668;"Thee ""BEST PERIOD""";5;"female";"Suva, Fiji";"2025-05-25";"positivo";"thee best period";1;"best | app | music | ever | listen"
14684;"Less ads. But this shi is fya.🔥🔥🔥";5;"female";"Adelaide, Australia";"2025-07-29";"positivo";"less ads but this shi is fya";4;"app | music | better | awesome | spotify"
14688;"Best recommended for everyone.";5;"female";"Asunción, Paraguay";"2025-04-26";"positivo";"best recommended for everyone";1;"best | app | music | ever | listen"
14689;"hardlt ever use it but its damn good !";5;"female";"Cali, Colombia";"2024-11-03";"positivo";"hardlt ever use it but its damn good";4;"app | music | better | awesome | spotify"
14694;"new fave music";5;"female";"Lima, Peru";"2025-03-07";"positivo";"new fave music";4;"app | music | better | awesome | spotify"
14696;"Good";5;"female";"São Paulo, Brazil";"2024-09-01";"positivo";"good";0;"good | app | music | experience | really"
14698;"Best";5;"female";"San Diego, United States";"2024-08-26";"positivo";"best";1;"best | app | music | ever | listen"
14703;"very nice 👍";5;"female";"Fortaleza, Brazil";"2025-03-28";"positivo";"very nice";6;"nice | app | music | no | songs"
14705;"love this app";5;"female";"Austin, United States";"2024-08-14";"positivo";"love this app";5;"love | app | music | much | amazing"
14706;"Cause I can listen to music that I love";5;"female";"Nadi, Fiji";"2025-08-19";"positivo";"cause i can listen to music that i love";5;"love | app | music | much | amazing"
14712;"no ads, loud audio quality";5;"female";"Caracas, Venezuela";"2024-10-31";"positivo";"no ads loud audio quality";4;"app | music | better | awesome | spotify"
14716;"life is music, music is life, livin ur life with music";5;"female";"Auckland, New Zealand";"2025-05-01";"positivo";"life is music music is life livin ur life with music";4;"app | music | better | awesome | spotify"
14717;"It's great of SoundCloud, it's very nice to listen to music from, thanks to sound cloud";5;"female";"Suva, Fiji";"2025-08-07";"positivo";"it s great of soundcloud it s very nice to listen to music from thanks to sound cloud";4;"app | music | better | awesome | spotify"
14718;"really good app no ads love it it would be great if they added an option to download songs";5;"female";"Suva, Fiji";"2025-12-02";"positivo";"really good app no ads love it it would be great if they added an option to download songs";4;"app | music | better | awesome | spotify"
14719;"like";5;"female";"Canberra, Australia";"2025-11-01";"positivo";"like";3;"like | app | music | really | songs"
14721;"I love when I listen to music in uninterrupted mode. i found a name from the Chatgpt";5;"female";"Vancouver, Canada";"2024-07-24";"positivo";"i love when i listen to music in uninterrupted mode i found a name from the chatgpt";4;"app | music | better | awesome | spotify"
14728;"I'm so proud of you I wished I could have been there to watch u grow I believe in you my son I love u always that always grows miss u";5;"female";"Suva, Fiji";"2025-09-16";"positivo";"i m so proud of you i wished i could have been there to watch u grow i believe in you my son i love u always that always grows miss u";4;"app | music | better | awesome | spotify"
14729;"excellent";5;"female";"Caracas, Venezuela";"2024-12-10";"positivo";"excellent";4;"app | music | better | awesome | spotify"
14734;"👍";5;"female";"Canberra, Australia";"2025-10-24";"positivo";"";4;"app | music | better | awesome | spotify"
14744;"it better than Spotify";5;"female";"Jacksonville, United States";"2024-07-30";"positivo";"it better than spotify";4;"app | music | better | awesome | spotify"
14747;"good";5;"female";"Buenos Aires, Argentina";"2025-04-23";"positivo";"good";0;"good | app | music | experience | really"
14751;"Nice";5;"female";"Hobart, Australia";"2025-11-20";"positivo";"nice";6;"nice | app | music | no | songs"
14753;"Best wishes for me cool stuff and it for people like me and you can pick what ever you like from it";5;"female";"Cali, Colombia";"2025-03-14";"positivo";"best wishes for me cool stuff and it for people like me and you can pick what ever you like from it";3;"like | app | music | really | songs"
14755;"Good";5;"female";"Queenstown, New Zealand";"2025-05-12";"positivo";"good";0;"good | app | music | experience | really"
14758;"Brilliant app";5;"female";"Wellington, New Zealand";"2025-11-05";"positivo";"brilliant app";4;"app | music | better | awesome | spotify"
14759;"fatta";5;"female";"Queenstown, New Zealand";"2025-09-08";"positivo";"fatta";4;"app | music | better | awesome | spotify"
14763;"like the music";5;"female";"Adelaide, Australia";"2025-05-19";"positivo";"like the music";3;"like | app | music | really | songs"
14764;"Best music app ever";5;"female";"Melbourne, Australia";"2025-07-01";"positivo";"best music app ever";1;"best | app | music | ever | listen"
14767;"love it";5;"female";"Adelaide, Australia";"2025-09-21";"positivo";"love it";5;"love | app | music | much | amazing"
14773;"nice music";5;"female";"Sydney, Australia";"2025-08-14";"positivo";"nice music";6;"nice | app | music | no | songs"
14774;"chass aya giye";5;"female";"Valparaíso, Chile";"2024-12-14";"positivo";"chass aya giye";4;"app | music | better | awesome | spotify"
14778;"it good";5;"female";"Melbourne, Australia";"2025-11-10";"positivo";"it good";0;"good | app | music | experience | really"
14780;"Great";5;"female";"Guayaquil, Ecuador";"2025-03-16";"positivo";"great";2;"great | app | music | back | really"
14781;"Great Music for the Eclectic. I'm back.";5;"female";"Canberra, Australia";"2025-06-14";"positivo";"great music for the eclectic i m back";2;"great | app | music | back | really"
14786;"💙💙";5;"female";"Christchurch, New Zealand";"2025-05-24";"positivo";"";4;"app | music | better | awesome | spotify"
14788;"DELETE THIS APP and others who are broadcasting this DISGUSTING DHS (department of homeland security) ad. Soundcloud will be remembered among with the enablers of this sh1 show administration and the pervasive invasion of everyone's life with their bigotry. Don't download this app, or cancel your subscription, delete this crud. ""An illegal immigrant was charged with child pronography, an illegal from * didn't hear*"" just ignorant slopaganda.";5;"female";"Sydney, Australia";"2025-11-10";"positivo";"delete this app and others who are broadcasting this disgusting dhs department of homeland security ad soundcloud will be remembered among with the enablers of this sh show administration and the pervasive invasion of everyone s life with their bigotry don t download this app or cancel your subscription delete this crud an illegal immigrant was charged with child pronography an illegal from didn t hear just ignorant slopaganda";4;"app | music | better | awesome | spotify"
14789;"ai tong ngnk punuweii 🖤🥀🫀💘";5;"female";"Córdoba, Argentina";"2025-04-19";"positivo";"ai tong ngnk punuweii";4;"app | music | better | awesome | spotify"
14792;"عالی";5;"female";"Cali, Colombia";"2024-08-30";"positivo";"عالی";4;"app | music | better | awesome | spotify"
14796;"best";5;"female";"Phoenix, United States";"2024-07-18";"positivo";"best";1;"best | app | music | ever | listen"
14798;"osme experience";5;"female";"Port Moresby, Papua New Guinea";"2025-10-24";"positivo";"osme experience";4;"app | music | better | awesome | spotify"
14800;"Good";5;"female";"Rosario, Argentina";"2025-04-04";"positivo";"good";0;"good | app | music | experience | really"
14801;"عاشقشوم بهترین اپلیکیشن اینم اینستاگرامم مو امیرو از بوشهر: باعث افتخاره دیدنی های بوشهرو نشونتون بدوم @Amiro_sardari";5;"female";"Sydney, Australia";"2025-08-23";"positivo";"عاشقشوم بهترین اپلیکیشن اینم اینستاگرامم مو امیرو از بوشهر باعث افتخاره دیدنی های بوشهرو نشونتون بدوم amiro_sardari";4;"app | music | better | awesome | spotify"
14804;"Laurence Xavier King ZAVe Sound 1 only All Sounds 1 2 3 best life or 0 / o 2024 / 2012 = Angela Marie King Survive = All 10/10 or 0";5;"female";"Dallas, United States";"2024-08-14";"positivo";"laurence xavier king zave sound only all sounds best life or o angela marie king survive all or";4;"app | music | better | awesome | spotify"
14805;"More updates more uploads for free please";5;"female";"Brisbane, Australia";"2025-10-30";"positivo";"more updates more uploads for free please";4;"app | music | better | awesome | spotify"
14809;"Working with experience 🔥";5;"female";"San Francisco, United States";"2024-07-11";"positivo";"working with experience";4;"app | music | better | awesome | spotify"
14814;"Smallville series";5;"female";"Nadi, Fiji";"2025-10-29";"positivo";"smallville series";4;"app | music | better | awesome | spotify"
14816;"This app gives me company every time";5;"female";"Gold Coast, Australia";"2025-08-30";"positivo";"this app gives me company every time";4;"app | music | better | awesome | spotify"
14818;"It's really really good. I love it. 100 times better than Spotify.😀👍🏻";5;"female";"São Paulo, Brazil";"2025-04-27";"positivo";"it s really really good i love it times better than spotify";4;"app | music | better | awesome | spotify"
14821;"very good";5;"female";"Perth, Australia";"2025-12-14";"positivo";"very good";0;"good | app | music | experience | really"
14826;"wow";5;"female";"Queenstown, New Zealand";"2025-11-22";"positivo";"wow";4;"app | music | better | awesome | spotify"
14830;"Better that spotify";5;"female";"Rio de Janeiro, Brazil";"2024-12-10";"positivo";"better that spotify";4;"app | music | better | awesome | spotify"
14831;"superb";5;"female";"Gold Coast, Australia";"2025-09-10";"positivo";"superb";4;"app | music | better | awesome | spotify"
14838;"Nice app";5;"female";"Bogotá, Colombia";"2025-03-10";"positivo";"nice app";6;"nice | app | music | no | songs"
14841;"Incredible Recomendable";5;"female";"Santiago, Chile";"2025-02-20";"positivo";"incredible recomendable";4;"app | music | better | awesome | spotify"
14844;"You can listen to any music";5;"female";"Quito, Ecuador";"2024-10-07";"positivo";"you can listen to any music";4;"app | music | better | awesome | spotify"
14845;"🥰🥰🥰🥰";5;"female";"Christchurch, New Zealand";"2025-05-31";"positivo";"";4;"app | music | better | awesome | spotify"
14848;"Best one";5;"female";"Austin, United States";"2024-07-14";"positivo";"best one";1;"best | app | music | ever | listen"
14855;"miss u";5;"female";"Santiago, Chile";"2024-10-07";"positivo";"miss u";4;"app | music | better | awesome | spotify"
14859;"best";5;"female";"Suva, Fiji";"2025-11-02";"positivo";"best";1;"best | app | music | ever | listen"
14867;"awesome";5;"female";"Cali, Colombia";"2024-11-30";"positivo";"awesome";4;"app | music | better | awesome | spotify"
14868;"I love it";5;"female";"Adelaide, Australia";"2025-11-17";"positivo";"i love it";5;"love | app | music | much | amazing"
14877;"love this app";5;"female";"Christchurch, New Zealand";"2025-11-07";"positivo";"love this app";5;"love | app | music | much | amazing"
14880;"love the Mixs";5;"female";"Wellington, New Zealand";"2025-07-06";"positivo";"love the mixs";5;"love | app | music | much | amazing"
14881;"Fabulous app";5;"female";"Arequipa, Peru";"2024-11-11";"positivo";"fabulous app";4;"app | music | better | awesome | spotify"
14883;"Nice!";5;"female";"Chicago, United States";"2024-08-12";"positivo";"nice";6;"nice | app | music | no | songs"
14884;"Add so I can have a picture and music for wallpaper on your phone back ar ound save way music still playing on your phone for screen wallpaper saver";5;"female";"Cancun, Mexico";"2024-08-22";"positivo";"add so i can have a picture and music for wallpaper on your phone back ar ound save way music still playing on your phone for screen wallpaper saver";4;"app | music | better | awesome | spotify"
14885;"Have bought music here. Enjoyable. Can curate my own selections.";5;"female";"Bogotá, Colombia";"2024-10-30";"positivo";"have bought music here enjoyable can curate my own selections";4;"app | music | better | awesome | spotify"
14891;"Best";5;"female";"Rosario, Argentina";"2024-08-30";"positivo";"best";1;"best | app | music | ever | listen"
14905;"my only problems is that some songs are locked ehind the Go+ subscription, but si many other great songs substitute for all of those ones";5;"female";"Rosario, Argentina";"2024-12-27";"positivo";"my only problems is that some songs are locked ehind the go subscription but si many other great songs substitute for all of those ones";4;"app | music | better | awesome | spotify"
14908;"lovely";5;"female";"Asunción, Paraguay";"2024-12-14";"positivo";"lovely";4;"app | music | better | awesome | spotify"
14910;"the best app";5;"female";"Caracas, Venezuela";"2025-02-19";"positivo";"the best app";1;"best | app | music | ever | listen"
14911;"nice";5;"female";"Gold Coast, Australia";"2025-11-11";"positivo";"nice";6;"nice | app | music | no | songs"
14913;"awesome";5;"female";"Asunción, Paraguay";"2025-03-12";"positivo";"awesome";4;"app | music | better | awesome | spotify"
14919;"nice";5;"female";"Córdoba, Argentina";"2024-10-16";"positivo";"nice";6;"nice | app | music | no | songs"
14925;"they have so many unreleased uzi songs it's amazing";5;"female";"Sydney, Australia";"2025-10-22";"positivo";"they have so many unreleased uzi songs it s amazing";4;"app | music | better | awesome | spotify"
14929;"better than the music I had before";5;"female";"Christchurch, New Zealand";"2025-06-10";"positivo";"better than the music i had before";4;"app | music | better | awesome | spotify"
14932;"love this app, it's my favorite";5;"female";"Buenos Aires, Argentina";"2025-01-01";"positivo";"love this app it s my favorite";5;"love | app | music | much | amazing"
14938;"best app for Android";5;"female";"Sydney, Australia";"2025-07-19";"positivo";"best app for android";1;"best | app | music | ever | listen"
14939;"I love it";5;"female";"Suva, Fiji";"2025-07-11";"positivo";"i love it";5;"love | app | music | much | amazing"
14942;"very good";5;"female";"Brisbane, Australia";"2025-12-20";"positivo";"very good";0;"good | app | music | experience | really"
14945;"bonggaaaa";5;"female";"Queenstown, New Zealand";"2025-12-02";"positivo";"bonggaaaa";4;"app | music | better | awesome | spotify"
14946;"I downloaded sound cloud bcuz of juice wrld to stream most of his songs 😭😭,💔rip juice wrld 999";5;"female";"Brasília, Brazil";"2024-10-06";"positivo";"i downloaded sound cloud bcuz of juice wrld to stream most of his songs rip juice wrld";4;"app | music | better | awesome | spotify"
14950;"Good morning";5;"female";"Arequipa, Peru";"2025-02-07";"positivo";"good morning";0;"good | app | music | experience | really"
14953;"Best";5;"female";"Philadelphia, United States";"2024-07-18";"positivo";"best";1;"best | app | music | ever | listen"
14958;"good";5;"female";"Nadi, Fiji";"2025-08-19";"positivo";"good";0;"good | app | music | experience | really"
14963;"thank you I give 5 Starz";5;"female";"Montevideo, Uruguay";"2025-04-19";"positivo";"thank you i give starz";4;"app | music | better | awesome | spotify"
14965;"👌👌👌👌👌👌👌";5;"female";"Salvador, Brazil";"2025-04-18";"positivo";"";4;"app | music | better | awesome | spotify"
14969;"Like the way";5;"female";"Tijuana, Mexico";"2024-08-20";"positivo";"like the way";3;"like | app | music | really | songs"
14976;"the best";5;"female";"Rio de Janeiro, Brazil";"2024-10-02";"positivo";"the best";1;"best | app | music | ever | listen"
14987;"good";5;"female";"Nadi, Fiji";"2025-07-25";"positivo";"good";0;"good | app | music | experience | really"
14990;"awesome";5;"female";"Buenos Aires, Argentina";"2025-01-17";"positivo";"awesome";4;"app | music | better | awesome | spotify"
14995;"I Love That❤❤❤.";5;"female";"Cali, Colombia";"2024-09-15";"positivo";"i love that";5;"love | app | music | much | amazing"
14996;"iykyk";5;"female";"Medellín, Colombia";"2024-08-29";"positivo";"iykyk";4;"app | music | better | awesome | spotify"
10;"hardly ever works fine. Has trouble loading tracks.";1;"female";"Canberra, Australia";"2013-02-07";"negativo";"hardly ever works fine has trouble loading tracks";2;"tracks | audio | while | quality | between"
23;"after having a long long time of delays and music not playing, thinking it was my phone, everythingelse is working fine except for SoundCloud....now it's not playing at all SoundCloud you need to fix this problem and stop running up my data bill.";1;"female";"Brisbane, Australia";"2013-02-08";"negativo";"after having a long long time of delays and music not playing thinking it was my phone everythingelse is working fine except for soundcloud now it s not playing at all soundcloud you need to fix this problem and stop running up my data bill";1;"music | why | app | good | fix"
34;"𝑷𝒂𝒕𝒉𝒆𝒕𝒊𝒄 𝒂𝒑𝒑 𝒘𝒉𝒊𝒄𝒉 𝒅𝒐𝒆𝒔𝒏'𝒕 𝒐𝒑𝒆𝒓𝒂𝒕𝒆 𝒊𝒏 🇵🇰. 𝑺𝒉𝒂𝒎𝒆𝒇𝒖𝒍 𝒂𝒄𝒕.";1;"female";"Queenstown, New Zealand";"2013-02-23";"negativo";"𝑷𝒂𝒕𝒉𝒆𝒕𝒊𝒄 𝒂𝒑𝒑 𝒘𝒉𝒊𝒄𝒉 𝒅𝒐𝒆𝒔𝒏 𝒕 𝒐𝒑𝒆𝒓𝒂𝒕𝒆 𝒊𝒏 𝑺𝒉𝒂𝒎𝒆𝒇𝒖𝒍 𝒂𝒄𝒕";3;"app | songs | no | update | use"
43;"latest update made it completely unusable, can't even sign in.";1;"female";"Gold Coast, Australia";"2012-11-12";"negativo";"latest update made it completely unusable can t even sign in";3;"app | songs | no | update | use"
47;"not working after upadate";1;"female";"Perth, Australia";"2012-11-04";"negativo";"not working after upadate";3;"app | songs | no | update | use"
48;"My account was deleted for an unknown reason because I was posting tracks like sped up & the original tracks that kept shutting down, it's getting worse every year, someone help make this better for once";1;"female";"Sydney, Australia";"2012-11-18";"negativo";"my account was deleted for an unknown reason because i was posting tracks like sped up the original tracks that kept shutting down it s getting worse every year someone help make this better for once";2;"tracks | audio | while | quality | between"
51;"Too much ads";1;"female";"Christchurch, New Zealand";"2012-12-21";"negativo";"too much ads";0;"ads | many | support | much | one"
71;"I was transferring my playlists from Spotify and I accidentally selected a playlist that is no longer available and because there is no cancel nor does it skip, the rest of the songs are all on hold. ig I can only use this during exercise for gym audio and Spotify for the rest :/";1;"female";"Canberra, Australia";"2012-12-14";"negativo";"i was transferring my playlists from spotify and i accidentally selected a playlist that is no longer available and because there is no cancel nor does it skip the rest of the songs are all on hold ig i can only use this during exercise for gym audio and spotify for the rest";3;"app | songs | no | update | use"
86;"من ریدم تو تبلیغاتی که میزاری";1;"female";"Nadi, Fiji";"2012-11-16";"negativo";"من ریدم تو تبلیغاتی که میزاری";3;"app | songs | no | update | use"
103;"I’d say search doesn’t always give relevant results. It makes it harder to find good music.";1;"female";"Nadi, Fiji";"2013-01-01";"negativo";"i d say search doesn t always give relevant results it makes it harder to find good music";1;"music | why | app | good | fix"
107;"For me, it feels more focused on creators than listeners. It makes it harder to find good music.";1;"female";"Canberra, Australia";"2012-12-03";"negativo";"for me it feels more focused on creators than listeners it makes it harder to find good music";1;"music | why | app | good | fix"
131;"One issue is that there are too many ads on the free version. It ends up feeling cluttered.";1;"female";"Melbourne, Australia";"2013-01-05";"negativo";"one issue is that there are too many ads on the free version it ends up feeling cluttered";0;"ads | many | support | much | one"
137;"For me, it feels more focused on creators than listeners. It ends up feeling cluttered.";1;"female";"Adelaide, Australia";"2012-12-19";"negativo";"for me it feels more focused on creators than listeners it ends up feeling cluttered";3;"app | songs | no | update | use"
148;"In my experience, navigation can feel messy and unstructured. It makes it harder to find good music.";1;"female";"Brisbane, Australia";"2013-01-30";"negativo";"in my experience navigation can feel messy and unstructured it makes it harder to find good music";1;"music | why | app | good | fix"
174;"Honestly, the app can be slow or buggy sometimes. It makes the experience less enjoyable.";1;"female";"Canberra, Australia";"2012-12-25";"negativo";"honestly the app can be slow or buggy sometimes it makes the experience less enjoyable";3;"app | songs | no | update | use"
179;"Personally, audio quality varies a lot between tracks. It gets frustrating after a while.";1;"female";"Wellington, New Zealand";"2013-01-30";"negativo";"personally audio quality varies a lot between tracks it gets frustrating after a while";2;"tracks | audio | while | quality | between"
187;"I’d say it feels more focused on creators than listeners. It makes the experience less enjoyable.";1;"female";"Brisbane, Australia";"2013-01-03";"negativo";"i d say it feels more focused on creators than listeners it makes the experience less enjoyable";3;"app | songs | no | update | use"
213;"I wanted to like it, but search doesn’t always give relevant results. It makes the experience less enjoyable.";1;"female";"Adelaide, Australia";"2012-10-08";"negativo";"i wanted to like it but search doesn t always give relevant results it makes the experience less enjoyable";3;"app | songs | no | update | use"
250;"So far, it’s hard to discover good new music. It makes it harder to find good music.";1;"female";"Hobart, Australia";"2012-10-28";"negativo";"so far it s hard to discover good new music it makes it harder to find good music";1;"music | why | app | good | fix"
253;"One issue is that search doesn’t always give relevant results. It slows things down.";1;"female";"Gold Coast, Australia";"2012-10-22";"negativo";"one issue is that search doesn t always give relevant results it slows things down";3;"app | songs | no | update | use"
267;"The main problem is that it feels more focused on creators than listeners. It makes the app harder to use.";1;"female";"Port Moresby, Papua New Guinea";"2012-12-26";"negativo";"the main problem is that it feels more focused on creators than listeners it makes the app harder to use";3;"app | songs | no | update | use"
271;"I’d say there are too many ads on the free version. It makes the app harder to use.";1;"female";"Perth, Australia";"2012-11-13";"negativo";"i d say there are too many ads on the free version it makes the app harder to use";0;"ads | many | support | much | one"
289;"One issue is that audio quality varies a lot between tracks. It ends up feeling cluttered.";1;"female";"Wellington, New Zealand";"2012-10-22";"negativo";"one issue is that audio quality varies a lot between tracks it ends up feeling cluttered";2;"tracks | audio | while | quality | between"
302;"In my experience, the platform feels cluttered with low-quality tracks. It slows things down.";1;"female";"Sydney, Australia";"2012-11-11";"negativo";"in my experience the platform feels cluttered with low quality tracks it slows things down";2;"tracks | audio | while | quality | between"
305;"I wanted to like it, but you can’t download music without paying. That part could definitely be improved.";1;"female";"Gold Coast, Australia";"2012-10-27";"negativo";"i wanted to like it but you can t download music without paying that part could definitely be improved";1;"music | why | app | good | fix"
313;"For me, search doesn’t always give relevant results. It makes the experience less enjoyable.";1;"female";"Canberra, Australia";"2013-02-22";"negativo";"for me search doesn t always give relevant results it makes the experience less enjoyable";3;"app | songs | no | update | use"
348;"In my experience, navigation can feel messy and unstructured. It makes the experience less enjoyable.";1;"female";"Adelaide, Australia";"2012-12-26";"negativo";"in my experience navigation can feel messy and unstructured it makes the experience less enjoyable";3;"app | songs | no | update | use"
359;"Honestly, audio quality varies a lot between tracks. It makes the experience less enjoyable.";1;"female";"Brisbane, Australia";"2012-12-09";"negativo";"honestly audio quality varies a lot between tracks it makes the experience less enjoyable";2;"tracks | audio | while | quality | between"
366;"The main problem is that tracks sometimes disappear unexpectedly. It makes the app harder to use.";1;"female";"Hobart, Australia";"2013-01-08";"negativo";"the main problem is that tracks sometimes disappear unexpectedly it makes the app harder to use";2;"tracks | audio | while | quality | between"
369;"Personally, audio quality varies a lot between tracks. It makes the experience less enjoyable.";1;"female";"Gold Coast, Australia";"2012-12-22";"negativo";"personally audio quality varies a lot between tracks it makes the experience less enjoyable";2;"tracks | audio | while | quality | between"
370;"I wanted to like it, but it’s hard to discover good new music. It slows things down.";1;"female";"Sydney, Australia";"2012-10-06";"negativo";"i wanted to like it but it s hard to discover good new music it slows things down";1;"music | why | app | good | fix"
385;"For me, you can’t download music without paying. It makes the app harder to use.";1;"female";"Hobart, Australia";"2012-12-24";"negativo";"for me you can t download music without paying it makes the app harder to use";1;"music | why | app | good | fix"
395;"Personally, you can’t download music without paying. It ends up feeling cluttered.";1;"female";"Sydney, Australia";"2012-11-17";"negativo";"personally you can t download music without paying it ends up feeling cluttered";1;"music | why | app | good | fix"
400;"update reiterate SoundCloud cuts out whether I'm on internet or data to prove my point I downloaded Spotify and I've been listening to music for the past hour and the music isn't cutting out fix your app.";1;"female";"Gold Coast, Australia";"2012-10-13";"negativo";"update reiterate soundcloud cuts out whether i m on internet or data to prove my point i downloaded spotify and i ve been listening to music for the past hour and the music isn t cutting out fix your app";1;"music | why | app | good | fix"
406;"Now this app sucks with soundcloud go. I really miss the times where we could listen to any music offline and without any ads, now its just another version of spotify to me. I can't use it without the app crashing every second, it's unbearable.";1;"female";"Auckland, New Zealand";"2012-10-27";"negativo";"now this app sucks with soundcloud go i really miss the times where we could listen to any music offline and without any ads now its just another version of spotify to me i can t use it without the app crashing every second it s unbearable";1;"music | why | app | good | fix"
407;"isn't working well um trying to like song .. 😐 it doesn't want to";1;"female";"Brisbane, Australia";"2012-10-22";"negativo";"isn t working well um trying to like song it doesn t want to";3;"app | songs | no | update | use"
408;"It has got no songs, even the famous ones.Yeah that's the biggest reason";1;"female";"Port Moresby, Papua New Guinea";"2012-10-30";"negativo";"it has got no songs even the famous ones yeah that s the biggest reason";3;"app | songs | no | update | use"
419;"paying user dont know why anymore... lots of glitches latley now music keeps skipping once every song very annoying. and now offline music is not working just opens app and black screen with soundcloud logo but never goes to the home page just crashes constantly now.";1;"female";"Melbourne, Australia";"2012-12-16";"negativo";"paying user dont know why anymore lots of glitches latley now music keeps skipping once every song very annoying and now offline music is not working just opens app and black screen with soundcloud logo but never goes to the home page just crashes constantly now";1;"music | why | app | good | fix"
434;"website preferred over the app.";1;"female";"Nadi, Fiji";"2012-12-13";"negativo";"website preferred over the app";3;"app | songs | no | update | use"
447;"The app won't even let me sign in";1;"female";"Port Moresby, Papua New Guinea";"2013-02-20";"negativo";"the app won t even let me sign in";3;"app | songs | no | update | use"
449;"keep deleting unreleased juice world music piss me off";1;"female";"Canberra, Australia";"2013-01-29";"negativo";"keep deleting unreleased juice world music piss me off";1;"music | why | app | good | fix"
486;"Changing the analysation for artist songs to one track per month to get them recommended to others to listen is the worse thing these people ever done - wish I could give no stars!";1;"female";"Hobart, Australia";"2013-02-25";"negativo";"changing the analysation for artist songs to one track per month to get them recommended to others to listen is the worse thing these people ever done wish i could give no stars";3;"app | songs | no | update | use"
508;"bad app no songs update low quality songs";1;"female";"Gold Coast, Australia";"2013-02-11";"negativo";"bad app no songs update low quality songs";3;"app | songs | no | update | use"
529;"new update makes it VERY laggy. it won't replay songs, it'll stop in the middle of a song, buffer for 2 mins, then say it's unplayable, some songs are suddenly unplayable from the get...the songs that are playable skip almost the whole way through as if every one of my Playlists have been chopped & screwed. I've updated, cleared cache/storage, un-installed & readded, cleared phone storage & recent apps....and this is on TWO different phones both on & off wifi, in my car, on a speaker..none helps";1;"female";"Gold Coast, Australia";"2013-01-31";"negativo";"new update makes it very laggy it won t replay songs it ll stop in the middle of a song buffer for mins then say it s unplayable some songs are suddenly unplayable from the get the songs that are playable skip almost the whole way through as if every one of my playlists have been chopped screwed i ve updated cleared cache storage un installed readded cleared phone storage recent apps and this is on two different phones both on off wifi in my car on a speaker none helps";3;"app | songs | no | update | use"
560;"terrible";1;"female";"Adelaide, Australia";"2012-12-10";"negativo";"terrible";3;"app | songs | no | update | use"
561;"I can sigh in because of the robots saying that I'm a robot because I messed up doing the robot test thingy";1;"female";"Perth, Australia";"2013-01-02";"negativo";"i can sigh in because of the robots saying that i m a robot because i messed up doing the robot test thingy";3;"app | songs | no | update | use"
571;"Spyware with ads? This is new.";1;"female";"Port Moresby, Papua New Guinea";"2012-12-30";"negativo";"spyware with ads this is new";0;"ads | many | support | much | one"
585;"I've used SoundCloud for years for filehosting as it is frankly a bot farm that was never a functioning social platform- but the ads have gotten out of control and I will be discontinuing since I find myself unable to close the app until an ad finishes. given the harm done to audio quality on the site I will not be considering any kind of fix.";1;"female";"Sydney, Australia";"2012-10-12";"negativo";"i ve used soundcloud for years for filehosting as it is frankly a bot farm that was never a functioning social platform but the ads have gotten out of control and i will be discontinuing since i find myself unable to close the app until an ad finishes given the harm done to audio quality on the site i will not be considering any kind of fix";2;"tracks | audio | while | quality | between"
609;"Can't sign in anymore";1;"female";"Hobart, Australia";"2012-12-31";"negativo";"can t sign in anymore";3;"app | songs | no | update | use"
619;"stop scrubbing artists' music to train AI models :)";1;"female";"Christchurch, New Zealand";"2012-11-05";"negativo";"stop scrubbing artists music to train ai models";1;"music | why | app | good | fix"
631;"This is not good working and my account is banned 🚫 This app help center my account no recover";1;"female";"Adelaide, Australia";"2012-11-10";"negativo";"this is not good working and my account is banned this app help center my account no recover";3;"app | songs | no | update | use"
644;"Lamentable la nueva versión/update que se han marcado. Tenéis enero para que cambien de opinión. Una subscripción menos. Es imposible desde la pantalla de inicio meterte en lo que los artistas que sigues tienen de nuevo. Esto es música no sus datos de talla y peso. Demasiada info inútil y un uso pésimo de la user experience. Es increíble como teniendo un Ferrari os vais a un Twingo. Shakira tenía razón. Inutilizable.";1;"female";"Suva, Fiji";"2012-12-08";"negativo";"lamentable la nueva versión update que se han marcado tenéis enero para que cambien de opinión una subscripción menos es imposible desde la pantalla de inicio meterte en lo que los artistas que sigues tienen de nuevo esto es música no sus datos de talla y peso demasiada info inútil y un uso pésimo de la user experience es increíble como teniendo un ferrari os vais a un twingo shakira tenía razón inutilizable";3;"app | songs | no | update | use"
668;"confusing subscriptions, confusing interface";1;"female";"Suva, Fiji";"2012-10-29";"negativo";"confusing subscriptions confusing interface";3;"app | songs | no | update | use"
676;"The recent version is bugged. Streaming is interrupted randomly. Experiemcing this issue since a week. On multiple devices, different networks (wifi, gsm). Please fix it so you get your 5 stars back :)";1;"female";"Suva, Fiji";"2012-12-11";"negativo";"the recent version is bugged streaming is interrupted randomly experiemcing this issue since a week on multiple devices different networks wifi gsm please fix it so you get your stars back";3;"app | songs | no | update | use"
678;"This app used to be really good and now it's bad. The ui is good but that's about it. They litteraly added issues to their app and then tried to sell you the fix. Like they say they don't let you listen to certain bands if they don't have licenses or sumn in your country, and then they proceed to let you listen to the music if you pay for the premium subscription... What a joke so scummy";1;"female";"Perth, Australia";"2013-01-02";"negativo";"this app used to be really good and now it s bad the ui is good but that s about it they litteraly added issues to their app and then tried to sell you the fix like they say they don t let you listen to certain bands if they don t have licenses or sumn in your country and then they proceed to let you listen to the music if you pay for the premium subscription what a joke so scummy";3;"app | songs | no | update | use"
688;"fraud!!!!";1;"female";"Hobart, Australia";"2012-11-13";"negativo";"fraud";3;"app | songs | no | update | use"
719;"it's junk. no control over song suggestions. gets into areas and then can't back out. so many ads. I'm removing this app";1;"female";"Perth, Australia";"2012-11-16";"negativo";"it s junk no control over song suggestions gets into areas and then can t back out so many ads i m removing this app";0;"ads | many | support | much | one"
736;"pmo";1;"female";"Canberra, Australia";"2012-09-30";"negativo";"pmo";3;"app | songs | no | update | use"
741;"Too many and annoying ads";1;"female";"Hobart, Australia";"2012-10-01";"negativo";"too many and annoying ads";0;"ads | many | support | much | one"
746;"Where has the re-post icons from followed artists gone after the latest update? They are vital for finding new uploaded and shared tracks by followed artists. Seems like a counter productive feature to take away. Very disappointing tbh.";1;"female";"Melbourne, Australia";"2013-02-13";"negativo";"where has the re post icons from followed artists gone after the latest update they are vital for finding new uploaded and shared tracks by followed artists seems like a counter productive feature to take away very disappointing tbh";2;"tracks | audio | while | quality | between"
758;"plays unskippable ads as soon as i open app";1;"female";"Gold Coast, Australia";"2013-01-01";"negativo";"plays unskippable ads as soon as i open app";0;"ads | many | support | much | one"
786;"I wish I could download songs here buh there is no option for that";1;"female";"Adelaide, Australia";"2012-11-30";"negativo";"i wish i could download songs here buh there is no option for that";3;"app | songs | no | update | use"
808;"wayy too many ads that make the experience horrible";1;"female";"Gold Coast, Australia";"2013-02-07";"negativo";"wayy too many ads that make the experience horrible";0;"ads | many | support | much | one"
832;"They give pop up to remove ads without an option to exit out. Literal rip off owns by jesuits";1;"female";"Perth, Australia";"2012-12-03";"negativo";"they give pop up to remove ads without an option to exit out literal rip off owns by jesuits";0;"ads | many | support | much | one"
858;"doesn't play music I just listened to seconds ago";1;"female";"Melbourne, Australia";"2013-02-10";"negativo";"doesn t play music i just listened to seconds ago";1;"music | why | app | good | fix"
871;"Nah 3 ads back to back without being able to Skip it...";1;"female";"Melbourne, Australia";"2012-11-27";"negativo";"nah ads back to back without being able to skip it";0;"ads | many | support | much | one"
873;"If you can have advertised videos on your platform then you can allow the users to upload music videos, think idiots you can't have one without the other allow the artists of your platform to post music videos or lose my custom... Edit: remove you pop up adverts, it's stupid having a pop up advert during an advert";1;"female";"Suva, Fiji";"2012-10-03";"negativo";"if you can have advertised videos on your platform then you can allow the users to upload music videos think idiots you can t have one without the other allow the artists of your platform to post music videos or lose my custom edit remove you pop up adverts it s stupid having a pop up advert during an advert";1;"music | why | app | good | fix"
882;"Where did the stories go? That's one of the best ways I would discover new music from other fitness coaches that they would share. I pay for this app please bring them back.";1;"female";"Brisbane, Australia";"2013-01-20";"negativo";"where did the stories go that s one of the best ways i would discover new music from other fitness coaches that they would share i pay for this app please bring them back";1;"music | why | app | good | fix"
906;"my music is not playing???????????";1;"female";"Adelaide, Australia";"2013-01-13";"negativo";"my music is not playing";1;"music | why | app | good | fix"
929;"does not even have music 😕";1;"female";"Canberra, Australia";"2013-02-24";"negativo";"does not even have music";1;"music | why | app | good | fix"
930;"the last version is very bad";1;"female";"Adelaide, Australia";"2012-12-07";"negativo";"the last version is very bad";3;"app | songs | no | update | use"
952;"best of the best";1;"female";"Hobart, Australia";"2013-02-07";"negativo";"best of the best";3;"app | songs | no | update | use"
957;"Lag automatically song paused";1;"female";"Perth, Australia";"2013-01-16";"negativo";"lag automatically song paused";3;"app | songs | no | update | use"
990;"cool";1;"female";"Port Moresby, Papua New Guinea";"2012-12-05";"negativo";"cool";3;"app | songs | no | update | use"
993;"deleted all of my music very disappointing I have search all my music again";1;"female";"Christchurch, New Zealand";"2012-10-17";"negativo";"deleted all of my music very disappointing i have search all my music again";1;"music | why | app | good | fix"
1004;"Completely unreliable trash. This app has new updates every few days yet it seems to never get any reliability improvements. Completely unreliable and crashes all the time on both galaxy s10 and s7. Lags heavy too. May as well just use soundcloud on my browser instead of this crashing junk. It seems to even become more unreliable every time a new update drops.";1;"female";"Christchurch, New Zealand";"2012-12-07";"negativo";"completely unreliable trash this app has new updates every few days yet it seems to never get any reliability improvements completely unreliable and crashes all the time on both galaxy s and s lags heavy too may as well just use soundcloud on my browser instead of this crashing junk it seems to even become more unreliable every time a new update drops";3;"app | songs | no | update | use"
1009;"Search function crashes mobile app on android EVERY TIME. Can someone figure this out? Or is this too complicated a fix for your team? Defunct app.";1;"female";"Queenstown, New Zealand";"2012-12-10";"negativo";"search function crashes mobile app on android every time can someone figure this out or is this too complicated a fix for your team defunct app";3;"app | songs | no | update | use"
1010;"The app has error it's more than month now I can login to my account. Try to check your platform please thank you.";1;"female";"Canberra, Australia";"2012-10-13";"negativo";"the app has error it s more than month now i can login to my account try to check your platform please thank you";3;"app | songs | no | update | use"
1017;"I can't log in, no matter how many times I send an email, it gives me an error";1;"female";"Gold Coast, Australia";"2013-01-25";"negativo";"i can t log in no matter how many times i send an email it gives me an error";3;"app | songs | no | update | use"
1024;"No good";1;"female";"Suva, Fiji";"2013-01-26";"negativo";"no good";3;"app | songs | no | update | use"
1026;"cant play songs offline";1;"female";"Christchurch, New Zealand";"2013-02-11";"negativo";"cant play songs offline";3;"app | songs | no | update | use"
1027;"can't sign in:((";1;"female";"Wellington, New Zealand";"2013-01-16";"negativo";"can t sign in";3;"app | songs | no | update | use"
1040;"A good app until recently when they decided to mess everything in the way the feed works and forcing dark mode. Yes, exactly, FORCING. And the amusing thing is that they didn't even update the screenshots here, which are all light mode and show how usable the interface used to be. Soon to be another failed Spotify copy cat.";1;"female";"Christchurch, New Zealand";"2012-09-19";"negativo";"a good app until recently when they decided to mess everything in the way the feed works and forcing dark mode yes exactly forcing and the amusing thing is that they didn t even update the screenshots here which are all light mode and show how usable the interface used to be soon to be another failed spotify copy cat";3;"app | songs | no | update | use"
1052;"crashes all of a sudden won't play some songs through data anymore";1;"female";"Nadi, Fiji";"2013-02-05";"negativo";"crashes all of a sudden won t play some songs through data anymore";3;"app | songs | no | update | use"
1058;"cannot sign in and create account";1;"female";"Wellington, New Zealand";"2013-01-17";"negativo";"cannot sign in and create account";3;"app | songs | no | update | use"
1065;"Not happy! My playlist that took me a while to make has disappeared. Grr";1;"female";"Nadi, Fiji";"2012-12-14";"negativo";"not happy my playlist that took me a while to make has disappeared grr";2;"tracks | audio | while | quality | between"
1126;"Y'all app keep unliking my music by itself, fix y'all app as soon as possible please.";1;"female";"Suva, Fiji";"2012-10-03";"negativo";"y all app keep unliking my music by itself fix y all app as soon as possible please";1;"music | why | app | good | fix"
1141;"Crashes way too often";1;"female";"Adelaide, Australia";"2013-02-01";"negativo";"crashes way too often";3;"app | songs | no | update | use"
1142;"Stood my payment info with out my permission";1;"female";"Hobart, Australia";"2012-12-10";"negativo";"stood my payment info with out my permission";3;"app | songs | no | update | use"
1150;"certain songs don't ever load when you press on them, and of course, it's only the ones you've played the most recently. it's so annoying, and it also plays ads every 2 songs, which is ridiculous! I even deleted the app and re-downloaded it and it worked for 2 replays of a song and then started doing to the same songs AGAIN";1;"female";"Christchurch, New Zealand";"2013-01-17";"negativo";"certain songs don t ever load when you press on them and of course it s only the ones you ve played the most recently it s so annoying and it also plays ads every songs which is ridiculous i even deleted the app and re downloaded it and it worked for replays of a song and then started doing to the same songs again";3;"app | songs | no | update | use"
1199;"Worst customer service. Got my account of 5+ years deleted, and ""there's nothing they can do""";1;"female";"Wellington, New Zealand";"2013-01-19";"negativo";"worst customer service got my account of years deleted and there s nothing they can do";3;"app | songs | no | update | use"
1200;"wow. I cannot even upload audio anymore. and the settings don't allow scrolling, so I can't change my password. I thought it was bad before. worse now. bye bye SoundCloud.";1;"female";"Canberra, Australia";"2012-12-31";"negativo";"wow i cannot even upload audio anymore and the settings don t allow scrolling so i can t change my password i thought it was bad before worse now bye bye soundcloud";2;"tracks | audio | while | quality | between"
1203;"I want to cancel, and I can't see any way to do it.";1;"female";"Queenstown, New Zealand";"2012-11-10";"negativo";"i want to cancel and i can t see any way to do it";3;"app | songs | no | update | use"
1210;"been trying to upgrade but for some reason it won't let me do this so that I can down load albums";1;"female";"Suva, Fiji";"2012-10-21";"negativo";"been trying to upgrade but for some reason it won t let me do this so that i can down load albums";3;"app | songs | no | update | use"
1213;"MeEr Baloch Khan";1;"female";"Wellington, New Zealand";"2012-09-11";"negativo";"meer baloch khan";3;"app | songs | no | update | use"
1216;"why TF are some of my songs not playing";1;"female";"Adelaide, Australia";"2013-01-27";"negativo";"why tf are some of my songs not playing";1;"music | why | app | good | fix"
1217;"Can't use the search function even after ""uninstalling web updates"". They stopped making new and hot lists for practically every genre of music I listen to. Songs that I like sometimes don't show up on my liked songs list. Don't even get me started about their app on the xbox. Absolute joke. Hasn't been updated since it came out. You took a great app and turned it into complete trash. If you want everyone to just delete the app and download Spotify just say so.";1;"female";"Suva, Fiji";"2012-10-30";"negativo";"can t use the search function even after uninstalling web updates they stopped making new and hot lists for practically every genre of music i listen to songs that i like sometimes don t show up on my liked songs list don t even get me started about their app on the xbox absolute joke hasn t been updated since it came out you took a great app and turned it into complete trash if you want everyone to just delete the app and download spotify just say so";3;"app | songs | no | update | use"
1219;"Can't share unlisted songs with most people, takes them to app store even if they have it. That's the only reason I use the app, uninstalling.";1;"female";"Sydney, Australia";"2012-11-05";"negativo";"can t share unlisted songs with most people takes them to app store even if they have it that s the only reason i use the app uninstalling";3;"app | songs | no | update | use"
1235;"Was fine until all the songs I listened to yesterday day I wasn't able to listen too because it was tryna make me pay money trash app adds aren't enough gotta pay money to even use the app";1;"female";"Canberra, Australia";"2012-12-26";"negativo";"was fine until all the songs i listened to yesterday day i wasn t able to listen too because it was tryna make me pay money trash app adds aren t enough gotta pay money to even use the app";3;"app | songs | no | update | use"
1264;"New update new app ads more then you can handle the songs dont skip on the main screen but in the background keeps moving on . So many other examples good work from the best app to the worst one";1;"female";"Auckland, New Zealand";"2013-01-07";"negativo";"new update new app ads more then you can handle the songs dont skip on the main screen but in the background keeps moving on so many other examples good work from the best app to the worst one";0;"ads | many | support | much | one"
1270;"All u care about is ADS. my support ticket took almost one whole month to be replied to and what did u reply??? bs. getting worse day by day.";1;"female";"Adelaide, Australia";"2012-09-25";"negativo";"all u care about is ads my support ticket took almost one whole month to be replied to and what did u reply bs getting worse day by day";0;"ads | many | support | much | one"
1271;"aapka gana main use kar sakta hun";1;"female";"Nadi, Fiji";"2013-01-29";"negativo";"aapka gana main use kar sakta hun";3;"app | songs | no | update | use"
1276;"Ads are so frequent, that after over a decade of use I have to move away. it's a nuisance if you quite simply want to listen to a few tunes. and the ads stop playing when you lock your screen. Cheeky.";1;"female";"Hobart, Australia";"2013-01-07";"negativo";"ads are so frequent that after over a decade of use i have to move away it s a nuisance if you quite simply want to listen to a few tunes and the ads stop playing when you lock your screen cheeky";0;"ads | many | support | much | one"
1281;"The app won't run!";1;"female";"Nadi, Fiji";"2012-10-03";"negativo";"the app won t run";3;"app | songs | no | update | use"
1291;"Very poorly managed app..I was paying sound cloud for about 2 years for the Artist Pro level had 42 tracks on the site..but found out it still had me at the Basic subscription..impossible to talk to an actual human contact at Sound Cloud..not sure if any artists makes money on this site.";1;"female";"Queenstown, New Zealand";"2012-09-10";"negativo";"very poorly managed app i was paying sound cloud for about years for the artist pro level had tracks on the site but found out it still had me at the basic subscription impossible to talk to an actual human contact at sound cloud not sure if any artists makes money on this site";2;"tracks | audio | while | quality | between"
1303;"terrible.... going further and further downhill with constant crashing, rebooting";1;"female";"Wellington, New Zealand";"2012-12-23";"negativo";"terrible going further and further downhill with constant crashing rebooting";3;"app | songs | no | update | use"
1305;"can't see the download option so i cannot download songs";1;"female";"Queenstown, New Zealand";"2013-02-04";"negativo";"can t see the download option so i cannot download songs";3;"app | songs | no | update | use"
1307;"app is still laggy and music keeps skipping even after the update. youre better off using the website version while the devs ignore your complaints on purpose";1;"female";"Canberra, Australia";"2012-09-11";"negativo";"app is still laggy and music keeps skipping even after the update youre better off using the website version while the devs ignore your complaints on purpose";2;"tracks | audio | while | quality | between"
1318;"I've been an avid creator on this site since the initial launch day all those years ago...I remember when we could just click the app and...it would open, it wouldn't crash for nothing...get this, you could even listen to music without it crashing trying to load the songs too!! What happened to that? Don't think anyone here genuinely cares about how the app looks...if it doesn't function 🤔";1;"female";"Melbourne, Australia";"2012-11-24";"negativo";"i ve been an avid creator on this site since the initial launch day all those years ago i remember when we could just click the app and it would open it wouldn t crash for nothing get this you could even listen to music without it crashing trying to load the songs too what happened to that don t think anyone here genuinely cares about how the app looks if it doesn t function";3;"app | songs | no | update | use"
1324;"This app has gotten so out of hand with ads, it literally was playing 1-2 ads between every single song of the album I was trying to listen to. And don't come at me about the cost of playing free music is listening to the ads, because I purchased the album in CD form, but my car no longer has a CD player. And sadly other apps don't have the album available.";1;"female";"Sydney, Australia";"2013-01-20";"negativo";"this app has gotten so out of hand with ads it literally was playing ads between every single song of the album i was trying to listen to and don t come at me about the cost of playing free music is listening to the ads because i purchased the album in cd form but my car no longer has a cd player and sadly other apps don t have the album available";0;"ads | many | support | much | one"
1326;"Website and web apps no longer work because of overly aggressive bot detection. I'm cancelling my subscription.";1;"female";"Hobart, Australia";"2012-10-29";"negativo";"website and web apps no longer work because of overly aggressive bot detection i m cancelling my subscription";3;"app | songs | no | update | use"
1333;"Asking too many personal questions what's your age what's your genter.. With questions such as that it's not worth the application sooner or later it'll start storing personal data GARBAGE one Star is one Star TOO MUCH";1;"female";"Hobart, Australia";"2013-01-17";"negativo";"asking too many personal questions what s your age what s your genter with questions such as that it s not worth the application sooner or later it ll start storing personal data garbage one star is one star too much";0;"ads | many | support | much | one"
1337;"They make it intentionally difficult to unsubscribe from their paid services (soundcloud, Go, Plus, or whatever) by not allowing you to cancel the membership on their mobile phone app. You need to use a laptop to unsub. Not consumer friendly at all.";1;"female";"Suva, Fiji";"2012-11-04";"negativo";"they make it intentionally difficult to unsubscribe from their paid services soundcloud go plus or whatever by not allowing you to cancel the membership on their mobile phone app you need to use a laptop to unsub not consumer friendly at all";3;"app | songs | no | update | use"
1342;"download option not available";1;"female";"Adelaide, Australia";"2012-11-14";"negativo";"download option not available";3;"app | songs | no | update | use"
1358;"Why does you app keep buffering on every track. Just garbage.";1;"female";"Brisbane, Australia";"2012-12-31";"negativo";"why does you app keep buffering on every track just garbage";1;"music | why | app | good | fix"
1365;"I couldn't ever get the app to open!";1;"female";"Suva, Fiji";"2012-09-30";"negativo";"i couldn t ever get the app to open";3;"app | songs | no | update | use"
1371;"Y it stuck s";1;"female";"Port Moresby, Papua New Guinea";"2012-09-20";"negativo";"y it stuck s";3;"app | songs | no | update | use"
1376;"Wonderful musical 🎶";1;"female";"Port Moresby, Papua New Guinea";"2012-12-07";"negativo";"wonderful musical";3;"app | songs | no | update | use"
1387;"SoundCloud refuse to play next track after one finishes. it goes back to the previous track. there is no way y9 change this. I am listening to a 72 track podcast. after eacbone finishes, it plays the previous. 72 f'ing times!!!";1;"female";"Wellington, New Zealand";"2012-10-27";"negativo";"soundcloud refuse to play next track after one finishes it goes back to the previous track there is no way y change this i am listening to a track podcast after eacbone finishes it plays the previous f ing times";3;"app | songs | no | update | use"
1418;"I'm always hustling";1;"female";"Canberra, Australia";"2012-09-21";"negativo";"i m always hustling";3;"app | songs | no | update | use"
1439;"Absolutely, terrible waste of time. I signed up for an account and then it wouldn't log me in.Don't even bother with this app";1;"female";"Sydney, Australia";"2012-10-02";"negativo";"absolutely terrible waste of time i signed up for an account and then it wouldn t log me in don t even bother with this app";3;"app | songs | no | update | use"
1447;"Great app to find new music, but leaving 1 star because there's no way to change it off of dark mode. Will update to 5 stars once I can get light mode back";1;"female";"Sydney, Australia";"2012-12-04";"negativo";"great app to find new music but leaving star because there s no way to change it off of dark mode will update to stars once i can get light mode back";1;"music | why | app | good | fix"
1456;"Gross. Id rater cut myself with a spoon then use this app.";1;"female";"Suva, Fiji";"2012-10-31";"negativo";"gross id rater cut myself with a spoon then use this app";3;"app | songs | no | update | use"
1461;"I lay to notbhave ads but they've added ads";1;"female";"Gold Coast, Australia";"2013-01-31";"negativo";"i lay to notbhave ads but they ve added ads";0;"ads | many | support | much | one"
1507;"keeps making me sign up but not giving the option to login";1;"female";"Gold Coast, Australia";"2013-02-21";"negativo";"keeps making me sign up but not giving the option to login";3;"app | songs | no | update | use"
1509;"This app is not working properly whatever the update you have added the app is not working the play button is not working more than once";1;"female";"Perth, Australia";"2012-12-30";"negativo";"this app is not working properly whatever the update you have added the app is not working the play button is not working more than once";3;"app | songs | no | update | use"
1512;"Horrible. I always get my fav music not in my country. Why is that even there? Very bad experience. Worse than Spotify";1;"female";"Wellington, New Zealand";"2012-11-05";"negativo";"horrible i always get my fav music not in my country why is that even there very bad experience worse than spotify";1;"music | why | app | good | fix"
1515;"They want to charge you $5 / month to change your app icon pic, and they are paywalling ""high quality audio"" for $12 / month! Hahahah when will these scumbag people learn.";1;"female";"Port Moresby, Papua New Guinea";"2012-12-31";"negativo";"they want to charge you month to change your app icon pic and they are paywalling high quality audio for month hahahah when will these scumbag people learn";2;"tracks | audio | while | quality | between"
1528;"The playlist's exterior was better.. now it's disgusting";1;"female";"Gold Coast, Australia";"2012-10-06";"negativo";"the playlist s exterior was better now it s disgusting";3;"app | songs | no | update | use"
1546;"You get one star because you forces us to download app for listening to one song friend sends us";1;"female";"Nadi, Fiji";"2012-12-13";"negativo";"you get one star because you forces us to download app for listening to one song friend sends us";3;"app | songs | no | update | use"
1547;"love the app but had to uninstall. auto play is INTRUSIVE!! I've tried EVERYTHING. turned off auto play in app settings, phone settings, and car settings. even force stop and put to sleep. NOTHING WORKS!! me enjoying an audiobook thru a different app and SoundCloud interrupting mid sentence to auto play was the final straw.";1;"female";"Suva, Fiji";"2012-12-02";"negativo";"love the app but had to uninstall auto play is intrusive i ve tried everything turned off auto play in app settings phone settings and car settings even force stop and put to sleep nothing works me enjoying an audiobook thru a different app and soundcloud interrupting mid sentence to auto play was the final straw";3;"app | songs | no | update | use"
1570;"Music is often randomly pausing itself or just freezes for 10s up to a few minutes (not pausing). Not sure why this started about 2 month ago and it's very frustrating";1;"female";"Wellington, New Zealand";"2012-11-09";"negativo";"music is often randomly pausing itself or just freezes for s up to a few minutes not pausing not sure why this started about month ago and it s very frustrating";1;"music | why | app | good | fix"
1583;"4 years after my first review and still lags and crashes 🤣";1;"female";"Christchurch, New Zealand";"2012-10-22";"negativo";"years after my first review and still lags and crashes";3;"app | songs | no | update | use"
1593;"Uninstalling, the amount of notifications is unbelievably, and yes all notifications have and are turned off.. 👎 This app turns my 2024 Phone into a 2010 phone.";1;"female";"Nadi, Fiji";"2012-09-22";"negativo";"uninstalling the amount of notifications is unbelievably and yes all notifications have and are turned off this app turns my phone into a phone";3;"app | songs | no | update | use"
1618;"Istg if i can't log in to my account.. I BEEN TRYING for the past week and I STILL couldn't log in into my account, when i try to log in from google email or manual, it doesn't work. when i LITERALLY went out of my way to log in chrome. It worked and when i click listen in app, It force closes the damn app.";1;"female";"Port Moresby, Papua New Guinea";"2012-12-04";"negativo";"istg if i can t log in to my account i been trying for the past week and i still couldn t log in into my account when i try to log in from google email or manual it doesn t work when i literally went out of my way to log in chrome it worked and when i click listen in app it force closes the damn app";3;"app | songs | no | update | use"
1621;"This is trash. Terrible navigation. DO NOT SUBSCRIBE it will take forever to cancel. Poor set up. Don't waste your time";1;"female";"Suva, Fiji";"2013-01-16";"negativo";"this is trash terrible navigation do not subscribe it will take forever to cancel poor set up don t waste your time";3;"app | songs | no | update | use"
1626;"•New comment (2024 December): The last updated is very buggy and the app stops a few times when listening to a 5 minutes music... I hope it will be corrected for the next update •Previous commenta few years ago : Today: one ad, one track, one ad, one track. Tomorrow: two ads, one track.. --> I switched for a paid account";1;"female";"Brisbane, Australia";"2012-09-22";"negativo";"new comment december the last updated is very buggy and the app stops a few times when listening to a minutes music i hope it will be corrected for the next update previous commenta few years ago today one ad one track one ad one track tomorrow two ads one track i switched for a paid account";0;"ads | many | support | much | one"
1631;"App is extremely slow and doesent work half the time yall realy need to fix this.";1;"female";"Queenstown, New Zealand";"2012-12-05";"negativo";"app is extremely slow and doesent work half the time yall realy need to fix this";3;"app | songs | no | update | use"
1648;"Imposta, per l'interfaccia applicativa, automaticamente la lingua di sistema ma non permette la selezione di una lingua alternativa . Questo comporta che anche le risposte alle ricerche saranno condizionate.";1;"female";"Perth, Australia";"2012-11-28";"negativo";"imposta per l interfaccia applicativa automaticamente la lingua di sistema ma non permette la selezione di una lingua alternativa questo comporta che anche le risposte alle ricerche saranno condizionate";3;"app | songs | no | update | use"
1653;"It's the worst, like I've put my email and everything and then it tells me ""something unexpected happend"" like wth and I've been looking for an app that can download my songs WITHOUT wifi, and whatever and now it says that! ITS THE WORSSSST";1;"female";"Adelaide, Australia";"2013-01-08";"negativo";"it s the worst like i ve put my email and everything and then it tells me something unexpected happend like wth and i ve been looking for an app that can download my songs without wifi and whatever and now it says that its the worsssst";3;"app | songs | no | update | use"
1660;"Just like Spotify you need to purchase a premium to use the app. 7 days free is USELESS.....";1;"female";"Nadi, Fiji";"2013-02-23";"negativo";"just like spotify you need to purchase a premium to use the app days free is useless";3;"app | songs | no | update | use"
1666;"support wont respond lol";1;"female";"Nadi, Fiji";"2012-09-29";"negativo";"support wont respond lol";0;"ads | many | support | much | one"
1680;"Some musics I like get unliked by the app for some reason.";1;"female";"Auckland, New Zealand";"2013-02-08";"negativo";"some musics i like get unliked by the app for some reason";3;"app | songs | no | update | use"
1689;"Impossible to log in, just keeps going on an endless loop. Uninstalled.";1;"female";"Hobart, Australia";"2013-02-04";"negativo";"impossible to log in just keeps going on an endless loop uninstalled";3;"app | songs | no | update | use"
1697;"Trash";1;"female";"Wellington, New Zealand";"2012-09-30";"negativo";"trash";3;"app | songs | no | update | use"
1698;"This app makes you accidentally click the wrong song, so you can correct it and instantly get an ad. Isn't that great?";1;"female";"Adelaide, Australia";"2012-12-15";"negativo";"this app makes you accidentally click the wrong song so you can correct it and instantly get an ad isn t that great";3;"app | songs | no | update | use"
1730;"this Android/Google tv app was actually a huge bummer for me....semi considering the ""brand"" of this app but hands down, these are the worst versions they've built yet.smh...the most frustrating part is it's always constantly force closing you off all on it's own and booting you right back out again";1;"female";"Sydney, Australia";"2012-12-14";"negativo";"this android google tv app was actually a huge bummer for me semi considering the brand of this app but hands down these are the worst versions they ve built yet smh the most frustrating part is it s always constantly force closing you off all on it s own and booting you right back out again";3;"app | songs | no | update | use"
1734;"the most useless download feature of all the music apps. won't let you download individual songs, forces you to download the whole Playlist. if it wasn't for the high quality audio feature I'd have ended my subscription a long time ago";1;"female";"Canberra, Australia";"2013-01-13";"negativo";"the most useless download feature of all the music apps won t let you download individual songs forces you to download the whole playlist if it wasn t for the high quality audio feature i d have ended my subscription a long time ago";2;"tracks | audio | while | quality | between"
1741;"Latest two updates have totally destroyed user functionality on a Pixel 7 - minutes to load a single screen, lags throughout, unstable app prone to crashing. Was working perfectly prior. Please sort it out and test properly before releasing updates!";1;"female";"Perth, Australia";"2012-08-27";"negativo";"latest two updates have totally destroyed user functionality on a pixel minutes to load a single screen lags throughout unstable app prone to crashing was working perfectly prior please sort it out and test properly before releasing updates";3;"app | songs | no | update | use"
1761;"The app crashes 9 times out of 10.";1;"female";"Suva, Fiji";"2013-01-21";"negativo";"the app crashes times out of";3;"app | songs | no | update | use"
1769;"Just seems like it's not as active as it used to be back in the day.(edit)Def a huge waste of time except to collab or connect with other artists. I'm also getting annoyed by it constantly suggesting I have new messages and notifications when in fact I don't.";1;"female";"Christchurch, New Zealand";"2013-01-15";"negativo";"just seems like it s not as active as it used to be back in the day edit def a huge waste of time except to collab or connect with other artists i m also getting annoyed by it constantly suggesting i have new messages and notifications when in fact i don t";3;"app | songs | no | update | use"
1781;"awful for artists, awful for listeners. you cant upload more songs if all of your songs on your account are over like 30 megabytes. to listen to popular songs you need to have a subscription, the songs that dont require a subscription will always say theyre location banned because youre not in america";1;"female";"Melbourne, Australia";"2012-12-29";"negativo";"awful for artists awful for listeners you cant upload more songs if all of your songs on your account are over like megabytes to listen to popular songs you need to have a subscription the songs that dont require a subscription will always say theyre location banned because youre not in america";3;"app | songs | no | update | use"
1786;"Bad.";1;"female";"Melbourne, Australia";"2013-02-23";"negativo";"bad";3;"app | songs | no | update | use"
1791;"Every time I search something app crashes it's borderline unusable. Which is very sad I've been a subscriber for years. Considering leaving the app which is a hearbreaking thought.";1;"female";"Gold Coast, Australia";"2012-10-27";"negativo";"every time i search something app crashes it s borderline unusable which is very sad i ve been a subscriber for years considering leaving the app which is a hearbreaking thought";3;"app | songs | no | update | use"
1792;"Been good until they added a subscription";1;"female";"Suva, Fiji";"2012-10-17";"negativo";"been good until they added a subscription";3;"app | songs | no | update | use"
1828;"The most recent update has rendered the app unusable. If you try to open an artist or label page via search, the app keeps crashing. So you can only listen to your preliked tracks or explore new music via stations. Anything else will make the app crash.";1;"female";"Canberra, Australia";"2012-11-22";"negativo";"the most recent update has rendered the app unusable if you try to open an artist or label page via search the app keeps crashing so you can only listen to your preliked tracks or explore new music via stations anything else will make the app crash";2;"tracks | audio | while | quality | between"
1829;"Somewhere in this world there is someone who thought that putting adverts in between tunes was an acceptable thing to do. I refuse to believe we are even the same species as each other.";1;"female";"Hobart, Australia";"2012-12-27";"negativo";"somewhere in this world there is someone who thought that putting adverts in between tunes was an acceptable thing to do i refuse to believe we are even the same species as each other";2;"tracks | audio | while | quality | between"
1841;"Havent experience anything yet i hope you guys fix that you cant play music because of my location";1;"female";"Melbourne, Australia";"2012-09-12";"negativo";"havent experience anything yet i hope you guys fix that you cant play music because of my location";1;"music | why | app | good | fix"
1853;"idk how to use it";1;"female";"Auckland, New Zealand";"2012-11-28";"negativo";"idk how to use it";3;"app | songs | no | update | use"
1855;"SoundCloud is broken. It doesn't show any tracks when searching. Neither in user channels.";1;"female";"Wellington, New Zealand";"2012-11-21";"negativo";"soundcloud is broken it doesn t show any tracks when searching neither in user channels";2;"tracks | audio | while | quality | between"
1857;"I used SoundCloud yesterday, and it worked perfectly fine. today I got on it, and every playlists that is over 1 year old is completely gone like the playlist was still there, but all the songs inside of that playlist were gone, which made no sense.";1;"female";"Christchurch, New Zealand";"2012-09-27";"negativo";"i used soundcloud yesterday and it worked perfectly fine today i got on it and every playlists that is over year old is completely gone like the playlist was still there but all the songs inside of that playlist were gone which made no sense";3;"app | songs | no | update | use"
1867;"Not working, none of my playlists or suggested playlists work after update";1;"female";"Port Moresby, Papua New Guinea";"2012-11-02";"negativo";"not working none of my playlists or suggested playlists work after update";3;"app | songs | no | update | use"
1874;"Can not log in error over an over";1;"female";"Melbourne, Australia";"2012-09-14";"negativo";"can not log in error over an over";3;"app | songs | no | update | use"
1881;"It says i hqve 300 songs in my plqylist but when i click it my songs are not thier just says ""no recommendations at this time""";1;"female";"Sydney, Australia";"2012-11-16";"negativo";"it says i hqve songs in my plqylist but when i click it my songs are not thier just says no recommendations at this time";3;"app | songs | no | update | use"
1892;"To many ads before you can even work out if you want you to keep the app. Bs";1;"female";"Nadi, Fiji";"2012-10-29";"negativo";"to many ads before you can even work out if you want you to keep the app bs";0;"ads | many | support | much | one"
1895;"DO NOT DOWNLOAD will crash if you try loading other songs unstaill until they fix their app!!! Terrible service sad to say spotify is better and thats terrible to say, they just dont give two damns about fixing loading issues. FIX IT ASAP!!! TIRED OF YOU GUYS SCREWING US AND NOT DOING ANYTHING ABOUT FIXING IT!!! FIX IT!!!";1;"female";"Brisbane, Australia";"2012-12-08";"negativo";"do not download will crash if you try loading other songs unstaill until they fix their app terrible service sad to say spotify is better and thats terrible to say they just dont give two damns about fixing loading issues fix it asap tired of you guys screwing us and not doing anything about fixing it fix it";3;"app | songs | no | update | use"
1934;"terrible interface. cant delete things";1;"female";"Adelaide, Australia";"2012-12-19";"negativo";"terrible interface cant delete things";3;"app | songs | no | update | use"
1945;"I make playlist and my songs all get removed from my playlist.. ughh";1;"female";"Hobart, Australia";"2012-11-11";"negativo";"i make playlist and my songs all get removed from my playlist ughh";3;"app | songs | no | update | use"
1946;"Why is it that you want to go to the artists profile wanting to play their music and it indicates tracks unavailable? Nah this is trash";1;"female";"Nadi, Fiji";"2012-09-25";"negativo";"why is it that you want to go to the artists profile wanting to play their music and it indicates tracks unavailable nah this is trash";1;"music | why | app | good | fix"
1958;"i couldnt even get into it. I tried to create an account but the IP address wasnt found.";1;"female";"Port Moresby, Papua New Guinea";"2012-11-19";"negativo";"i couldnt even get into it i tried to create an account but the ip address wasnt found";3;"app | songs | no | update | use"
1972;"The best music streaming service ever but for some reason my albums are permanently empty despite restarting and reinstalling. Fix please.";1;"female";"Sydney, Australia";"2013-01-31";"negativo";"the best music streaming service ever but for some reason my albums are permanently empty despite restarting and reinstalling fix please";1;"music | why | app | good | fix"
1995;"This app wants more and more upgrades because when I search a song it can't show Specific song that I want . Please upgrade more and more";1;"female";"Port Moresby, Papua New Guinea";"2012-10-20";"negativo";"this app wants more and more upgrades because when i search a song it can t show specific song that i want please upgrade more and more";3;"app | songs | no | update | use"
2013;"It won't let me lig in ti my account and it has all the songs I mad3 and I can't even make a new on it just atomic logs me in to the wrong account";1;"female";"Nadi, Fiji";"2013-01-19";"negativo";"it won t let me lig in ti my account and it has all the songs i mad and i can t even make a new on it just atomic logs me in to the wrong account";3;"app | songs | no | update | use"
2016;"App keep randomly crashing";1;"female";"Auckland, New Zealand";"2013-01-05";"negativo";"app keep randomly crashing";3;"app | songs | no | update | use"
2024;"Man SoundCloud used to be good after the update happened on my phone now the story like feed is gone and I can no longer find any songs or repost from the artist I listen to absolute trash please revert back to the last update";1;"female";"Perth, Australia";"2013-01-24";"negativo";"man soundcloud used to be good after the update happened on my phone now the story like feed is gone and i can no longer find any songs or repost from the artist i listen to absolute trash please revert back to the last update";3;"app | songs | no | update | use"
2033;"Company Treats Artists Like Garbage.";1;"female";"Hobart, Australia";"2012-11-17";"negativo";"company treats artists like garbage";3;"app | songs | no | update | use"
2039;"I love soundcloud but the app keeps crashing every single time i go search for music or load anything other then my own profile please fix this soundcloud the app is almost unusable since months now";1;"female";"Adelaide, Australia";"2013-01-02";"negativo";"i love soundcloud but the app keeps crashing every single time i go search for music or load anything other then my own profile please fix this soundcloud the app is almost unusable since months now";1;"music | why | app | good | fix"
2041;"What the f did you do not to let me change the theme???? Worst update";1;"female";"Perth, Australia";"2012-12-17";"negativo";"what the f did you do not to let me change the theme worst update";3;"app | songs | no | update | use"
2063;"The new app is absolutely dreadful. All it does is crash, its keeps missing sections of songs/mixes for no reason at all. The feed section is unusable. You use to be able to scroll through artists easily and see what they gave reposted, now you have to scroll through every person you follow starting from the beginning everytime, then when you scroll all it does is lag, freeze then exit the app. Please bring the feed/repost section back to the TOP of the app. Totally unusable and dreadful.";1;"female";"Nadi, Fiji";"2013-01-28";"negativo";"the new app is absolutely dreadful all it does is crash its keeps missing sections of songs mixes for no reason at all the feed section is unusable you use to be able to scroll through artists easily and see what they gave reposted now you have to scroll through every person you follow starting from the beginning everytime then when you scroll all it does is lag freeze then exit the app please bring the feed repost section back to the top of the app totally unusable and dreadful";3;"app | songs | no | update | use"
2066;"abysmal, inserting ads when i listen to my own tracks";1;"female";"Perth, Australia";"2012-11-13";"negativo";"abysmal inserting ads when i listen to my own tracks";2;"tracks | audio | while | quality | between"
2119;"I just got a new phone and I have a problem every single time when I go on soundcloud it acts normal but then when I go on the app again it says no internet connection when I clearly have internet that's not much of a problem for me because I just have to uninstall and install the app again over and over but now there's another problem and when I try to sign in into my SoundCloud it does not work and it says cannot sign in please try again later I tried clearing the data I tried uninstalling0/10";1;"female";"Canberra, Australia";"2013-01-09";"negativo";"i just got a new phone and i have a problem every single time when i go on soundcloud it acts normal but then when i go on the app again it says no internet connection when i clearly have internet that s not much of a problem for me because i just have to uninstall and install the app again over and over but now there s another problem and when i try to sign in into my soundcloud it does not work and it says cannot sign in please try again later i tried clearing the data i tried uninstalling";3;"app | songs | no | update | use"
2123;"Stupid app Most songs are not available and impossible to download";1;"female";"Nadi, Fiji";"2012-12-23";"negativo";"stupid app most songs are not available and impossible to download";3;"app | songs | no | update | use"
2127;"I can't update to the newest version for no reason";1;"female";"Perth, Australia";"2012-09-26";"negativo";"i can t update to the newest version for no reason";3;"app | songs | no | update | use"
2139;"*UPDATE* months have gone by, multiple emails have been sent, no response was received. Im canceling my paid subscription and SWITCHING TO SPOTIFY!! I don't understand how this app has such a high rating when it sucks so bad. Constantly stopping and crashing. It's quite annoying 🙄 The playlists I created for offline listening no longer update when i add new songs. Ive reached out for tech support multiple times and still waiting for a response.";1;"female";"Queenstown, New Zealand";"2012-09-04";"negativo";"update months have gone by multiple emails have been sent no response was received im canceling my paid subscription and switching to spotify i don t understand how this app has such a high rating when it sucks so bad constantly stopping and crashing it s quite annoying the playlists i created for offline listening no longer update when i add new songs ive reached out for tech support multiple times and still waiting for a response";3;"app | songs | no | update | use"
2141;"Just tried this app and it is not working";1;"female";"Queenstown, New Zealand";"2012-10-21";"negativo";"just tried this app and it is not working";3;"app | songs | no | update | use"
2146;"Mir wird seit beginn der zahlung einen tag früher geld vom konto abgezogen, also bezahle ich kein monatsabo, sondern ein monat-1 abo? Der support antwortet mir seit einer woche nicht, ich musste mein abo jetzt kündigen";1;"female";"Sydney, Australia";"2012-12-06";"negativo";"mir wird seit beginn der zahlung einen tag früher geld vom konto abgezogen also bezahle ich kein monatsabo sondern ein monat abo der support antwortet mir seit einer woche nicht ich musste mein abo jetzt kündigen";0;"ads | many | support | much | one"
2150;"Won't let me log into app";1;"female";"Wellington, New Zealand";"2012-11-21";"negativo";"won t let me log into app";3;"app | songs | no | update | use"
2161;"Kwakhona Qwesha";1;"female";"Wellington, New Zealand";"2012-11-13";"negativo";"kwakhona qwesha";3;"app | songs | no | update | use"
2169;"Still can't log in. Worthless";1;"female";"Christchurch, New Zealand";"2013-01-31";"negativo";"still can t log in worthless";3;"app | songs | no | update | use"
2170;"So the RSS feed is operational again but I dont get most of my playlists back?! Big time upset ): Yall don't understand the time I spent making my playlists 😭 Whats worse is I pay monthly and I wanted to upgrade to the next tier but now I'm questioning it. This isn't how you treat paying customers! I literally have playlists that show zero songs now on them 😡";1;"female";"Nadi, Fiji";"2012-08-25";"negativo";"so the rss feed is operational again but i dont get most of my playlists back big time upset yall don t understand the time i spent making my playlists whats worse is i pay monthly and i wanted to upgrade to the next tier but now i m questioning it this isn t how you treat paying customers i literally have playlists that show zero songs now on them";3;"app | songs | no | update | use"
2192;"It won't let me log in or sign up";1;"female";"Hobart, Australia";"2013-01-06";"negativo";"it won t let me log in or sign up";3;"app | songs | no | update | use"
2199;"it does not install fast I think it's not functioning";1;"female";"Sydney, Australia";"2012-09-22";"negativo";"it does not install fast i think it s not functioning";3;"app | songs | no | update | use"
2212;"why can't I download the music";1;"female";"Adelaide, Australia";"2012-12-02";"negativo";"why can t i download the music";1;"music | why | app | good | fix"
2222;"Hopeless. Music constantly pauses or stops on any connection. Waste of time.";1;"female";"Hobart, Australia";"2012-11-13";"negativo";"hopeless music constantly pauses or stops on any connection waste of time";1;"music | why | app | good | fix"
2227;"Everyone cannot afford to pay for the music on their phone (not saying I am one of those people).";1;"female";"Nadi, Fiji";"2012-08-22";"negativo";"everyone cannot afford to pay for the music on their phone not saying i am one of those people";1;"music | why | app | good | fix"
2229;"Paid plan and yet doesn't let me play off wifi. so stupid.";1;"female";"Sydney, Australia";"2013-01-11";"negativo";"paid plan and yet doesn t let me play off wifi so stupid";3;"app | songs | no | update | use"
2233;"All latest korean drama ost it shows not available in your country Please add songs";1;"female";"Canberra, Australia";"2012-10-25";"negativo";"all latest korean drama ost it shows not available in your country please add songs";3;"app | songs | no | update | use"
2236;"gud";1;"female";"Adelaide, Australia";"2013-01-15";"negativo";"gud";3;"app | songs | no | update | use"
2244;"I'm so sick of the abundance of 30 second ads. I'm not paying for Premium. Even free YouTube has shorter form ads and skippable options.";1;"female";"Melbourne, Australia";"2013-02-24";"negativo";"i m so sick of the abundance of second ads i m not paying for premium even free youtube has shorter form ads and skippable options";0;"ads | many | support | much | one"
2317;"Complete and total non-sense, the app and its updates are for fools! I mean if you like other apps that share music that you ""lawl overall"" oh,oh my bad.. really whoever made this app give him a wave goodbye :)";2;"female";"Perth, Australia";"2015-11-21";"negativo";"complete and total non sense the app and its updates are for fools i mean if you like other apps that share music that you lawl overall oh oh my bad really whoever made this app give him a wave goodbye";1;"music | why | app | good | fix"
2340;"It constantly doesn't allow my songs to play even if I make them offline. As well as now, it doesn't play any song.";2;"female";"Queenstown, New Zealand";"2016-03-25";"negativo";"it constantly doesn t allow my songs to play even if i make them offline as well as now it doesn t play any song";3;"app | songs | no | update | use"
2342;"Had to reset my password then "" inactive account protection"" made me reset it again. Pointless and annoying";2;"female";"Auckland, New Zealand";"2016-05-04";"negativo";"had to reset my password then inactive account protection made me reset it again pointless and annoying";3;"app | songs | no | update | use"
2344;"Every update the search function becomes more and more broken. Now it barely functions before crashing the app.";2;"female";"Hobart, Australia";"2015-11-11";"negativo";"every update the search function becomes more and more broken now it barely functions before crashing the app";3;"app | songs | no | update | use"
2347;"Soundclouds problem is when you can find a song they make it ""Not available in your country"" and when they do an update they make all of your offline listening music (that you pay for a subscription) undownloaded so you have to go through an redownload ALL of your downloads again. For me i got 1500+ songs so it takes about 10 hrs to download all over again.";2;"female";"Suva, Fiji";"2015-12-06";"negativo";"soundclouds problem is when you can find a song they make it not available in your country and when they do an update they make all of your offline listening music that you pay for a subscription undownloaded so you have to go through an redownload all of your downloads again for me i got songs so it takes about hrs to download all over again";3;"app | songs | no | update | use"
2353;"Excessive and long advertising 👎🏻";2;"female";"Suva, Fiji";"2016-01-29";"negativo";"excessive and long advertising";3;"app | songs | no | update | use"
2358;"The ads are extremely aggressive, sooo much louder than the music, it's awful disturbing! Fu";2;"female";"Auckland, New Zealand";"2016-01-26";"negativo";"the ads are extremely aggressive sooo much louder than the music it s awful disturbing fu";0;"ads | many | support | much | one"
2359;"soundcloud itself is good but the app is terrible.... the home page just keeps getting more cluttered and unusable....";2;"female";"Port Moresby, Papua New Guinea";"2015-11-17";"negativo";"soundcloud itself is good but the app is terrible the home page just keeps getting more cluttered and unusable";3;"app | songs | no | update | use"
2370;"For some reason my screen is black out whenever I use the app now and I have no idea how to brighten it";2;"female";"Hobart, Australia";"2015-11-18";"negativo";"for some reason my screen is black out whenever i use the app now and i have no idea how to brighten it";3;"app | songs | no | update | use"
2379;"I don't know why but my app has suddenly stopped working, media won't load and music won't play. I tried reinstalling the app and clearing the cache but when I try signing into my account it just leaves to a white screen, same as making a new account. Before I had these issues, the app was great. Will rate higher once issue is fixed.";2;"female";"Hobart, Australia";"2016-01-27";"negativo";"i don t know why but my app has suddenly stopped working media won t load and music won t play i tried reinstalling the app and clearing the cache but when i try signing into my account it just leaves to a white screen same as making a new account before i had these issues the app was great will rate higher once issue is fixed";1;"music | why | app | good | fix"
2380;"Yeah... no. I remember having this app a looooong time ago, and I recently came back. What's wrong with the ads, and why are they THERE?! Well, it's sad what happened, but I guess it's all about money these days. I wouldn't even be surprised if they turn into Spotify in 2 years.";2;"female";"Perth, Australia";"2016-04-27";"negativo";"yeah no i remember having this app a looooong time ago and i recently came back what s wrong with the ads and why are they there well it s sad what happened but i guess it s all about money these days i wouldn t even be surprised if they turn into spotify in years";1;"music | why | app | good | fix"
2385;"redice1 Nigeria Singer";2;"female";"Suva, Fiji";"2015-11-26";"negativo";"redice nigeria singer";3;"app | songs | no | update | use"
2393;"i wanted to listen to a song bet I have to pay and it is my favorite song! I don't know why I have to pay?";2;"female";"Christchurch, New Zealand";"2015-12-12";"negativo";"i wanted to listen to a song bet i have to pay and it is my favorite song i don t know why i have to pay";1;"music | why | app | good | fix"
2396;"The app still works OK but soundcloud as a whole is not standing up to its usual standards, there seems to be very little way of contacting any team they might have working and the AI chat on the pc version is almost pointless, another company being destroyed by thinking a computer can do better than a human, I asked for help a week ago and my issue is still not resolved and this is with soundcloud Pro. If I'm unable to distribute music what's the point? Thinking about changing up soon you know.";2;"female";"Queenstown, New Zealand";"2015-12-08";"negativo";"the app still works ok but soundcloud as a whole is not standing up to its usual standards there seems to be very little way of contacting any team they might have working and the ai chat on the pc version is almost pointless another company being destroyed by thinking a computer can do better than a human i asked for help a week ago and my issue is still not resolved and this is with soundcloud pro if i m unable to distribute music what s the point thinking about changing up soon you know";1;"music | why | app | good | fix"
2403;"i wish not too many ads and wish there are more music of original artists instead of just cover of the songs and wish easy to load the app from old account to sync to new acct lost my fave songs";2;"female";"Hobart, Australia";"2016-02-25";"negativo";"i wish not too many ads and wish there are more music of original artists instead of just cover of the songs and wish easy to load the app from old account to sync to new acct lost my fave songs";0;"ads | many | support | much | one"
2406;"Out of hand, it keeps stopping my song everything I open a different app and I have to go reopen it.";2;"female";"Sydney, Australia";"2016-04-05";"negativo";"out of hand it keeps stopping my song everything i open a different app and i have to go reopen it";3;"app | songs | no | update | use"
2409;"Awful Lost everything due to the damn update. 😪";2;"female";"Nadi, Fiji";"2015-12-07";"negativo";"awful lost everything due to the damn update";3;"app | songs | no | update | use"
2426;"so many songs with different singers than the genuine owner";2;"female";"Sydney, Australia";"2015-11-28";"negativo";"so many songs with different singers than the genuine owner";3;"app | songs | no | update | use"
2453;"worst interface ever";2;"female";"Port Moresby, Papua New Guinea";"2016-04-08";"negativo";"worst interface ever";3;"app | songs | no | update | use"
2472;"The only ads i get is some random schmuck telling me how annoying soundcloud ads are & how much better premium is. Ive maybe had 10 actual ads in the last year. Im not paying for a worse youtube premium, or a worse Spotify premium.";2;"female";"Nadi, Fiji";"2015-11-29";"negativo";"the only ads i get is some random schmuck telling me how annoying soundcloud ads are how much better premium is ive maybe had actual ads in the last year im not paying for a worse youtube premium or a worse spotify premium";0;"ads | many | support | much | one"
2476;"doesnt support my phone (2star bc i cant use apk has to be recent)😭";2;"female";"Queenstown, New Zealand";"2015-11-12";"negativo";"doesnt support my phone star bc i cant use apk has to be recent";3;"app | songs | no | update | use"
2477;"you can get loads of songs but if you somt have premium your getting an ad nearly every second song";2;"female";"Brisbane, Australia";"2016-03-24";"negativo";"you can get loads of songs but if you somt have premium your getting an ad nearly every second song";3;"app | songs | no | update | use"
2479;"Great music platform that I often don't go without using, but often they'll have bugs or ""features"" that ruin the experience or make it frustrating like how recently in the next up menu it'll often skip the song you click and go to the one after which has been ruining my experience and making it increasingly more frustrating";2;"female";"Suva, Fiji";"2015-11-30";"negativo";"great music platform that i often don t go without using but often they ll have bugs or features that ruin the experience or make it frustrating like how recently in the next up menu it ll often skip the song you click and go to the one after which has been ruining my experience and making it increasingly more frustrating";1;"music | why | app | good | fix"
2489;"SoundCloud used to be a good music app. Unfortunately, the advertisement running time played after every song is stealing from that good experience.";2;"female";"Auckland, New Zealand";"2016-04-18";"negativo";"soundcloud used to be a good music app unfortunately the advertisement running time played after every song is stealing from that good experience";1;"music | why | app | good | fix"
2496;"Several ads after every song, kind of wish there were more songs than ads. Only good for niche songs.";2;"female";"Nadi, Fiji";"2016-01-13";"negativo";"several ads after every song kind of wish there were more songs than ads only good for niche songs";0;"ads | many | support | much | one"
2499;"Fatiha Gillani . Sanawish Gilani . Zara Gillani . I have 3 sister. I have 2 brothes. I have 2 brothes I have 3 sister. OK😉🤗🤗🤗🤗😇😇😇😇";2;"female";"Sydney, Australia";"2016-02-14";"negativo";"fatiha gillani sanawish gilani zara gillani i have sister i have brothes i have brothes i have sister ok";3;"app | songs | no | update | use"
2506;"I love that I can upload my music. But if you don't have pro, and you just log on to upload or edit your music on your phone, there is an ad still waiting for when you were listening to music a week ago, waiting to finish being played. It wants you to know it was there. Still fiending, wanting to be heard.";2;"female";"Canberra, Australia";"2015-11-19";"negativo";"i love that i can upload my music but if you don t have pro and you just log on to upload or edit your music on your phone there is an ad still waiting for when you were listening to music a week ago waiting to finish being played it wants you to know it was there still fiending wanting to be heard";1;"music | why | app | good | fix"
2532;"1 day I got on SoundCloud and it said it signed me out like it. Forced me to sign out and when I resigned in all my playlists, everything was gone. I've been using this app for over 7 years. Everything is gone huge disappointment every new update is destroying it. It's terrible now. I'm really hurt by it.";2;"female";"Melbourne, Australia";"2015-10-23";"negativo";"day i got on soundcloud and it said it signed me out like it forced me to sign out and when i resigned in all my playlists everything was gone i ve been using this app for over years everything is gone huge disappointment every new update is destroying it it s terrible now i m really hurt by it";3;"app | songs | no | update | use"
2549;"It always buggs every random time pls fix this";2;"female";"Suva, Fiji";"2016-02-07";"negativo";"it always buggs every random time pls fix this";3;"app | songs | no | update | use"
2558;"The app constantly crashes, I thought it might had been my old phone so when I upgraded to the phone on the market it crashes 10x more now. I pay for a subscription, I have emailed them several several times about this issue and they ignore my emails I have been with them for years because I didn't like the other music apps but now I might have to switch to another one app and go threw years of music to recreat my play lists I have over 70 Playlist full.";2;"female";"Suva, Fiji";"2015-12-08";"negativo";"the app constantly crashes i thought it might had been my old phone so when i upgraded to the phone on the market it crashes x more now i pay for a subscription i have emailed them several several times about this issue and they ignore my emails i have been with them for years because i didn t like the other music apps but now i might have to switch to another one app and go threw years of music to recreat my play lists i have over playlist full";1;"music | why | app | good | fix"
2569;"The app keeps stopping songs by itself, it's very annoying.";2;"female";"Gold Coast, Australia";"2016-01-24";"negativo";"the app keeps stopping songs by itself it s very annoying";3;"app | songs | no | update | use"
2574;"Came to this app for less ads but they have added more ads in the recent updates and the recent updates in my experience have made it less optimized to load when launching";2;"female";"Hobart, Australia";"2015-10-22";"negativo";"came to this app for less ads but they have added more ads in the recent updates and the recent updates in my experience have made it less optimized to load when launching";0;"ads | many | support | much | one"
2577;"Good app, But Bhojpuri songs aren't available 👀";2;"female";"Adelaide, Australia";"2015-11-17";"negativo";"good app but bhojpuri songs aren t available";3;"app | songs | no | update | use"
2595;"why did you remove the stories option? that was my main source of new tracks, listening what the artists i follow repost or their new tracks in an unobligated way, the worst update ever ps. i know i can get them from feed, but it's not easily available and convenient, such a downgrade";2;"female";"Perth, Australia";"2016-04-18";"negativo";"why did you remove the stories option that was my main source of new tracks listening what the artists i follow repost or their new tracks in an unobligated way the worst update ever ps i know i can get them from feed but it s not easily available and convenient such a downgrade";2;"tracks | audio | while | quality | between"
2602;"Keeps crashing or suddenly closing while listening to music, tried deleting cache, force stop, and even deleted storage but nothing";2;"female";"Wellington, New Zealand";"2016-02-13";"negativo";"keeps crashing or suddenly closing while listening to music tried deleting cache force stop and even deleted storage but nothing";2;"tracks | audio | while | quality | between"
2611;"it's better but you to pay alot of money to work with these app";2;"female";"Gold Coast, Australia";"2015-12-08";"negativo";"it s better but you to pay alot of money to work with these app";3;"app | songs | no | update | use"
2625;"The app is not opening";2;"female";"Sydney, Australia";"2015-10-24";"negativo";"the app is not opening";3;"app | songs | no | update | use"
2627;"I love SoundCloud but ever since the new interface has implemented, my app crashes on the slightest interactions. Can't even scroll through my reposts without it completely having a mental breakdown.";2;"female";"Wellington, New Zealand";"2016-04-05";"negativo";"i love soundcloud but ever since the new interface has implemented my app crashes on the slightest interactions can t even scroll through my reposts without it completely having a mental breakdown";3;"app | songs | no | update | use"
2628;"I used to be able to listen to my own uploaded tracks for free without ads. Not anymore. The latest update kinda killed the app for me.";2;"female";"Sydney, Australia";"2016-02-03";"negativo";"i used to be able to listen to my own uploaded tracks for free without ads not anymore the latest update kinda killed the app for me";2;"tracks | audio | while | quality | between"
2633;"artist pro features don't work in the app";2;"female";"Christchurch, New Zealand";"2016-03-27";"negativo";"artist pro features don t work in the app";3;"app | songs | no | update | use"
2637;"new update wont let me listen to certain songs but its like randomized some songs will work while others wont";2;"female";"Melbourne, Australia";"2016-05-12";"negativo";"new update wont let me listen to certain songs but its like randomized some songs will work while others wont";2;"tracks | audio | while | quality | between"
2651;"With the latest update, SoundCloud is now tagged as an app that cannot be operated while driving, only when the car is stopped. Please fix asap!";2;"female";"Port Moresby, Papua New Guinea";"2016-05-09";"negativo";"with the latest update soundcloud is now tagged as an app that cannot be operated while driving only when the car is stopped please fix asap";2;"tracks | audio | while | quality | between"
2652;"I love SoundCloud on Desktop but ever since all the new UI updates on mobile, I can't listen to music or search any artists I like because the app just constantly crashes, please fix it, it's unusable";2;"female";"Gold Coast, Australia";"2015-12-01";"negativo";"i love soundcloud on desktop but ever since all the new ui updates on mobile i can t listen to music or search any artists i like because the app just constantly crashes please fix it it s unusable";1;"music | why | app | good | fix"
2664;"Its my fav music app but the play pause skip or return buttons arent visible in the notifications please fix! :(";2;"female";"Sydney, Australia";"2015-11-07";"negativo";"its my fav music app but the play pause skip or return buttons arent visible in the notifications please fix";1;"music | why | app | good | fix"
2686;"it's cool they dont have all the artist I listen to";2;"female";"Hobart, Australia";"2016-04-04";"negativo";"it s cool they dont have all the artist i listen to";3;"app | songs | no | update | use"
2718;"terrible algorithm the recommended songs are never anything like my choice music and it always pushes me into rap music or cheesy rave music 🎶 I pay for premium too ... and now multiple songs for the past week completely freeze the app and I'm constantly having to reboot it even though it's fully updated ...no way to contact anyone for help either.. bit bad for nearly £180 per year over $200 dollars.. will I get days back extra for all the times I don't get music .. ?";2;"female";"Canberra, Australia";"2015-12-23";"negativo";"terrible algorithm the recommended songs are never anything like my choice music and it always pushes me into rap music or cheesy rave music i pay for premium too and now multiple songs for the past week completely freeze the app and i m constantly having to reboot it even though it s fully updated no way to contact anyone for help either bit bad for nearly per year over dollars will i get days back extra for all the times i don t get music";1;"music | why | app | good | fix"
2721;"the app keeps closing out and crashing every song. other the that its ok";2;"female";"Auckland, New Zealand";"2016-03-20";"negativo";"the app keeps closing out and crashing every song other the that its ok";3;"app | songs | no | update | use"
2751;"I'm hoping this edit will be seen by the person who replied... I did not directly request to be a beta tester, you guys offered it through a support token due to an issue I was having, I didn't know I would be stuck on it permanently. I've requested many times to be taken off it. I have opted out through playstore but even after a re-install, the app automatically goes straight back into Beta. I've emailed you guys, please reply.";2;"female";"Perth, Australia";"2016-01-16";"negativo";"i m hoping this edit will be seen by the person who replied i did not directly request to be a beta tester you guys offered it through a support token due to an issue i was having i didn t know i would be stuck on it permanently i ve requested many times to be taken off it i have opted out through playstore but even after a re install the app automatically goes straight back into beta i ve emailed you guys please reply";0;"ads | many | support | much | one"
2760;"Too many ads, I get like two every couple of songs and they pretty often are very loud and jarring or have sounds that are gross which I can't stand. I wouldn't mind as much if there were a 'not interested in this ad' type of feature so I can stop hearing ads that are extremely triggering to my sensory issues. ALSO my reviews keep getting taken down! I've submitted two at least, and both got removed, I don't understand why. Let me share my opinion.";2;"female";"Sydney, Australia";"2015-10-22";"negativo";"too many ads i get like two every couple of songs and they pretty often are very loud and jarring or have sounds that are gross which i can t stand i wouldn t mind as much if there were a not interested in this ad type of feature so i can stop hearing ads that are extremely triggering to my sensory issues also my reviews keep getting taken down i ve submitted two at least and both got removed i don t understand why let me share my opinion";0;"ads | many | support | much | one"
2773;"A year I've been putting up with random start ups, despite forcing your app to stop. It restarts and starts playing. Today was the last straw in the middle of a meeting. Garbage. Shame cos there is some good content on there.";2;"female";"Sydney, Australia";"2015-12-30";"negativo";"a year i ve been putting up with random start ups despite forcing your app to stop it restarts and starts playing today was the last straw in the middle of a meeting garbage shame cos there is some good content on there";1;"music | why | app | good | fix"
2777;"can't even purchase ad free music cause of some app error I'm able to use my card and made sure my info was correct and the purchase is still showing an error";2;"female";"Nadi, Fiji";"2016-01-28";"negativo";"can t even purchase ad free music cause of some app error i m able to use my card and made sure my info was correct and the purchase is still showing an error";1;"music | why | app | good | fix"
2793;"New update causes a cut every minute or two. Not sure if it's to load adds or what but it interups most songs. Happening to my device and friends also.";2;"female";"Auckland, New Zealand";"2016-05-09";"negativo";"new update causes a cut every minute or two not sure if it s to load adds or what but it interups most songs happening to my device and friends also";3;"app | songs | no | update | use"
2799;"Apps been running like absolute garbage for months now. Crashes all the time. Pretends it can't load when YouTube and such loads just fine. Unrealistically irritating tbh. About to go back to Spotify 👎";2;"female";"Sydney, Australia";"2015-11-10";"negativo";"apps been running like absolute garbage for months now crashes all the time pretends it can t load when youtube and such loads just fine unrealistically irritating tbh about to go back to spotify";3;"app | songs | no | update | use"
2809;"Songs not available";2;"female";"Christchurch, New Zealand";"2016-02-02";"negativo";"songs not available";3;"app | songs | no | update | use"
2814;"Never heard of it";2;"female";"Auckland, New Zealand";"2016-01-17";"negativo";"never heard of it";3;"app | songs | no | update | use"
2827;"there's a random pause in the music why??????";2;"female";"Hobart, Australia";"2016-01-14";"negativo";"there s a random pause in the music why";1;"music | why | app | good | fix"
2844;"Good";2;"female";"Christchurch, New Zealand";"2016-03-27";"negativo";"good";3;"app | songs | no | update | use"
2845;"some songs not in this app";2;"female";"Hobart, Australia";"2016-05-06";"negativo";"some songs not in this app";3;"app | songs | no | update | use"
2860;"Nice";2;"female";"Hobart, Australia";"2015-11-01";"negativo";"nice";3;"app | songs | no | update | use"
2863;"still better than youtube music without premium. Has developed a bug recently where it will cycle thru songs incredibly quickly when it is running in the background but not playing music for some reason? Not sure if it is healthy for my phone to be processing that much stuff happening for no reason.";2;"female";"Port Moresby, Papua New Guinea";"2015-10-28";"negativo";"still better than youtube music without premium has developed a bug recently where it will cycle thru songs incredibly quickly when it is running in the background but not playing music for some reason not sure if it is healthy for my phone to be processing that much stuff happening for no reason";1;"music | why | app | good | fix"
2874;"2nd song in, played a 30 second ad.. uninstalled immediately";2;"female";"Port Moresby, Papua New Guinea";"2016-01-19";"negativo";"nd song in played a second ad uninstalled immediately";3;"app | songs | no | update | use"
2876;"Voice stopped why ?!!!?";2;"female";"Gold Coast, Australia";"2016-04-21";"negativo";"voice stopped why";1;"music | why | app | good | fix"
2885;"The worst thing about the mobile SoundCloud app is the lack of a shuffle button when listening to songs in your likes. The sorting options are also terrible. With over 5000 liked songs, it’s impractical to create a single playlist just to get the shuffle option for the “now playing” track. An option to automatically sort songs into designated playlists by genre or similar sound would greatly improve navigation and make finding songs easier, especially with thousands of liked tracks.";2;"female";"Christchurch, New Zealand";"2016-05-02";"negativo";"the worst thing about the mobile soundcloud app is the lack of a shuffle button when listening to songs in your likes the sorting options are also terrible with over liked songs it s impractical to create a single playlist just to get the shuffle option for the now playing track an option to automatically sort songs into designated playlists by genre or similar sound would greatly improve navigation and make finding songs easier especially with thousands of liked tracks";3;"app | songs | no | update | use"
2894;"Have recently started putting more Ads for the Free Tier. Seems to be every other track. Now worse than Spotify and even Google. What a shame to ruin it. Advertising the bane of today's world. Can't recommend anymore ☹️";2;"female";"Port Moresby, Papua New Guinea";"2015-12-22";"negativo";"have recently started putting more ads for the free tier seems to be every other track now worse than spotify and even google what a shame to ruin it advertising the bane of today s world can t recommend anymore";0;"ads | many | support | much | one"
2932;"😆 oo Ooh o";2;"female";"Queenstown, New Zealand";"2016-01-09";"negativo";"oo ooh o";3;"app | songs | no | update | use"
2935;"used to be great app until the recent updates that makes this app to crash and also layout inside the app now is bad.. i cant even find who I follow.. cmon guys";2;"female";"Auckland, New Zealand";"2015-12-20";"negativo";"used to be great app until the recent updates that makes this app to crash and also layout inside the app now is bad i cant even find who i follow cmon guys";3;"app | songs | no | update | use"
2942;"please make gapless play through an option";2;"female";"Gold Coast, Australia";"2016-02-17";"negativo";"please make gapless play through an option";3;"app | songs | no | update | use"
2946;"Ive supported SC for over a decade and really want to love it but the bottom line is that the sound quality is terrible, the phone app is full of serious bugs, they are not innovative (usage statistics etc) and the support is non-existent. I have been dealing with the same major crashes and playlist organization issues for years and SC support never fixed them and for the past 6 months have ignored all service requests I submitted. As much as I want SC to succeed, they just dont care. Really sad";2;"female";"Hobart, Australia";"2015-11-06";"negativo";"ive supported sc for over a decade and really want to love it but the bottom line is that the sound quality is terrible the phone app is full of serious bugs they are not innovative usage statistics etc and the support is non existent i have been dealing with the same major crashes and playlist organization issues for years and sc support never fixed them and for the past months have ignored all service requests i submitted as much as i want sc to succeed they just dont care really sad";3;"app | songs | no | update | use"
2948;"Recent updates have kind of improved the usability, but still the app can't do the simple task of remembering where I was up to in the track I was listening to, which means every time I start play through the app it starts from the beginning of the track, which is useless for listening to mixes whilst driving around and making multiple stops. Support won't reply to my emails either. Please Soundcloud, it can't be that difficult surely?!";2;"female";"Nadi, Fiji";"2016-01-21";"negativo";"recent updates have kind of improved the usability but still the app can t do the simple task of remembering where i was up to in the track i was listening to which means every time i start play through the app it starts from the beginning of the track which is useless for listening to mixes whilst driving around and making multiple stops support won t reply to my emails either please soundcloud it can t be that difficult surely";3;"app | songs | no | update | use"
2956;"nice app";3;"female";"Hobart, Australia";"2019-04-24";"neutro";"nice app";-1;"neutro"
2961;"when I download this on TVit doesn't work to install only";3;"female";"Christchurch, New Zealand";"2019-02-12";"neutro";"when i download this on tvit doesn t work to install only";-1;"neutro"
2968;"I love SoundCloud as a whole, but the app sucks. If I don't turn my data off, I can't listen to my liked songs without streaming them. If the song is already on my phone, then why do I have to still stream it.";3;"female";"Melbourne, Australia";"2019-07-12";"neutro";"i love soundcloud as a whole but the app sucks if i don t turn my data off i can t listen to my liked songs without streaming them if the song is already on my phone then why do i have to still stream it";-1;"neutro"
3001;"turns off randomly";3;"female";"Sydney, Australia";"2019-01-12";"neutro";"turns off randomly";-1;"neutro"
3002;"best to listen";3;"female";"Wellington, New Zealand";"2019-02-23";"neutro";"best to listen";-1;"neutro"
3008;"does what it says";3;"female";"Queenstown, New Zealand";"2019-07-07";"neutro";"does what it says";-1;"neutro"
3039;"Kindly please add lyrics feature in the app rest of the things are good";3;"female";"Auckland, New Zealand";"2019-03-29";"neutro";"kindly please add lyrics feature in the app rest of the things are good";-1;"neutro"
3040;"Like ad-free experience (when mysic is not interrupted by a sudden ad), but TOO MUCH of the music is simply ""not available in my country"".";3;"female";"Nadi, Fiji";"2019-05-31";"neutro";"like ad free experience when mysic is not interrupted by a sudden ad but too much of the music is simply not available in my country";-1;"neutro"
3041;"I don't like the night mode please bring us the light mode.";3;"female";"Christchurch, New Zealand";"2019-01-29";"neutro";"i don t like the night mode please bring us the light mode";-1;"neutro"
3045;"good app";3;"female";"Perth, Australia";"2019-04-07";"neutro";"good app";-1;"neutro"
3047;"why does the sort button keep crashing the app💔";3;"female";"Christchurch, New Zealand";"2019-04-25";"neutro";"why does the sort button keep crashing the app";-1;"neutro"
3050;"The inly problem is I can't listen to music offline. Not even my Playlist 😔";3;"female";"Hobart, Australia";"2019-02-16";"neutro";"the inly problem is i can t listen to music offline not even my playlist";-1;"neutro"
3056;"peak, but make some of the tracks free man";3;"female";"Perth, Australia";"2019-03-24";"neutro";"peak but make some of the tracks free man";-1;"neutro"
3061;"why are there forced video ads on a music app? ads pause when you tab out or lock your phone???? other than that pretty damn good compared to dogwater competition. clean sharp and simple UI, none of that stupid ugly rounded modern UI everything else is doing nowadays. though, i'm not a fan of the new comment button, it's an ugly overlay over the song background.";3;"female";"Adelaide, Australia";"2019-07-03";"neutro";"why are there forced video ads on a music app ads pause when you tab out or lock your phone other than that pretty damn good compared to dogwater competition clean sharp and simple ui none of that stupid ugly rounded modern ui everything else is doing nowadays though i m not a fan of the new comment button it s an ugly overlay over the song background";-1;"neutro"
3075;"good, but they make some songs premium and that's rly annoying";3;"female";"Nadi, Fiji";"2019-07-13";"neutro";"good but they make some songs premium and that s rly annoying";-1;"neutro"
3079;"Do not update!";3;"female";"Canberra, Australia";"2019-01-20";"neutro";"do not update";-1;"neutro"
3088;"The way video advertisements are handled in the free version is literally painful, why can't the ad continue as audio in the background or in a smaller player while I continue rearranging my playlist. I understand SoundCloud has to make money, but does it really need to make the user experience so annoyingly bad in the process?";3;"female";"Melbourne, Australia";"2019-06-24";"neutro";"the way video advertisements are handled in the free version is literally painful why can t the ad continue as audio in the background or in a smaller player while i continue rearranging my playlist i understand soundcloud has to make money but does it really need to make the user experience so annoyingly bad in the process";-1;"neutro"
3093;"I used to use SoundCloud on a different account for years, but now the production of the app has gone down. One reason being THE APP CRASHINGGG- all I'm doing is searching a song or artist, shouldn't be that difficult to load. Another thing - I use this app with android auto a lot, one thing that still hasn't been added is a shuffle button on the android auto screen- please add that SoundCloud, I don't wanna be going on my phone to click shuffle every time, it's dangerous to use my phone driving";3;"female";"Adelaide, Australia";"2019-05-11";"neutro";"i used to use soundcloud on a different account for years but now the production of the app has gone down one reason being the app crashinggg all i m doing is searching a song or artist shouldn t be that difficult to load another thing i use this app with android auto a lot one thing that still hasn t been added is a shuffle button on the android auto screen please add that soundcloud i don t wanna be going on my phone to click shuffle every time it s dangerous to use my phone driving";-1;"neutro"
3104;"stop playing at times I have to reboot the app pretty annoying when you're at the gym and suddenly your music just shuts off";3;"female";"Gold Coast, Australia";"2019-07-20";"neutro";"stop playing at times i have to reboot the app pretty annoying when you re at the gym and suddenly your music just shuts off";-1;"neutro"
3109;"I love the app, but can you add a timer";3;"female";"Auckland, New Zealand";"2019-05-11";"neutro";"i love the app but can you add a timer";-1;"neutro"
3115;"I got a free trial that included saving or downloading songs to listen off line.....that never happened once during the trial frustrating the BS Outta me. I'm not gonna subscribe and pay for a feature that dupes you., in my case., the free trial is so u determine if it's worth paying for and owns up to the claims. VERY UNIMPRESSIED I downloaded and saved my playlist for offline play, but it never allowed me to listen to it as it claims, offline. I liked SC, sadly it let me down ☹️";3;"female";"Wellington, New Zealand";"2019-05-27";"neutro";"i got a free trial that included saving or downloading songs to listen off line that never happened once during the trial frustrating the bs outta me i m not gonna subscribe and pay for a feature that dupes you in my case the free trial is so u determine if it s worth paying for and owns up to the claims very unimpressied i downloaded and saved my playlist for offline play but it never allowed me to listen to it as it claims offline i liked sc sadly it let me down";-1;"neutro"
3123;"nice";3;"female";"Hobart, Australia";"2019-03-03";"neutro";"nice";-1;"neutro"
3125;"Good app for listening to music, and making playlists ect. It does everything I would expect from a music app, but after the recent update it's been clogged with ads, which can only go away for an expensive payment every month. I understand that ads are required for the app to get revenue, but 2 30-second-long ads to play a song is insane. If you don't mind the ads, it's a good app!";3;"female";"Port Moresby, Papua New Guinea";"2019-03-09";"neutro";"good app for listening to music and making playlists ect it does everything i would expect from a music app but after the recent update it s been clogged with ads which can only go away for an expensive payment every month i understand that ads are required for the app to get revenue but second long ads to play a song is insane if you don t mind the ads it s a good app";-1;"neutro"
3147;"okay i love this app but why tf did you guys get rid of the musical category options? I loved having my music broken down by genre and vibe it was so nice 😭😭😭";3;"female";"Port Moresby, Papua New Guinea";"2019-07-26";"neutro";"okay i love this app but why tf did you guys get rid of the musical category options i loved having my music broken down by genre and vibe it was so nice";-1;"neutro"
3153;"Can u add lyrics of the songs";3;"female";"Canberra, Australia";"2019-03-02";"neutro";"can u add lyrics of the songs";-1;"neutro"
3156;"I only have 1 complaint. that's if you are adding a comment on a song or replying to an email and you change your phones orientation mid typing. It removes everything you have typed, and you have to start again.. That gets very annoying.. Other than that, it's a very solid app..";3;"female";"Hobart, Australia";"2019-01-31";"neutro";"i only have complaint that s if you are adding a comment on a song or replying to an email and you change your phones orientation mid typing it removes everything you have typed and you have to start again that gets very annoying other than that it s a very solid app";-1;"neutro"
3162;"One of the best apps in android market in terms of design and user experience. Very intuitive player style. Great tracks. Amazing experience overall. A must have. Edit: It's not so good anymore. Whenever I open the app, it keeps asking me to update. The icon is blacked out, and I can't easily recognize it in my app drawer.";3;"female";"Christchurch, New Zealand";"2019-06-28";"neutro";"one of the best apps in android market in terms of design and user experience very intuitive player style great tracks amazing experience overall a must have edit it s not so good anymore whenever i open the app it keeps asking me to update the icon is blacked out and i can t easily recognize it in my app drawer";-1;"neutro"
3164;"dont have the option for download";3;"female";"Sydney, Australia";"2019-03-13";"neutro";"dont have the option for download";-1;"neutro"
3166;"Good app";3;"female";"Port Moresby, Papua New Guinea";"2019-03-08";"neutro";"good app";-1;"neutro"
3173;"Apps sometimes stop playing and why so frequent update? How to disable notifications on this";3;"female";"Sydney, Australia";"2019-01-15";"neutro";"apps sometimes stop playing and why so frequent update how to disable notifications on this";-1;"neutro"
3177;"i miss when we was seeing all of our insights without upgrading to pro.💔💔💔";3;"female";"Christchurch, New Zealand";"2019-03-10";"neutro";"i miss when we was seeing all of our insights without upgrading to pro";-1;"neutro"
3179;"Es totalmente molesto tener un comercial cada dos canciones q ademas no puedes skip it, is really anoying, pensando seriamente en pasarme a la competencia, lastima por q solia ser mjor antes, es como si te presionan por comprar la costasa version sin ads, no way Jose";3;"female";"Melbourne, Australia";"2019-02-04";"neutro";"es totalmente molesto tener un comercial cada dos canciones q ademas no puedes skip it is really anoying pensando seriamente en pasarme a la competencia lastima por q solia ser mjor antes es como si te presionan por comprar la costasa version sin ads no way jose";-1;"neutro"
3185;"I want twenty thousand a week";3;"female";"Nadi, Fiji";"2019-02-24";"neutro";"i want twenty thousand a week";-1;"neutro"
3190;"It's a pretty good app, I won't lie. But once you use it for 2 years, it's almost impossible, you get ads every other song, at least there is a skip button now but it's really rare. The free uploading amount has gotten 3x less then back in 2022, and I miss the old orange icon. Also they're moderation for comments and profiles is awful, whenever you go into the section there's a bunch of bots.";3;"female";"Hobart, Australia";"2019-05-05";"neutro";"it s a pretty good app i won t lie but once you use it for years it s almost impossible you get ads every other song at least there is a skip button now but it s really rare the free uploading amount has gotten x less then back in and i miss the old orange icon also they re moderation for comments and profiles is awful whenever you go into the section there s a bunch of bots";-1;"neutro"
3216;"Alright, this app may be great and all, but today, I got blocked out ""thinking I was a robot"" but I'm not, it says to sign in with a different email address, but I can't, since I don't have another one. Can the developer's fix this glitch? Because it keeps saying ""something went wrong please try again"" and I can't use my school account.. cause of lightspeed. Also it keeps saying, ""stop your adblocker"" I don't have one. . ....thaaannnkkss.... . .";3;"female";"Gold Coast, Australia";"2019-03-09";"neutro";"alright this app may be great and all but today i got blocked out thinking i was a robot but i m not it says to sign in with a different email address but i can t since i don t have another one can the developer s fix this glitch because it keeps saying something went wrong please try again and i can t use my school account cause of lightspeed also it keeps saying stop your adblocker i don t have one thaaannnkkss";-1;"neutro"
3230;"Still Learning how 2 Use.....👨‍🏫📱👨‍🏫🦀💯🦀👨‍🏫📱👨‍🏫";3;"female";"Sydney, Australia";"2019-01-30";"neutro";"still learning how use";-1;"neutro"
3246;"Good but to many adds unless u go premium";3;"female";"Suva, Fiji";"2019-01-29";"neutro";"good but to many adds unless u go premium";-1;"neutro"
3252;"Overall the app is good, like there's no ads unlike Spotify. But I can't download songs and listen offline, the reason I downloaded this is because it said it's free but actually it's not. But overall the app is good. But please make this free.";3;"female";"Sydney, Australia";"2019-03-06";"neutro";"overall the app is good like there s no ads unlike spotify but i can t download songs and listen offline the reason i downloaded this is because it said it s free but actually it s not but overall the app is good but please make this free";-1;"neutro"
3260;"To much ads that drive me crazy how many ads come up";3;"female";"Suva, Fiji";"2018-12-25";"neutro";"to much ads that drive me crazy how many ads come up";-1;"neutro"
3266;"Current Update broke the 'play next' feature. They changed it around and now when you try to listen to the song in 'next up' it just skips it and removes it from thr queue. Please fix.";3;"female";"Auckland, New Zealand";"2019-07-03";"neutro";"current update broke the play next feature they changed it around and now when you try to listen to the song in next up it just skips it and removes it from thr queue please fix";-1;"neutro"
3285;"Bugs bugs bugs!! 1) Reordering Playlists then playing in new order never works, 2) Add my track to my playlist doesn't allow searching my 100+ playlists... just doesn't work at all.";3;"female";"Adelaide, Australia";"2019-07-23";"neutro";"bugs bugs bugs reordering playlists then playing in new order never works add my track to my playlist doesn t allow searching my playlists just doesn t work at all";-1;"neutro"
3293;"Pressed notification to check new track and lost all my play ⏯️ queue 😡";3;"female";"Gold Coast, Australia";"2018-12-20";"neutro";"pressed notification to check new track and lost all my play queue";-1;"neutro"
3309;"I've been using this for the past like 10 years and as of recently there's been a bunch of bugs appearing out of nowhere. The one thats been ticking me off as of recently is that I cannot add a song ""up next"" since it just skips it and removes it like it was never added.";3;"female";"Nadi, Fiji";"2019-04-29";"neutro";"i ve been using this for the past like years and as of recently there s been a bunch of bugs appearing out of nowhere the one thats been ticking me off as of recently is that i cannot add a song up next since it just skips it and removes it like it was never added";-1;"neutro"
3310;"What is it with the black feed? The app was great when it had a bright theme. Now, it's only black and there is no option to switch it to the bright one!!!! This is blinding!!!!";3;"female";"Auckland, New Zealand";"2019-07-18";"neutro";"what is it with the black feed the app was great when it had a bright theme now it s only black and there is no option to switch it to the bright one this is blinding";-1;"neutro"
3322;"I can't hear Luther Vandross unless I pay for it 👎🏿";3;"female";"Port Moresby, Papua New Guinea";"2019-02-24";"neutro";"i can t hear luther vandross unless i pay for it";-1;"neutro"
3341;"most tracks are unplayable";3;"female";"Port Moresby, Papua New Guinea";"2019-07-07";"neutro";"most tracks are unplayable";-1;"neutro"
3352;"Took almost a year for them to get in touch with me mind you they close my account after taking over 100$ during that time and I was not using the app couldnt evan log in.";3;"female";"Nadi, Fiji";"2019-05-07";"neutro";"took almost a year for them to get in touch with me mind you they close my account after taking over during that time and i was not using the app couldnt evan log in";-1;"neutro"
3369;"Loyal user of the app, have been using it for years but all of a sudden in the last few months my app will just randomly stop and try loading. I have already checked the update of the app, my phone, deleted and reinstalled app, cleared my cache, and nothing seems to change. I have no issues with any other app, and have tried contacting sound cloud multiple times about this and still have not got an answer besides trying everything I have already. Starting to get frustrated.";3;"female";"Perth, Australia";"2018-12-19";"neutro";"loyal user of the app have been using it for years but all of a sudden in the last few months my app will just randomly stop and try loading i have already checked the update of the app my phone deleted and reinstalled app cleared my cache and nothing seems to change i have no issues with any other app and have tried contacting sound cloud multiple times about this and still have not got an answer besides trying everything i have already starting to get frustrated";-1;"neutro"
3371;"It's great buuuut- I was blocked on my new account when I was trying to transfer my old songs on my old account to my new account. Not cool SoundCloud";3;"female";"Wellington, New Zealand";"2019-02-26";"neutro";"it s great buuuut i was blocked on my new account when i was trying to transfer my old songs on my old account to my new account not cool soundcloud";-1;"neutro"
3379;"Use to love it, just not as cool when you gotta pay to create your own music off solo beats. They need unity, being kind should be free to all to help inspire other, unknown artists. Just sayin. Fair is fair to all, rich, broke, middle class...";3;"female";"Perth, Australia";"2019-04-01";"neutro";"use to love it just not as cool when you gotta pay to create your own music off solo beats they need unity being kind should be free to all to help inspire other unknown artists just sayin fair is fair to all rich broke middle class";-1;"neutro"
3380;"Music player crash continues, do something with the crashing! Honor Magic 4 Pro.";3;"female";"Sydney, Australia";"2019-03-19";"neutro";"music player crash continues do something with the crashing honor magic pro";-1;"neutro"
3397;"The more I use this app, pro version, the more I wish it interfaced differently in a lot of small ways, and had many options it doesn't. I like it because of it's selection of experimental music, but like the app and desktop online version less and less as time goes by.";3;"female";"Canberra, Australia";"2019-05-12";"neutro";"the more i use this app pro version the more i wish it interfaced differently in a lot of small ways and had many options it doesn t i like it because of it s selection of experimental music but like the app and desktop online version less and less as time goes by";-1;"neutro"
3414;"For the past two months on Samsung Galaxy s21 plus the app keeps crashing constantly when trying to navigate between pages. Most recent update has done nothing to fix this issue";3;"female";"Nadi, Fiji";"2019-06-22";"neutro";"for the past two months on samsung galaxy s plus the app keeps crashing constantly when trying to navigate between pages most recent update has done nothing to fix this issue";-1;"neutro"
3434;"it keeps glitching out all of my songs after I listen to them one time and to fix it I have to clear my cache after the song and it's so annoying like I just got the app it shouldn't do this";3;"female";"Suva, Fiji";"2019-01-27";"neutro";"it keeps glitching out all of my songs after i listen to them one time and to fix it i have to clear my cache after the song and it s so annoying like i just got the app it shouldn t do this";-1;"neutro"
3441;"I liked the old preview with that couple of seconds listening in much better";3;"female";"Brisbane, Australia";"2019-04-25";"neutro";"i liked the old preview with that couple of seconds listening in much better";-1;"neutro"
3468;"Good place to access free music although they sometimes don't have the selection YouTube might. My biggest issue is the buffering in every single song I put on... why? I have an S22+";3;"female";"Hobart, Australia";"2018-12-23";"neutro";"good place to access free music although they sometimes don t have the selection youtube might my biggest issue is the buffering in every single song i put on why i have an s";-1;"neutro"
3476;"It was great until I upgraded to Go+ now half the songs are taking longer to load and most go+ songs are not playing...";3;"female";"Port Moresby, Papua New Guinea";"2019-07-11";"neutro";"it was great until i upgraded to go now half the songs are taking longer to load and most go songs are not playing";-1;"neutro"
3488;"very good app but many songs aren't available";3;"female";"Nadi, Fiji";"2019-04-16";"neutro";"very good app but many songs aren t available";-1;"neutro"
3489;"it kicked me out of my account. when I was updating the app and reopened the app, it kicked me out of my account but kept it active, I can't sign back in since when I press ""I already have an account"" it takes me to the create an account screen, even when I sign in with Google or use my email it says it's still in use and I can't even delete the old account to get a new one. now the app just got an update so I hope it was just a bug, I really enjoy this app but I want to be able to sign back in";3;"female";"Christchurch, New Zealand";"2019-02-04";"neutro";"it kicked me out of my account when i was updating the app and reopened the app it kicked me out of my account but kept it active i can t sign back in since when i press i already have an account it takes me to the create an account screen even when i sign in with google or use my email it says it s still in use and i can t even delete the old account to get a new one now the app just got an update so i hope it was just a bug i really enjoy this app but i want to be able to sign back in";-1;"neutro"
3491;"It's good but won't let me play certain songs that we're playable 2 days ago. it's either a glitch or something else but it's not working that well";3;"female";"Port Moresby, Papua New Guinea";"2019-02-03";"neutro";"it s good but won t let me play certain songs that we re playable days ago it s either a glitch or something else but it s not working that well";-1;"neutro"
3498;"ads";3;"female";"Hobart, Australia";"2019-07-17";"neutro";"ads";-1;"neutro"
3510;"I've ran into a problem where some of the songs won't play even when I'm connected to wifi they still won't play";3;"female";"Brisbane, Australia";"2019-02-01";"neutro";"i ve ran into a problem where some of the songs won t play even when i m connected to wifi they still won t play";-1;"neutro"
3532;"hey SoundCloud plz let me listen the kind mix that like not what you that I might like,.";3;"female";"Canberra, Australia";"2019-02-14";"neutro";"hey soundcloud plz let me listen the kind mix that like not what you that i might like";-1;"neutro"
3538;"My main music source. Not a fan of Soundcloud Go restrictions or Ads. We all know Go and Ads aren't necessary for the Site or Artists to keep making plenty of money. A lot of us used the site long before the corporate take-over aswell. Greed is quite an annoying thing. The absolute worst is when songs that were completely free for months to years like Post Malone's rockstar have Go slapped on them and can no longer be listened to. That should not even be a thing. removing two stars";3;"female";"Auckland, New Zealand";"2019-04-20";"neutro";"my main music source not a fan of soundcloud go restrictions or ads we all know go and ads aren t necessary for the site or artists to keep making plenty of money a lot of us used the site long before the corporate take over aswell greed is quite an annoying thing the absolute worst is when songs that were completely free for months to years like post malone s rockstar have go slapped on them and can no longer be listened to that should not even be a thing removing two stars";-1;"neutro"
3549;"🕯️";3;"female";"Suva, Fiji";"2019-05-27";"neutro";"";-1;"neutro"
3559;"Be nice if Soundcloud would fix the bug that's causing songs to be started in the middle or near end.";3;"female";"Melbourne, Australia";"2019-06-13";"neutro";"be nice if soundcloud would fix the bug that s causing songs to be started in the middle or near end";-1;"neutro"
3563;"there is no download option";3;"female";"Christchurch, New Zealand";"2019-01-05";"neutro";"there is no download option";-1;"neutro"
3571;"cool";3;"female";"Sydney, Australia";"2018-12-14";"neutro";"cool";-1;"neutro"
3584;"many ads...";3;"female";"Hobart, Australia";"2019-04-30";"neutro";"many ads";-1;"neutro"
3594;"Adds r terrible idea";3;"female";"Auckland, New Zealand";"2019-06-25";"neutro";"adds r terrible idea";-1;"neutro"
3595;"I'm just getting started";3;"female";"Port Moresby, Papua New Guinea";"2019-03-31";"neutro";"i m just getting started";-1;"neutro"
3601;"It's wasssss way better than spotify but just recently they made it so it has adverts which just ruined it tbh it use to be the best but now its just the same as spotify only this one u can choose what song u want spotify u cant...... soory more than 3 stars i cant do used to be 5";3;"female";"Christchurch, New Zealand";"2019-02-27";"neutro";"it s wasssss way better than spotify but just recently they made it so it has adverts which just ruined it tbh it use to be the best but now its just the same as spotify only this one u can choose what song u want spotify u cant soory more than stars i cant do used to be";-1;"neutro"
3623;"I like it and I can upload my song after I rap In bandlab";3;"female";"Hobart, Australia";"2019-01-12";"neutro";"i like it and i can upload my song after i rap in bandlab";-1;"neutro"
3631;"I do not enjoy the play lists. I will not be moving beyond free period";3;"female";"Wellington, New Zealand";"2019-06-24";"neutro";"i do not enjoy the play lists i will not be moving beyond free period";-1;"neutro"
3632;"being able to choose my songs is great but the part where I need the premium pass to listen to my favorite song is bad";3;"female";"Auckland, New Zealand";"2019-03-19";"neutro";"being able to choose my songs is great but the part where i need the premium pass to listen to my favorite song is bad";-1;"neutro"
3635;"super";3;"female";"Suva, Fiji";"2019-05-30";"neutro";"super";-1;"neutro"
3640;"good app";3;"female";"Gold Coast, Australia";"2019-07-18";"neutro";"good app";-1;"neutro"
3642;"too many advertise";3;"female";"Adelaide, Australia";"2019-05-24";"neutro";"too many advertise";-1;"neutro"
3646;"it was great at first, it was ad free, playing any music I wanted without paying and get ads but now theres a new update and now I have to pay to not get any ads and I even have to pay to play some of the music or tracks? what even is that.. I miss when it was free and I wasnt getting 1 whole minute ads after 3-4 tracks/songs.";3;"female";"Gold Coast, Australia";"2019-02-16";"neutro";"it was great at first it was ad free playing any music i wanted without paying and get ads but now theres a new update and now i have to pay to not get any ads and i even have to pay to play some of the music or tracks what even is that i miss when it was free and i wasnt getting whole minute ads after tracks songs";-1;"neutro"
3651;"The website is an exceptional experience but the phone app has been a buggy mess since day one. Still one of the greatest places to see new music popping up, otherwise it wouldn't get the stars it has now. Please keep working on this, it hasn't been a full and complete product for a while.";3;"female";"Sydney, Australia";"2019-07-10";"neutro";"the website is an exceptional experience but the phone app has been a buggy mess since day one still one of the greatest places to see new music popping up otherwise it wouldn t get the stars it has now please keep working on this it hasn t been a full and complete product for a while";-1;"neutro"
3671;"Used this app since this music streaming website started. It keeps crashing on me, I don't want to give up hope on my better improvements they can make, but they gotta fix these freezes and the app crashing out on me. Still love SoundCloud though.";3;"female";"Wellington, New Zealand";"2019-03-18";"neutro";"used this app since this music streaming website started it keeps crashing on me i don t want to give up hope on my better improvements they can make but they gotta fix these freezes and the app crashing out on me still love soundcloud though";-1;"neutro"
3679;"The app is good, however there is no way to listen to original songs without it being ""Not available in your country"" if it's a popular artist, or band, i live somewhere asia, THERE'S NO WAY TO TURN OFF DARK MODE, i dislike dark mode, i have autism and i hate changes, and the fact that it changed freaks me the duck out, please make it changeable!!";3;"female";"Port Moresby, Papua New Guinea";"2019-07-28";"neutro";"the app is good however there is no way to listen to original songs without it being not available in your country if it s a popular artist or band i live somewhere asia there s no way to turn off dark mode i dislike dark mode i have autism and i hate changes and the fact that it changed freaks me the duck out please make it changeable";-1;"neutro"
3689;"to many ads";3;"female";"Sydney, Australia";"2019-06-20";"neutro";"to many ads";-1;"neutro"
3701;"👍";3;"female";"Canberra, Australia";"2019-04-13";"neutro";"";-1;"neutro"
3705;"Sorry but it just suddenly logged out on me. Saying that they had to sign me out for some reason. Currently, I'm trying to log back in but it tells me my Gmail is already in use, meanwhile I'm the only SoundCloud user on that Gmail, (idk if I'm getting my point across 🤧), it doesn't give me the option to forget my password , I've tried all means of recovering it but it seems like I'm stuck in one place.";3;"female";"Port Moresby, Papua New Guinea";"2019-03-31";"neutro";"sorry but it just suddenly logged out on me saying that they had to sign me out for some reason currently i m trying to log back in but it tells me my gmail is already in use meanwhile i m the only soundcloud user on that gmail idk if i m getting my point across it doesn t give me the option to forget my password i ve tried all means of recovering it but it seems like i m stuck in one place";-1;"neutro"
3716;"It's pretty good but it doesn't work offline tho";3;"female";"Perth, Australia";"2019-07-19";"neutro";"it s pretty good but it doesn t work offline tho";-1;"neutro"
3717;"dont need ads";3;"female";"Sydney, Australia";"2019-02-18";"neutro";"dont need ads";-1;"neutro"
3718;"good music player 👍";3;"female";"Canberra, Australia";"2019-01-01";"neutro";"good music player";-1;"neutro"
3733;"every time I change a song and listen to a different one, and come bäck to it or play another I've already listened to b4. it refuses to play ths song, at all";3;"female";"Auckland, New Zealand";"2019-01-16";"neutro";"every time i change a song and listen to a different one and come bäck to it or play another i ve already listened to b it refuses to play ths song at all";-1;"neutro"
3743;"Nice and fun when it wants to work. I listen to music every morning but ever since yesterday my playlist looks empty.. Where'd the music go?? I have no idea!!!";3;"female";"Gold Coast, Australia";"2019-01-30";"neutro";"nice and fun when it wants to work i listen to music every morning but ever since yesterday my playlist looks empty where d the music go i have no idea";-1;"neutro"
3755;"رائعة لكن أكره الإعلانات";3;"female";"Adelaide, Australia";"2019-01-28";"neutro";"رائعة لكن أكره الإعلانات";-1;"neutro"
3761;"Recently, one of my entire playlists kinda just became empty";3;"female";"Melbourne, Australia";"2019-03-25";"neutro";"recently one of my entire playlists kinda just became empty";-1;"neutro"
3781;"The app was alright until it decided to delete almost 99% of the songs in my playlist. I tried to add the songs back in but the app kept on deleting by itself when there were 5 songs in the playlist. Just happened now and I'm confused.";3;"female";"Canberra, Australia";"2019-03-15";"neutro";"the app was alright until it decided to delete almost of the songs in my playlist i tried to add the songs back in but the app kept on deleting by itself when there were songs in the playlist just happened now and i m confused";-1;"neutro"
3782;"Bad Ads";3;"female";"Auckland, New Zealand";"2019-02-16";"neutro";"bad ads";-1;"neutro"
3783;"good";3;"female";"Port Moresby, Papua New Guinea";"2019-01-28";"neutro";"good";-1;"neutro"
3784;"the home page isn't loading despite restarting my phone, clearing cache and uninstalling, and installing it again";3;"female";"Wellington, New Zealand";"2019-04-19";"neutro";"the home page isn t loading despite restarting my phone clearing cache and uninstalling and installing it again";-1;"neutro"
3791;"I'd rather this higher if it wasn't for whatever bug/downtime is happening right now because literally every song is just gone, I don't have my playlist and I can't listen to basically anything, everything if gone for my account and I don't know if it's happening for anyone else";3;"female";"Sydney, Australia";"2019-01-29";"neutro";"i d rather this higher if it wasn t for whatever bug downtime is happening right now because literally every song is just gone i don t have my playlist and i can t listen to basically anything everything if gone for my account and i don t know if it s happening for anyone else";-1;"neutro"
3797;"Good";3;"female";"Adelaide, Australia";"2019-07-26";"neutro";"good";-1;"neutro"
3798;"I would give 3 stars for sound quality as it is annoying when some songs are louder while others are quieter.";3;"female";"Brisbane, Australia";"2018-12-13";"neutro";"i would give stars for sound quality as it is annoying when some songs are louder while others are quieter";-1;"neutro"
3809;"Would give it 5stars... but The ad video is not aligned on my Surface duo perfectly. It was working great for 4years now I notice while listening to music the automatic scrolling play is too far to the right of my phone after the update!? I'm not going to pay $5.00 for removal of ads. I went to settings on SoundCloud but no layout configuration to resize or move automatic music scroll to the left center. Please fix 🤗";3;"female";"Brisbane, Australia";"2018-12-23";"neutro";"would give it stars but the ad video is not aligned on my surface duo perfectly it was working great for years now i notice while listening to music the automatic scrolling play is too far to the right of my phone after the update i m not going to pay for removal of ads i went to settings on soundcloud but no layout configuration to resize or move automatic music scroll to the left center please fix";-1;"neutro"
3810;"good app";3;"female";"Nadi, Fiji";"2018-12-13";"neutro";"good app";-1;"neutro"
3813;"It hasn't been opening for a few days not. Have tried many times so it's not my connection";3;"female";"Port Moresby, Papua New Guinea";"2019-01-26";"neutro";"it hasn t been opening for a few days not have tried many times so it s not my connection";-1;"neutro"
3857;"MOM FLIP WOW";3;"female";"Queenstown, New Zealand";"2019-01-17";"neutro";"mom flip wow";-1;"neutro"
3861;"It's ok, missing quality of life features. Add songs/tracks to Playlist 1 by 1, each takes 4-5 button presses. Tedious. Cannot add album. Paying Go+ member, sometimes playlist of downloaded tracks just stops in between tracks - worse when I'm driving.";3;"female";"Perth, Australia";"2019-01-05";"neutro";"it s ok missing quality of life features add songs tracks to playlist by each takes button presses tedious cannot add album paying go member sometimes playlist of downloaded tracks just stops in between tracks worse when i m driving";-1;"neutro"
3864;"Soundcloud has been my go-to for a long time, but the ads are getting crazy. Two ads in a row now? Every other song? Limited library due to Soundcloud Go now as well.";3;"female";"Queenstown, New Zealand";"2019-01-02";"neutro";"soundcloud has been my go to for a long time but the ads are getting crazy two ads in a row now every other song limited library due to soundcloud go now as well";-1;"neutro"
3875;"Absolutely love soundcloud but there is one issue that keeps getting on my nerves lately: editing playlists. Everytime I edit playlists I have to individually click a song to delete that song from playlist. Which is annoying because I often listen to music already while editing and I have to switch the song. Just a delete from playlist button or smth.";3;"female";"Adelaide, Australia";"2019-07-28";"neutro";"absolutely love soundcloud but there is one issue that keeps getting on my nerves lately editing playlists everytime i edit playlists i have to individually click a song to delete that song from playlist which is annoying because i often listen to music already while editing and i have to switch the song just a delete from playlist button or smth";-1;"neutro"
3880;"errrm u need premium for most of the songs lwk";3;"female";"Christchurch, New Zealand";"2019-07-20";"neutro";"errrm u need premium for most of the songs lwk";-1;"neutro"
3881;"good";3;"female";"Christchurch, New Zealand";"2019-07-12";"neutro";"good";-1;"neutro"
3887;"Great service, enjoy having music to choose, listen to and setup my own playlists without having to make any in-app purchases. Totally Lit 🔥🔥 Wish there was more artists, and more complete lists of artist tracks and albums (often can't find a few songs or albums per artist). Other than that, wish the ads were shorter (Anything more than 20 seconds is too much). If the last two things were taken care of, I would change this to 5 stars.";3;"female";"Queenstown, New Zealand";"2018-12-29";"neutro";"great service enjoy having music to choose listen to and setup my own playlists without having to make any in app purchases totally lit wish there was more artists and more complete lists of artist tracks and albums often can t find a few songs or albums per artist other than that wish the ads were shorter anything more than seconds is too much if the last two things were taken care of i would change this to stars";-1;"neutro"
3893;"This app was fine until you people added adds TAKE THEM OFF. Also please make it online again. Apart from that the app is fine.";3;"female";"Christchurch, New Zealand";"2018-12-18";"neutro";"this app was fine until you people added adds take them off also please make it online again apart from that the app is fine";-1;"neutro"
